date,ticker,open,high,low,close,adj_close,volume,dividends,stock_splits
2020-01-02,AMZN,93.75,94.90049743652344,93.2074966430664,94.90049743652344,94.90049743652344,80580000.0,0.0,0.0
2020-01-03,AMZN,93.2249984741211,94.30999755859375,93.2249984741211,93.74849700927734,93.74849700927734,75288000.0,0.0,0.0
2020-01-06,AMZN,93.0,95.18450164794922,93.0,95.14399719238281,95.14399719238281,81236000.0,0.0,0.0
2020-01-07,AMZN,95.2249984741211,95.69450378417969,94.60199737548828,95.34300231933594,95.34300231933594,80898000.0,0.0,0.0
2020-01-08,AMZN,94.9020004272461,95.55000305175781,94.3219985961914,94.59850311279297,94.59850311279297,70160000.0,0.0,0.0
2020-01-09,AMZN,95.49449920654297,95.89099884033203,94.79000091552734,95.05249786376953,95.05249786376953,63346000.0,0.0,0.0
2020-01-10,AMZN,95.26850128173828,95.34700012207031,94.0,94.15799713134766,94.15799713134766,57074000.0,0.0,0.0
2020-01-13,AMZN,94.56549835205078,94.9000015258789,94.04000091552734,94.56500244140625,94.56500244140625,55616000.0,0.0,0.0
2020-01-14,AMZN,94.29399871826172,94.35549926757812,92.92749786376953,93.47200012207031,93.47200012207031,68818000.0,0.0,0.0
2020-01-15,AMZN,93.61250305175781,93.94300079345703,92.75450134277344,93.10099792480469,93.10099792480469,57932000.0,0.0,0.0
2020-01-16,AMZN,94.14949798583984,94.27950286865234,93.3010025024414,93.89700317382812,93.89700317382812,53190000.0,0.0,0.0
2020-01-17,AMZN,94.29450225830078,94.33200073242188,92.86250305175781,93.23600006103516,93.23600006103516,79946000.0,0.0,0.0
2020-01-21,AMZN,93.25,94.7135009765625,93.0,94.5999984741211,94.5999984741211,74156000.0,0.0,0.0
2020-01-22,AMZN,94.80449676513672,95.125,94.16699981689453,94.37300109863281,94.37300109863281,64326000.0,0.0,0.0
2020-01-23,AMZN,94.25550079345703,94.4990005493164,93.63800048828125,94.22899627685547,94.22899627685547,49692000.0,0.0,0.0
2020-01-24,AMZN,94.56849670410156,94.74949645996094,92.37200164794922,93.08200073242188,93.08200073242188,75324000.0,0.0,0.0
2020-01-27,AMZN,91.0,92.05000305175781,90.76699829101562,91.41699981689453,91.41699981689453,70570000.0,0.0,0.0
2020-01-28,AMZN,92.0250015258789,92.90550231933594,91.5009994506836,92.6624984741211,92.6624984741211,56160000.0,0.0,0.0
2020-01-29,AMZN,93.19999694824219,93.73750305175781,92.7509994506836,92.9000015258789,92.9000015258789,41760000.0,0.0,0.0
2020-01-30,AMZN,92.9000015258789,93.64350128173828,92.53050231933594,93.53399658203125,93.53399658203125,126548000.0,0.0,0.0
2020-01-31,AMZN,102.57350158691406,102.78600311279297,100.1135025024414,100.43599700927734,100.43599700927734,311346000.0,0.0,0.0
2020-02-03,AMZN,100.52999877929688,102.42500305175781,100.01249694824219,100.20999908447266,100.20999908447266,117834000.0,0.0,0.0
2020-02-04,AMZN,101.49400329589844,102.98999786376953,100.76850128173828,102.4834976196289,102.4834976196289,105786000.0,0.0,0.0
2020-02-05,AMZN,103.5510025024414,103.5510025024414,101.5999984741211,101.99349975585938,101.99349975585938,87524000.0,0.0,0.0
2020-02-06,AMZN,102.0510025024414,102.81500244140625,101.23999786376953,102.5114974975586,102.5114974975586,63660000.0,0.0,0.0
2020-02-07,AMZN,102.09950256347656,104.92649841308594,101.90499877929688,103.96399688720703,103.96399688720703,101906000.0,0.0,0.0
2020-02-10,AMZN,104.25050354003906,106.77999877929688,104.24800109863281,106.69550323486328,106.69550323486328,101124000.0,0.0,0.0
2020-02-11,AMZN,107.54499816894531,109.29750061035156,106.80000305175781,107.54000091552734,107.54000091552734,114920000.0,0.0,0.0
2020-02-12,AMZN,108.16000366210938,109.01249694824219,107.7645034790039,108.0,108.0,66686000.0,0.0,0.0
2020-02-13,AMZN,107.24949645996094,108.51399993896484,107.0999984741211,107.49349975585938,107.49349975585938,60636000.0,0.0,0.0
2020-02-14,AMZN,107.78399658203125,107.9520034790039,106.29450225830078,106.74349975585938,106.74349975585938,52124000.0,0.0,0.0
2020-02-18,AMZN,106.2509994506836,108.30349731445312,106.20549774169922,107.78350067138672,107.78350067138672,58912000.0,0.0,0.0
2020-02-19,AMZN,108.38999938964844,109.25499725341797,108.05599975585938,108.51100158691406,108.51100158691406,51224000.0,0.0,0.0
2020-02-20,AMZN,108.65350341796875,108.8395004272461,106.37249755859375,107.65499877929688,107.65499877929688,62626000.0,0.0,0.0
2020-02-21,AMZN,107.10749816894531,107.22750091552734,104.4000015258789,104.79850006103516,104.79850006103516,92926000.0,0.0,0.0
2020-02-24,AMZN,100.15899658203125,101.96499633789062,99.39849853515625,100.4645004272461,100.4645004272461,130940000.0,0.0,0.0
2020-02-25,AMZN,101.32099914550781,101.7300033569336,97.9209976196289,98.63700103759766,98.63700103759766,124382000.0,0.0,0.0
2020-02-26,AMZN,98.51399993896484,100.7334976196289,98.02249908447266,98.97949981689453,98.97949981689453,104492000.0,0.0,0.0
2020-02-27,AMZN,96.71900177001953,98.75,94.13800048828125,94.21499633789062,94.21499633789062,162880000.0,0.0,0.0
2020-02-28,AMZN,90.73149871826172,94.48799896240234,90.55650329589844,94.1875,94.1875,189620000.0,0.0,0.0
2020-03-02,AMZN,95.32450103759766,97.72550201416016,93.5,97.69750213623047,97.69750213623047,135234000.0,0.0,0.0
2020-03-03,AMZN,98.76850128173828,99.81649780273438,94.40450286865234,95.44950103759766,95.44950103759766,150690000.0,0.0,0.0
2020-03-04,AMZN,97.32849884033203,98.9000015258789,96.0999984741211,98.79149627685547,98.79149627685547,95458000.0,0.0,0.0
2020-03-05,AMZN,96.6500015258789,98.03600311279297,95.5,96.20149993896484,96.20149993896484,94964000.0,0.0,0.0
2020-03-06,AMZN,93.75,95.54350280761719,93.4749984741211,95.05449676513672,95.05449676513672,105472000.0,0.0,0.0
2020-03-09,AMZN,88.69300079345703,93.13849639892578,88.06449890136719,90.03050231933594,90.03050231933594,156264000.0,0.0,0.0
2020-03-10,AMZN,93.54399871826172,94.7135009765625,90.90850067138672,94.59100341796875,94.59100341796875,142666000.0,0.0,0.0
2020-03-11,AMZN,92.89250183105469,93.56600189208984,90.07499694824219,91.04299926757812,91.04299926757812,112496000.0,0.0,0.0
2020-03-12,AMZN,86.0989990234375,88.25,83.75,83.83049774169922,83.83049774169922,226924000.0,0.0,0.0
2020-03-13,AMZN,87.75,89.31549835205078,84.03099822998047,89.25,89.25,176194000.0,0.0,0.0
2020-03-16,AMZN,82.07550048828125,87.97250366210938,81.30149841308594,84.4574966430664,84.4574966430664,178346000.0,0.0,0.0
2020-03-17,AMZN,88.77349853515625,92.88899993896484,84.46199798583984,90.39199829101562,90.39199829101562,218342000.0,0.0,0.0
2020-03-18,AMZN,87.5,92.08300018310547,87.25,91.5,91.5,192904000.0,0.0,0.0
2020-03-19,AMZN,93.0,97.25,91.63249969482422,94.04650115966797,94.04650115966797,207998000.0,0.0,0.0
2020-03-20,AMZN,96.31549835205078,97.8499984741211,91.0364990234375,92.30449676513672,92.30449676513672,196358000.0,0.0,0.0
2020-03-23,AMZN,91.38749694824219,95.97000122070312,90.5999984741211,95.1415023803711,95.1415023803711,156170000.0,0.0,0.0
2020-03-24,AMZN,97.57499694824219,97.75,95.01699829101562,97.00499725341797,97.00499725341797,142942000.0,0.0,0.0
2020-03-25,AMZN,96.03450012207031,97.51300048828125,94.28900146484375,94.29199981689453,94.29199981689453,129582000.0,0.0,0.0
2020-03-26,AMZN,95.0999984741211,97.82450103759766,94.4645004272461,97.77449798583984,97.77449798583984,124426000.0,0.0,0.0
2020-03-27,AMZN,96.54299926757812,96.989501953125,94.99600219726562,95.00499725341797,95.00499725341797,107758000.0,0.0,0.0
2020-03-30,AMZN,96.1415023803711,98.68150329589844,95.61699676513672,98.19750213623047,98.19750213623047,122522000.0,0.0,0.0
2020-03-31,AMZN,98.21749877929688,99.6510009765625,97.20050048828125,97.48600006103516,97.48600006103516,102472000.0,0.0,0.0
2020-04-01,AMZN,96.64849853515625,97.24800109863281,94.6500015258789,95.38500213623047,95.38500213623047,82438000.0,0.0,0.0
2020-04-02,AMZN,95.08200073242188,96.37650299072266,94.5,95.94149780273438,95.94149780273438,86720000.0,0.0,0.0
2020-04-03,AMZN,95.55750274658203,96.31649780273438,94.4574966430664,95.32949829101562,95.32949829101562,72198000.0,0.0,0.0
2020-04-06,AMZN,96.80000305175781,99.9260025024414,96.5009994506836,99.87950134277344,99.87950134277344,115464000.0,0.0,0.0
2020-04-07,AMZN,100.85549926757812,101.78600311279297,99.88099670410156,100.58000183105469,100.58000183105469,102280000.0,0.0,0.0
2020-04-08,AMZN,101.05000305175781,102.19999694824219,100.55750274658203,102.1500015258789,102.1500015258789,79546000.0,0.0,0.0
2020-04-09,AMZN,102.21499633789062,102.6500015258789,100.88300323486328,102.13800048828125,102.13800048828125,92930000.0,0.0,0.0
2020-04-13,AMZN,102.0,109.0,101.9000015258789,108.44349670410156,108.44349670410156,134334000.0,0.0,0.0
2020-04-14,AMZN,110.02349853515625,114.5999984741211,109.31050109863281,114.16600036621094,114.16600036621094,161744000.0,0.0,0.0
2020-04-15,AMZN,112.88400268554688,116.66850280761719,112.25,115.38400268554688,115.38400268554688,137332000.0,0.0,0.0
2020-04-16,AMZN,117.30000305175781,123.05000305175781,116.75,120.40950012207031,120.40950012207031,240764000.0,0.0,0.0
2020-04-17,AMZN,118.61650085449219,120.0,115.8010025024414,118.75,118.75,158600000.0,0.0,0.0
2020-04-20,AMZN,119.49749755859375,122.2490005493164,119.30249786376953,119.68049621582031,119.68049621582031,115414000.0,0.0,0.0
2020-04-21,AMZN,120.83049774169922,121.41549682617188,113.98300170898438,116.40599822998047,116.40599822998047,149534000.0,0.0,0.0
2020-04-22,AMZN,118.44999694824219,119.69999694824219,117.55000305175781,118.17449951171875,118.17449951171875,84244000.0,0.0,0.0
2020-04-23,AMZN,119.9990005493164,121.21099853515625,119.10399627685547,119.97250366210938,119.97250366210938,101332000.0,0.0,0.0
2020-04-24,AMZN,120.8499984741211,121.02149963378906,119.0999984741211,120.51100158691406,120.51100158691406,76498000.0,0.0,0.0
2020-04-27,AMZN,122.16000366210938,122.24400329589844,118.1500015258789,118.80000305175781,118.80000305175781,112912000.0,0.0,0.0
2020-04-28,AMZN,118.6050033569336,118.67500305175781,115.30000305175781,115.7040023803711,115.7040023803711,105388000.0,0.0,0.0
2020-04-29,AMZN,116.50050354003906,119.59449768066406,115.5,118.635498046875,118.635498046875,91832000.0,0.0,0.0
2020-04-30,AMZN,120.99199676513672,123.75,119.80049896240234,123.69999694824219,123.69999694824219,190692000.0,0.0,0.0
2020-05-01,AMZN,116.83999633789062,118.12200164794922,112.90950012207031,114.302001953125,114.302001953125,195452000.0,0.0,0.0
2020-05-04,AMZN,112.81900024414062,116.3489990234375,112.81900024414062,115.79949951171875,115.79949951171875,97318000.0,0.0,0.0
2020-05-05,AMZN,117.0,117.55000305175781,115.35649871826172,115.88999938964844,115.88999938964844,64850000.0,0.0,0.0
2020-05-06,AMZN,116.47200012207031,117.87249755859375,116.0,117.56300354003906,117.56300354003906,62356000.0,0.0,0.0
2020-05-07,AMZN,118.73899841308594,118.80000305175781,117.15550231933594,118.38050079345703,118.38050079345703,67928000.0,0.0,0.0
2020-05-08,AMZN,118.60700225830078,119.36199951171875,117.8499984741211,118.98049926757812,118.98049926757812,64132000.0,0.0,0.0
2020-05-11,AMZN,118.73500061035156,120.9834976196289,118.60549926757812,120.44999694824219,120.44999694824219,65184000.0,0.0,0.0
2020-05-12,AMZN,120.59249877929688,120.94999694824219,117.75,117.84750366210938,117.84750366210938,61498000.0,0.0,0.0
2020-05-13,AMZN,118.33999633789062,120.38500213623047,116.88999938964844,118.39600372314453,118.39600372314453,95658000.0,0.0,0.0
2020-05-14,AMZN,118.05049896240234,119.56849670410156,117.6604995727539,119.44249725341797,119.44249725341797,72962000.0,0.0,0.0
2020-05-15,AMZN,118.4260025024414,120.55000305175781,117.81849670410156,120.48899841308594,120.48899841308594,84700000.0,0.0,0.0
2020-05-18,AMZN,120.21749877929688,121.6500015258789,119.20050048828125,121.31300354003906,121.31300354003906,87144000.0,0.0,0.0
2020-05-19,AMZN,121.49150085449219,124.25,121.44850158691406,122.46649932861328,122.46649932861328,86410000.0,0.0,0.0
2020-05-20,AMZN,123.89350128173828,125.00050354003906,123.3635025024414,124.89700317382812,124.89700317382812,79962000.0,0.0,0.0
2020-05-21,AMZN,125.0,126.27249908447266,122.12699890136719,122.33699798583984,122.33699798583984,102288000.0,0.0,0.0
2020-05-22,AMZN,122.75050354003906,123.49250030517578,121.50650024414062,121.84400177001953,121.84400177001953,57342000.0,0.0,0.0
2020-05-26,AMZN,122.9000015258789,123.0999984741211,120.7030029296875,121.09300231933594,121.09300231933594,71364000.0,0.0,0.0
2020-05-27,AMZN,120.24949645996094,120.67900085449219,116.5,120.51950073242188,120.51950073242188,101138000.0,0.0,0.0
2020-05-28,AMZN,119.21649932861328,121.84850311279297,118.9114990234375,120.05500030517578,120.05500030517578,63804000.0,0.0,0.0
2020-05-29,AMZN,120.7969970703125,122.11849975585938,119.91000366210938,122.11849975585938,122.11849975585938,70198000.0,0.0,0.0
2020-06-01,AMZN,122.4000015258789,123.84649658203125,122.20850372314453,123.552001953125,123.552001953125,58578000.0,0.0,0.0
2020-06-02,AMZN,123.3499984741211,123.67649841308594,122.2655029296875,123.62049865722656,123.62049865722656,50598000.0,0.0,0.0
2020-06-03,AMZN,123.40049743652344,124.4000015258789,123.05850219726562,123.91999816894531,123.91999816894531,53420000.0,0.0,0.0
2020-06-04,AMZN,123.87149810791016,125.37699890136719,122.50050354003906,123.02999877929688,123.02999877929688,58974000.0,0.0,0.0
2020-06-05,AMZN,122.22550201416016,124.43250274658203,121.85649871826172,124.1500015258789,124.1500015258789,66128000.0,0.0,0.0
2020-06-08,AMZN,125.01000213623047,126.5,124.36699676513672,126.2030029296875,126.2030029296875,79414000.0,0.0,0.0
2020-06-09,AMZN,126.47200012207031,131.32150268554688,126.25,130.04299926757812,130.04299926757812,103520000.0,0.0,0.0
2020-06-10,AMZN,132.25,136.11749267578125,131.31300354003906,132.37249755859375,132.37249755859375,98920000.0,0.0,0.0
2020-06-11,AMZN,130.1750030517578,133.56900024414062,126.8115005493164,127.89800262451172,127.89800262451172,116002000.0,0.0,0.0
2020-06-12,AMZN,130.0605010986328,131.07400512695312,125.1675033569336,127.2509994506836,127.2509994506836,108722000.0,0.0,0.0
2020-06-15,AMZN,126.33000183105469,129.1999969482422,125.4000015258789,128.63400268554688,128.63400268554688,77302000.0,0.0,0.0
2020-06-16,AMZN,131.0,131.0,128.8000030517578,130.7635040283203,130.7635040283203,71712000.0,0.0,0.0
2020-06-17,AMZN,132.375,132.75,131.59100341796875,132.0489959716797,132.0489959716797,59186000.0,0.0,0.0
2020-06-18,AMZN,132.35049438476562,132.98199462890625,131.8054962158203,132.69900512695312,132.69900512695312,49756000.0,0.0,0.0
2020-06-19,AMZN,133.9040069580078,134.8715057373047,132.9499969482422,133.75050354003906,133.75050354003906,115540000.0,0.0,0.0
2020-06-22,AMZN,134.22500610351562,135.75,133.4499969482422,135.6909942626953,135.6909942626953,64176000.0,0.0,0.0
2020-06-23,AMZN,136.30099487304688,139.15550231933594,135.90199279785156,138.2205047607422,138.2205047607422,84634000.0,0.0,0.0
2020-06-24,AMZN,139.0,139.8000030517578,136.0500030517578,136.72000122070312,136.72000122070312,90532000.0,0.0,0.0
2020-06-25,AMZN,136.9774932861328,137.81149291992188,135.60699462890625,137.72900390625,137.72900390625,59374000.0,0.0,0.0
2020-06-26,AMZN,138.7530059814453,139.1284942626953,134.39999389648438,134.64349365234375,134.64349365234375,130016000.0,0.0,0.0
2020-06-29,AMZN,134.50050354003906,134.83999633789062,131.50399780273438,134.0189971923828,134.0189971923828,84468000.0,0.0,0.0
2020-06-30,AMZN,134.2534942626953,138.48150634765625,133.75149536132812,137.9409942626953,137.9409942626953,75394000.0,0.0,0.0
2020-07-01,AMZN,137.89950561523438,144.75,137.6999969482422,143.93499755859375,143.93499755859375,127268000.0,0.0,0.0
2020-07-02,AMZN,145.60049438476562,147.7779998779297,143.55499267578125,144.51499938964844,144.51499938964844,131868000.0,0.0,0.0
2020-07-06,AMZN,146.74850463867188,152.99400329589844,146.5,152.8520050048828,152.8520050048828,137612000.0,0.0,0.0
2020-07-07,AMZN,152.92750549316406,153.4774932861328,149.5,150.00599670410156,150.00599670410156,105150000.0,0.0,0.0
2020-07-08,AMZN,151.1304931640625,154.19850158691406,150.6215057373047,154.0554962158203,154.0554962158203,100752000.0,0.0,0.0
2020-07-09,AMZN,155.79949951171875,159.69400024414062,153.6999969482422,159.13150024414062,159.13150024414062,127774000.0,0.0,0.0
2020-07-10,AMZN,159.58799743652344,160.75,156.78500366210938,160.0,160.0,109720000.0,0.0,0.0
2020-07-13,AMZN,162.55299377441406,167.21449279785156,153.41949462890625,155.1999969482422,155.1999969482422,154408000.0,0.0,0.0
2020-07-14,AMZN,154.4499969482422,156.36900329589844,147.5,154.1999969482422,154.1999969482422,144638000.0,0.0,0.0
2020-07-15,AMZN,154.01150512695312,154.91749572753906,148.65899658203125,150.44349670410156,150.44349670410156,115778000.0,0.0,0.0
2020-07-16,AMZN,148.55299377441406,151.60000610351562,145.9114990234375,149.9949951171875,149.9949951171875,127884000.0,0.0,0.0
2020-07-17,AMZN,150.4499969482422,151.1999969482422,147.42250061035156,148.09849548339844,148.09849548339844,95226000.0,0.0,0.0
2020-07-20,AMZN,150.00999450683594,160.0679931640625,149.7010040283203,159.8419952392578,159.8419952392578,151964000.0,0.0,0.0
2020-07-21,AMZN,161.62449645996094,162.0290069580078,155.28599548339844,156.9145050048828,156.9145050048828,122426000.0,0.0,0.0
2020-07-22,AMZN,156.25,157.5,153.26300048828125,154.99549865722656,154.99549865722656,82084000.0,0.0,0.0
2020-07-23,AMZN,154.9134979248047,154.9134979248047,148.5,149.32749938964844,149.32749938964844,113138000.0,0.0,0.0
2020-07-24,AMZN,146.5,151.57899475097656,144.39999389648438,150.44549560546875,150.44549560546875,112648000.0,0.0,0.0
2020-07-27,AMZN,153.10000610351562,154.89999389648438,150.7884979248047,152.760498046875,152.760498046875,83410000.0,0.0,0.0
2020-07-28,AMZN,152.7135009765625,153.85450744628906,149.78799438476562,150.01649475097656,150.01649475097656,62534000.0,0.0,0.0
2020-07-29,AMZN,151.54949951171875,151.95799255371094,149.8385009765625,151.67649841308594,151.67649841308594,59482000.0,0.0,0.0
2020-07-30,AMZN,150.6999969482422,154.60000610351562,150.25,152.593994140625,152.593994140625,122566000.0,0.0,0.0
2020-07-31,AMZN,162.1999969482422,162.34100341796875,157.5500030517578,158.23399353027344,158.23399353027344,161710000.0,0.0,0.0
2020-08-03,AMZN,159.02549743652344,159.1999969482422,155.1999969482422,155.59449768066406,155.59449768066406,101494000.0,0.0,0.0
2020-08-04,AMZN,155.0605010986328,158.36199951171875,155.0605010986328,156.94149780273438,156.94149780273438,93886000.0,0.0,0.0
2020-08-05,AMZN,157.18850708007812,160.67950439453125,156.36500549316406,160.25149536132812,160.25149536132812,78330000.0,0.0,0.0
2020-08-06,AMZN,159.71800231933594,162.37350463867188,158.27149963378906,161.25,161.25,78812000.0,0.0,0.0
2020-08-07,AMZN,161.20050048828125,162.04049682617188,157.0334930419922,158.3730010986328,158.3730010986328,78722000.0,0.0,0.0
2020-08-10,AMZN,158.5155029296875,158.62550354003906,155.0760040283203,157.4080047607422,157.4080047607422,63346000.0,0.0,0.0
2020-08-11,AMZN,155.66000366210938,157.96099853515625,153.64999389648438,154.0334930419922,154.0334930419922,74362000.0,0.0,0.0
2020-08-12,AMZN,155.39999389648438,158.71949768066406,155.0709991455078,158.11199951171875,158.11199951171875,70442000.0,0.0,0.0
2020-08-13,AMZN,159.14950561523438,160.87600708007812,157.75,158.05099487304688,158.05099487304688,62980000.0,0.0,0.0
2020-08-14,AMZN,158.90899658203125,158.91200256347656,156.0,157.4010009765625,157.4010009765625,55034000.0,0.0,0.0
2020-08-17,AMZN,158.656005859375,159.74850463867188,157.70899963378906,159.12049865722656,159.12049865722656,53824000.0,0.0,0.0
2020-08-18,AMZN,160.60000610351562,166.0,160.29100036621094,165.62449645996094,165.62449645996094,106920000.0,0.0,0.0
2020-08-19,AMZN,165.15049743652344,165.7949981689453,162.8000030517578,163.0240020751953,163.0240020751953,83702000.0,0.0,0.0
2020-08-20,AMZN,162.60000610351562,165.63099670410156,161.89999389648438,164.86849975585938,164.86849975585938,66650000.0,0.0,0.0
2020-08-21,AMZN,164.75,165.72000122070312,163.76950073242188,164.23599243164062,164.23599243164062,71518000.0,0.0,0.0
2020-08-24,AMZN,165.50750732421875,169.01600646972656,162.8780059814453,165.3730010986328,165.3730010986328,93326000.0,0.0,0.0
2020-08-25,AMZN,164.74949645996094,167.8699951171875,163.35000610351562,167.32449340820312,167.32449340820312,79856000.0,0.0,0.0
2020-08-26,AMZN,167.5554962158203,172.58700561523438,167.22850036621094,172.09249877929688,172.09249877929688,130174000.0,0.0,0.0
2020-08-27,AMZN,172.50250244140625,172.64999389648438,168.89999389648438,170.0,170.0,85296000.0,0.0,0.0
2020-08-28,AMZN,171.14999389648438,171.6685028076172,169.3249969482422,170.08999633789062,170.08999633789062,57940000.0,0.0,0.0
2020-08-31,AMZN,170.44949340820312,174.75,170.25,172.54800415039062,172.54800415039062,83718000.0,0.0,0.0
2020-09-01,AMZN,174.47900390625,175.69349670410156,173.35000610351562,174.95599365234375,174.95599365234375,68644000.0,0.0,0.0
2020-09-02,AMZN,177.35000610351562,177.6125030517578,174.33450317382812,176.57249450683594,176.57249450683594,78630000.0,0.0,0.0
2020-09-03,AMZN,174.25,174.42050170898438,165.14999389648438,168.39999389648438,168.39999389648438,163222000.0,0.0,0.0
2020-09-04,AMZN,165.89999389648438,169.0749969482422,155.55650329589844,164.7310028076172,164.7310028076172,175636000.0,0.0,0.0
2020-09-08,AMZN,157.1999969482422,162.54249572753906,156.5,157.49200439453125,157.49200439453125,121884000.0,0.0,0.0
2020-09-09,AMZN,160.14950561523438,165.15899658203125,159.25,163.4304962158203,163.4304962158203,103774000.0,0.0,0.0
2020-09-10,AMZN,165.36099243164062,167.4945068359375,158.52749633789062,158.7554931640625,158.7554931640625,106614000.0,0.0,0.0
2020-09-11,AMZN,160.4344940185547,160.86700439453125,154.19900512695312,155.81100463867188,155.81100463867188,101880000.0,0.0,0.0
2020-09-14,AMZN,158.64700317382812,159.3695068359375,154.8000030517578,155.14849853515625,155.14849853515625,90592000.0,0.0,0.0
2020-09-15,AMZN,156.80799865722656,158.75100708007812,155.4459991455078,157.80650329589844,157.80650329589844,80430000.0,0.0,0.0
2020-09-16,AMZN,158.99949645996094,159.36199951171875,153.70750427246094,153.90499877929688,153.90499877929688,90244000.0,0.0,0.0
2020-09-17,AMZN,150.46249389648438,151.47149658203125,148.62750244140625,150.43649291992188,150.43649291992188,128982000.0,0.0,0.0
2020-09-18,AMZN,151.58700561523438,151.88999938964844,145.27699279785156,147.74549865722656,147.74549865722656,177852000.0,0.0,0.0
2020-09-21,AMZN,145.3249969482422,148.10000610351562,143.5500030517578,148.02349853515625,148.02349853515625,122358000.0,0.0,0.0
2020-09-22,AMZN,151.69200134277344,156.69949340820312,150.00999450683594,156.44949340820312,156.44949340820312,138976000.0,0.0,0.0
2020-09-23,AMZN,156.02149963378906,156.35000610351562,149.61900329589844,149.9929962158203,149.9929962158203,113054000.0,0.0,0.0
2020-09-24,AMZN,148.88949584960938,153.46499633789062,148.25,150.989501953125,150.989501953125,110588000.0,0.0,0.0
2020-09-25,AMZN,152.7429962158203,155.07699584960938,149.9499969482422,154.75650024414062,154.75650024414062,92304000.0,0.0,0.0
2020-09-28,AMZN,157.4425048828125,158.7519989013672,155.85850524902344,158.70249938964844,158.70249938964844,84484000.0,0.0,0.0
2020-09-29,AMZN,158.76950073242188,159.41299438476562,156.6269989013672,157.24400329589844,157.24400329589844,69916000.0,0.0,0.0
2020-09-30,AMZN,157.0570068359375,160.6439971923828,156.69949340820312,157.43649291992188,157.43649291992188,97922000.0,0.0,0.0
2020-10-01,AMZN,160.39999389648438,161.1999969482422,158.60000610351562,161.06300354003906,161.06300354003906,99438000.0,0.0,0.0
2020-10-02,AMZN,157.68150329589844,159.7899932861328,156.14999389648438,156.25,156.25,112262000.0,0.0,0.0
2020-10-05,AMZN,157.29200744628906,160.12649536132812,157.04249572753906,159.9600067138672,159.9600067138672,75506000.0,0.0,0.0
2020-10-06,AMZN,158.25,159.10000610351562,154.5,154.9980010986328,154.9980010986328,101738000.0,0.0,0.0
2020-10-07,AMZN,156.75,160.0,156.6195068359375,159.7845001220703,159.7845001220703,86188000.0,0.0,0.0
2020-10-08,AMZN,161.24949645996094,161.6645050048828,158.74949645996094,159.52749633789062,159.52749633789062,63482000.0,0.0,0.0
2020-10-09,AMZN,160.5,164.44949340820312,159.89149475097656,164.33250427246094,164.33250427246094,98158000.0,0.0,0.0
2020-10-12,AMZN,167.4969940185547,174.81199645996094,166.9774932861328,172.14649963378906,172.14649963378906,167284000.0,0.0,0.0
2020-10-13,AMZN,173.39950561523438,174.61900329589844,171.21099853515625,172.18150329589844,172.18150329589844,114894000.0,0.0,0.0
2020-10-14,AMZN,172.35000610351562,173.24400329589844,167.0,168.1855010986328,168.1855010986328,116254000.0,0.0,0.0
2020-10-15,AMZN,164.60049438476562,167.79400634765625,164.0,166.9324951171875,166.9324951171875,104468000.0,0.0,0.0
2020-10-16,AMZN,168.1614990234375,169.98300170898438,158.0,163.635498046875,163.635498046875,129488000.0,0.0,0.0
2020-10-19,AMZN,164.98049926757812,166.4499969482422,159.63699340820312,160.36050415039062,160.36050415039062,104472000.0,0.0,0.0
2020-10-20,AMZN,161.11399841308594,163.3000030517578,159.60049438476562,160.85049438476562,160.85049438476562,90194000.0,0.0,0.0
2020-10-21,AMZN,160.625,161.69400024414062,158.0,159.2469940185547,159.2469940185547,91854000.0,0.0,0.0
2020-10-22,AMZN,159.49349975585938,159.9375,156.0970001220703,158.82000732421875,158.82000732421875,84240000.0,0.0,0.0
2020-10-23,AMZN,159.5500030517578,160.26649475097656,157.0,160.22000122070312,160.22000122070312,69334000.0,0.0,0.0
2020-10-26,AMZN,159.93699645996094,164.1490020751953,157.6649932861328,160.3520050048828,160.3520050048828,118024000.0,0.0,0.0
2020-10-27,AMZN,161.2469940185547,164.58299255371094,160.56500244140625,164.31649780273438,164.31649780273438,85820000.0,0.0,0.0
2020-10-28,AMZN,162.46499633789062,163.2010040283203,158.12350463867188,158.13900756835938,158.13900756835938,111766000.0,0.0,0.0
2020-10-29,AMZN,160.06350708007812,162.8625030517578,158.1999969482422,160.55050659179688,160.55050659179688,131930000.0,0.0,0.0
2020-10-30,AMZN,157.8874969482422,158.35000610351562,150.9499969482422,151.8074951171875,151.8074951171875,167728000.0,0.0,0.0
2020-11-02,AMZN,153.08700561523438,153.98550415039062,147.50599670410156,150.2239990234375,150.2239990234375,145148000.0,0.0,0.0
2020-11-03,AMZN,150.92649841308594,153.7449951171875,149.0489959716797,152.42050170898438,152.42050170898438,97958000.0,0.0,0.0
2020-11-04,AMZN,157.99949645996094,162.24249267578125,156.9864959716797,162.05799865722656,162.05799865722656,136780000.0,0.0,0.0
2020-11-05,AMZN,165.99850463867188,168.33999633789062,164.44400024414062,166.10000610351562,166.10000610351562,115786000.0,0.0,0.0
2020-11-06,AMZN,165.23199462890625,166.10000610351562,161.60000610351562,165.56849670410156,165.56849670410156,92946000.0,0.0,0.0
2020-11-09,AMZN,161.55149841308594,164.4499969482422,155.60549926757812,157.18699645996094,157.18699645996094,143808000.0,0.0,0.0
2020-11-10,AMZN,154.75100708007812,155.6999969482422,150.9739990234375,151.75100708007812,151.75100708007812,131820000.0,0.0,0.0
2020-11-11,AMZN,153.08900451660156,156.95750427246094,152.5,156.8695068359375,156.8695068359375,87338000.0,0.0,0.0
2020-11-12,AMZN,157.99749755859375,158.79400634765625,154.30250549316406,155.51400756835938,155.51400756835938,87240000.0,0.0,0.0
2020-11-13,AMZN,156.10000610351562,157.08599853515625,154.26950073242188,156.4405059814453,156.4405059814453,75124000.0,0.0,0.0
2020-11-16,AMZN,154.66000366210938,157.13499450683594,153.63450622558594,156.55299377441406,156.55299377441406,76174000.0,0.0,0.0
2020-11-17,AMZN,159.177001953125,159.46249389648438,156.76300048828125,156.7830047607422,156.7830047607422,68894000.0,0.0,0.0
2020-11-18,AMZN,156.6999969482422,157.0,155.2550048828125,155.2729949951172,155.2729949951172,58336000.0,0.0,0.0
2020-11-19,AMZN,155.2655029296875,156.25,154.04600524902344,155.8509979248047,155.8509979248047,60206000.0,0.0,0.0
2020-11-20,AMZN,155.8509979248047,156.64450073242188,154.90249633789062,154.97000122070312,154.97000122070312,67488000.0,0.0,0.0
2020-11-23,AMZN,155.8350067138672,156.9875030517578,153.2729949951172,154.91949462890625,154.91949462890625,94178000.0,0.0,0.0
2020-11-24,AMZN,155.02499389648438,156.71249389648438,154.31300354003906,155.9029998779297,155.9029998779297,72042000.0,0.0,0.0
2020-11-25,AMZN,157.093505859375,159.89999389648438,157.01300048828125,159.2534942626953,159.2534942626953,75808000.0,0.0,0.0
2020-11-27,AMZN,160.56300354003906,160.8094940185547,159.50250244140625,159.76699829101562,159.76699829101562,47858000.0,0.0,0.0
2020-11-30,AMZN,160.4239959716797,161.41949462890625,156.27749633789062,158.40199279785156,158.40199279785156,81278000.0,0.0,0.0
2020-12-01,AMZN,159.4250030517578,162.44749450683594,157.85899353027344,161.00399780273438,161.00399780273438,90740000.0,0.0,0.0
2020-12-02,AMZN,161.08250427246094,161.60000610351562,158.66299438476562,160.17649841308594,160.17649841308594,62586000.0,0.0,0.0
2020-12-03,AMZN,160.2729949951172,161.4320068359375,159.0655059814453,159.3365020751953,159.3365020751953,57840000.0,0.0,0.0
2020-12-04,AMZN,159.91050720214844,159.91050720214844,157.93800354003906,158.12899780273438,158.12899780273438,58272000.0,0.0,0.0
2020-12-07,AMZN,157.82400512695312,159.03799438476562,157.08450317382812,157.89999389648438,157.89999389648438,55026000.0,0.0,0.0
2020-12-08,AMZN,157.94500732421875,159.2064971923828,156.00100708007812,158.864501953125,158.864501953125,65726000.0,0.0,0.0
2020-12-09,AMZN,158.39450073242188,158.72149658203125,154.39999389648438,155.2100067138672,155.2100067138672,82016000.0,0.0,0.0
2020-12-10,AMZN,154.44949340820312,157.10499572753906,153.8000030517578,155.07449340820312,155.07449340820312,60604000.0,0.0,0.0
2020-12-11,AMZN,154.83299255371094,155.93350219726562,153.64100646972656,155.8209991455078,155.8209991455078,61294000.0,0.0,0.0
2020-12-14,AMZN,157.14999389648438,159.52349853515625,156.3000030517578,157.84849548339844,157.84849548339844,83116000.0,0.0,0.0
2020-12-15,AMZN,159.05050659179688,159.4250030517578,156.52450561523438,158.25599670410156,158.25599670410156,66390000.0,0.0,0.0
2020-12-16,AMZN,158.80050659179688,162.35000610351562,158.1840057373047,162.04800415039062,162.04800415039062,88552000.0,0.0,0.0
2020-12-17,AMZN,162.5,163.17550659179688,161.0500030517578,161.8040008544922,161.8040008544922,69486000.0,0.0,0.0
2020-12-18,AMZN,162.19949340820312,162.4709930419922,158.5800018310547,160.08250427246094,160.08250427246094,119914000.0,0.0,0.0
2020-12-21,AMZN,160.00050354003906,161.34849548339844,158.3000030517578,160.3090057373047,160.3090057373047,76736000.0,0.0,0.0
2020-12-22,AMZN,160.14199829101562,161.10000610351562,159.00399780273438,160.3260040283203,160.3260040283203,47388000.0,0.0,0.0
2020-12-23,AMZN,160.25,160.50650024414062,159.20849609375,159.2635040283203,159.2635040283203,41876000.0,0.0,0.0
2020-12-24,AMZN,159.69500732421875,160.10000610351562,158.4499969482422,158.63450622558594,158.63450622558594,29038000.0,0.0,0.0
2020-12-28,AMZN,159.6999969482422,165.1999969482422,158.63450622558594,164.197998046875,164.197998046875,113736000.0,0.0,0.0
2020-12-29,AMZN,165.4969940185547,167.53250122070312,164.06100463867188,166.10000610351562,166.10000610351562,97458000.0,0.0,0.0
2020-12-30,AMZN,167.0500030517578,167.10499572753906,164.12350463867188,164.29249572753906,164.29249572753906,64186000.0,0.0,0.0
2020-12-31,AMZN,163.75,164.14599609375,162.05999755859375,162.84649658203125,162.84649658203125,59144000.0,0.0,0.0
2021-01-04,AMZN,163.5,163.60000610351562,157.2010040283203,159.3314971923828,159.3314971923828,88228000.0,0.0,0.0
2021-01-05,AMZN,158.30050659179688,161.16900634765625,158.2530059814453,160.92550659179688,160.92550659179688,53110000.0,0.0,0.0
2021-01-06,AMZN,157.32400512695312,159.87550354003906,156.55799865722656,156.91900634765625,156.91900634765625,87896000.0,0.0,0.0
2021-01-07,AMZN,157.85000610351562,160.427001953125,157.75,158.10800170898438,158.10800170898438,70290000.0,0.0,0.0
2021-01-08,AMZN,159.0,159.53199768066406,157.11000061035156,159.13499450683594,159.13499450683594,70754000.0,0.0,0.0
2021-01-11,AMZN,157.40049743652344,157.81900024414062,155.5,155.7104949951172,155.7104949951172,73668000.0,0.0,0.0
2021-01-12,AMZN,156.0,157.10699462890625,154.3000030517578,156.04150390625,156.04150390625,70292000.0,0.0,0.0
2021-01-13,AMZN,156.4219970703125,159.49749755859375,156.10400390625,158.29449462890625,158.29449462890625,66424000.0,0.0,0.0
2021-01-14,AMZN,158.37600708007812,158.89999389648438,156.0294952392578,156.37350463867188,156.37350463867188,61418000.0,0.0,0.0
2021-01-15,AMZN,156.1510009765625,157.12750244140625,154.7584991455078,155.21249389648438,155.21249389648438,84880000.0,0.0,0.0
2021-01-19,AMZN,155.35000610351562,157.25,154.8000030517578,156.03799438476562,156.03799438476562,66102000.0,0.0,0.0
2021-01-20,AMZN,159.09950256347656,163.99000549316406,158.75,163.16900634765625,163.16900634765625,106196000.0,0.0,0.0
2021-01-21,AMZN,164.64999389648438,167.42750549316406,164.47850036621094,165.34950256347656,165.34950256347656,98722000.0,0.0,0.0
2021-01-22,AMZN,165.2154998779297,166.0955047607422,164.1580047607422,164.6114959716797,164.6114959716797,56438000.0,0.0,0.0
2021-01-25,AMZN,166.4250030517578,168.1945037841797,162.15750122070312,164.6999969482422,164.6999969482422,74996000.0,0.0,0.0
2021-01-26,AMZN,164.8179931640625,166.89999389648438,164.14349365234375,166.30650329589844,166.30650329589844,59104000.0,0.0,0.0
2021-01-27,AMZN,167.07449340820312,167.3260040283203,160.35400390625,161.62899780273438,161.62899780273438,93204000.0,0.0,0.0
2021-01-28,AMZN,161.7519989013672,165.08399963378906,161.4344940185547,161.88099670410156,161.88099670410156,62984000.0,0.0,0.0
2021-01-29,AMZN,161.5,161.84950256347656,159.2274932861328,160.30999755859375,160.30999755859375,85872000.0,0.0,0.0
2021-02-01,AMZN,162.1179962158203,167.51300048828125,161.75149536132812,167.1439971923828,167.1439971923828,83204000.0,0.0,0.0
2021-02-02,AMZN,169.0,171.38699340820312,168.05650329589844,169.0,169.0,141972000.0,0.0,0.0
2021-02-03,AMZN,171.25050354003906,171.6999969482422,165.43099975585938,165.62649536132812,165.62649536132812,141776000.0,0.0,0.0
2021-02-04,AMZN,166.5,167.35000610351562,163.8874969482422,166.5500030517578,166.5500030517578,73414000.0,0.0,0.0
2021-02-05,AMZN,165.9499969482422,168.85000610351562,165.135498046875,167.6074981689453,167.6074981689453,72416000.0,0.0,0.0
2021-02-08,AMZN,167.9250030517578,168.25,165.1999969482422,166.14700317382812,166.14700317382812,65148000.0,0.0,0.0
2021-02-09,AMZN,165.62449645996094,166.89999389648438,164.89199829101562,165.25,165.25,44070000.0,0.0,0.0
2021-02-10,AMZN,165.6999969482422,165.8975067138672,162.6999969482422,164.32899475097656,164.32899475097656,63032000.0,0.0,0.0
2021-02-11,AMZN,164.60000610351562,164.60000610351562,162.4029998779297,163.10650634765625,163.10650634765625,46028000.0,0.0,0.0
2021-02-12,AMZN,162.5,164.0124969482422,161.66549682617188,163.885498046875,163.885498046875,46706000.0,0.0,0.0
2021-02-16,AMZN,162.70249938964844,165.4149932861328,162.67950439453125,163.44749450683594,163.44749450683594,51494000.0,0.0,0.0
2021-02-17,AMZN,163.17999267578125,166.04550170898438,162.97500610351562,165.4320068359375,165.4320068359375,65950000.0,0.0,0.0
2021-02-18,AMZN,164.12100219726562,166.89999389648438,163.69700622558594,166.4114990234375,166.4114990234375,60548000.0,0.0,0.0
2021-02-19,AMZN,166.4114990234375,166.6750030517578,162.28750610351562,162.4949951171875,162.4949951171875,86104000.0,0.0,0.0
2021-02-22,AMZN,160.406494140625,161.61599731445312,158.61300659179688,159.03700256347656,159.03700256347656,70314000.0,0.0,0.0
2021-02-23,AMZN,156.35150146484375,160.2364959716797,154.67999267578125,159.72500610351562,159.72500610351562,93544000.0,0.0,0.0
2021-02-24,AMZN,158.33749389648438,158.56149291992188,156.2689971923828,157.97650146484375,157.97650146484375,60226000.0,0.0,0.0
2021-02-25,AMZN,156.83700561523438,158.91299438476562,152.38800048828125,152.85800170898438,152.85800170898438,90676000.0,0.0,0.0
2021-02-26,AMZN,154.75999450683594,156.1219940185547,151.8350067138672,154.64649963378906,154.64649963378906,85518000.0,0.0,0.0
2021-03-01,AMZN,156.39450073242188,157.47799682617188,154.89950561523438,157.3070068359375,157.3070068359375,54582000.0,0.0,0.0
2021-03-02,AMZN,157.17349243164062,158.17599487304688,154.3560028076172,154.72650146484375,154.72650146484375,51916000.0,0.0,0.0
2021-03-03,AMZN,154.0590057373047,155.38900756835938,149.75,150.25,150.25,79774000.0,0.0,0.0
2021-03-04,AMZN,150.60000610351562,152.906494140625,147.27149963378906,148.8784942626953,148.8784942626953,109632000.0,0.0,0.0
2021-03-05,AMZN,150.25,150.4499969482422,144.0500030517578,150.0229949951172,150.0229949951172,107772000.0,0.0,0.0
2021-03-08,AMZN,150.75,153.22950744628906,147.5655059814453,147.59750366210938,147.59750366210938,83700000.0,0.0,0.0
2021-03-09,AMZN,150.89950561523438,154.54800415039062,150.25750732421875,153.1425018310547,153.1425018310547,80600000.0,0.0,0.0
2021-03-10,AMZN,154.92250061035156,155.822998046875,151.50250244140625,152.8820037841797,152.8820037841797,60250000.0,0.0,0.0
2021-03-11,AMZN,155.20050048828125,156.58900451660156,154.14649963378906,155.67950439453125,155.67950439453125,55528000.0,0.0,0.0
2021-03-12,AMZN,153.75,154.94900512695312,152.27499389648438,154.47450256347656,154.47450256347656,48438000.0,0.0,0.0
2021-03-15,AMZN,153.72850036621094,154.11199951171875,151.60450744628906,154.08399963378906,154.08399963378906,58272000.0,0.0,0.0
2021-03-16,AMZN,155.24850463867188,156.44549560546875,153.79299926757812,154.59300231933594,154.59300231933594,50776000.0,0.0,0.0
2021-03-17,AMZN,153.66099548339844,158.65249633789062,153.51100158691406,156.7864990234375,156.7864990234375,62372000.0,0.0,0.0
2021-03-18,AMZN,155.0500030517578,155.8314971923828,151.25,151.39950561523438,151.39950561523438,72992000.0,0.0,0.0
2021-03-19,AMZN,151.4615020751953,153.864501953125,150.8314971923828,153.7480010986328,153.7480010986328,92508000.0,0.0,0.0
2021-03-22,AMZN,153.3925018310547,156.32899475097656,153.00250244140625,155.5435028076172,155.5435028076172,58044000.0,0.0,0.0
2021-03-23,AMZN,156.35000610351562,159.10000610351562,156.04249572753906,156.875,156.875,76346000.0,0.0,0.0
2021-03-24,AMZN,157.552001953125,158.0155029296875,154.25750732421875,154.35350036621094,154.35350036621094,59180000.0,0.0,0.0
2021-03-25,AMZN,153.64950561523438,155.48899841308594,151.85699462890625,152.31300354003906,152.31300354003906,71270000.0,0.0,0.0
2021-03-26,AMZN,152.2030029296875,152.83299255371094,149.8000030517578,152.60150146484375,152.60150146484375,66258000.0,0.0,0.0
2021-03-29,AMZN,152.77200317382812,154.5625,151.42250061035156,153.7864990234375,153.7864990234375,54920000.0,0.0,0.0
2021-03-30,AMZN,153.50050354003906,153.64999389648438,151.6999969482422,152.76449584960938,152.76449584960938,46752000.0,0.0,0.0
2021-03-31,AMZN,153.2030029296875,155.9665069580078,153.125,154.70399475097656,154.70399475097656,61878000.0,0.0,0.0
2021-04-01,AMZN,155.89700317382812,158.1219940185547,155.77749633789062,158.0500030517578,158.0500030517578,58806000.0,0.0,0.0
2021-04-05,AMZN,158.64999389648438,161.79800415039062,158.06199645996094,161.3365020751953,161.3365020751953,66698000.0,0.0,0.0
2021-04-06,AMZN,161.1875,162.36549377441406,160.8520050048828,161.1909942626953,161.1909942626953,50756000.0,0.0,0.0
2021-04-07,AMZN,161.69000244140625,165.1804962158203,161.1824951171875,163.96949768066406,163.96949768066406,66924000.0,0.0,0.0
2021-04-08,AMZN,165.5449981689453,166.22500610351562,164.60000610351562,164.96499633789062,164.96499633789062,56242000.0,0.0,0.0
2021-04-09,AMZN,165.23500061035156,168.61000061035156,164.44500732421875,168.61000061035156,168.61000061035156,86830000.0,0.0,0.0
2021-04-12,AMZN,167.760498046875,169.7519989013672,167.5574951171875,168.96949768066406,168.96949768066406,65636000.0,0.0,0.0
2021-04-13,AMZN,170.04249572753906,171.60000610351562,169.781494140625,170.0,170.0,66316000.0,0.0,0.0
2021-04-14,AMZN,170.20199584960938,170.2064971923828,166.3000030517578,166.64999389648438,166.64999389648438,62904000.0,0.0,0.0
2021-04-15,AMZN,168.5500030517578,169.85000610351562,167.60000610351562,168.95449829101562,168.95449829101562,64672000.0,0.0,0.0
2021-04-16,AMZN,169.0,170.33999633789062,167.7794952392578,169.9720001220703,169.9720001220703,63720000.0,0.0,0.0
2021-04-19,AMZN,169.51649475097656,171.79649353027344,168.00799560546875,168.60049438476562,168.60049438476562,54508000.0,0.0,0.0
2021-04-20,AMZN,168.67999267578125,169.14950561523438,165.8000030517578,166.7344970703125,166.7344970703125,52460000.0,0.0,0.0
2021-04-21,AMZN,165.8000030517578,168.14300537109375,165.1905059814453,168.1009979248047,168.1009979248047,44224000.0,0.0,0.0
2021-04-22,AMZN,168.58399963378906,168.64349365234375,165.07249450683594,165.45199584960938,165.45199584960938,51612000.0,0.0,0.0
2021-04-23,AMZN,165.9550018310547,168.75,165.4250030517578,167.04400634765625,167.04400634765625,63856000.0,0.0,0.0
2021-04-26,AMZN,167.39999389648438,171.42250061035156,166.5469970703125,170.4499969482422,170.4499969482422,97614000.0,0.0,0.0
2021-04-27,AMZN,172.17349243164062,173.0,169.90049743652344,170.8715057373047,170.8715057373047,76542000.0,0.0,0.0
2021-04-28,AMZN,171.74000549316406,174.49400329589844,171.25,172.9250030517578,172.9250030517578,92638000.0,0.0,0.0
2021-04-29,AMZN,175.2550048828125,175.72250366210938,171.75,173.5655059814453,173.5655059814453,153648000.0,0.0,0.0
2021-04-30,AMZN,176.25599670410156,177.6999969482422,173.125,173.37100219726562,173.37100219726562,140186000.0,0.0,0.0
2021-05-03,AMZN,174.2364959716797,174.33250427246094,168.63499450683594,169.32449340820312,169.32449340820312,117510000.0,0.0,0.0
2021-05-04,AMZN,167.8094940185547,168.3990020751953,163.60650634765625,165.593505859375,165.593505859375,108788000.0,0.0,0.0
2021-05-05,AMZN,166.9429931640625,167.73500061035156,163.21800231933594,163.52699279785156,163.52699279785156,74226000.0,0.0,0.0
2021-05-06,AMZN,163.5,165.72000122070312,162.36000061035156,165.31849670410156,165.31849670410156,88954000.0,0.0,0.0
2021-05-07,AMZN,165.95449829101562,166.54449462890625,164.45350646972656,164.58050537109375,164.58050537109375,94206000.0,0.0,0.0
2021-05-10,AMZN,164.11599731445312,164.14999389648438,159.5,159.52450561523438,159.52450561523438,116772000.0,0.0,0.0
2021-05-11,AMZN,156.81399536132812,161.89999389648438,156.36849975585938,161.19549560546875,161.19549560546875,92396000.0,0.0,0.0
2021-05-12,AMZN,159.25,160.39700317382812,156.65499877929688,157.5970001220703,157.5970001220703,98728000.0,0.0,0.0
2021-05-13,AMZN,159.27349853515625,160.19200134277344,156.64999389648438,158.07350158691406,158.07350158691406,67018000.0,0.0,0.0
2021-05-14,AMZN,159.2779998779297,161.4429931640625,159.14999389648438,161.14500427246094,161.14500427246094,66500000.0,0.0,0.0
2021-05-17,AMZN,162.29649353027344,164.6374969482422,161.72950744628906,163.51950073242188,163.51950073242188,74478000.0,0.0,0.0
2021-05-18,AMZN,164.62899780273438,165.60000610351562,161.51849365234375,161.61399841308594,161.61399841308594,56568000.0,0.0,0.0
2021-05-19,AMZN,159.75,161.7375030517578,159.1999969482422,161.58999633789062,161.58999633789062,53594000.0,0.0,0.0
2021-05-20,AMZN,162.22000122070312,162.98399353027344,161.8090057373047,162.38400268554688,162.38400268554688,52664000.0,0.0,0.0
2021-05-21,AMZN,162.5,162.83450317382812,159.85049438476562,160.1540069580078,160.1540069580078,82098000.0,0.0,0.0
2021-05-24,AMZN,160.77499389648438,162.8975067138672,160.52499389648438,162.24949645996094,162.24949645996094,48456000.0,0.0,0.0
2021-05-25,AMZN,163.33349609375,163.99099731445312,160.68800354003906,162.95249938964844,162.95249938964844,65222000.0,0.0,0.0
2021-05-26,AMZN,163.72950744628906,164.7864990234375,162.92550659179688,163.25799560546875,163.25799560546875,47680000.0,0.0,0.0
2021-05-27,AMZN,162.8000030517578,163.01800537109375,161.5019989013672,161.5054931640625,161.5054931640625,51224000.0,0.0,0.0
2021-05-28,AMZN,162.10000610351562,162.39950561523438,160.98500061035156,161.15350341796875,161.15350341796875,46596000.0,0.0,0.0
2021-06-01,AMZN,162.1750030517578,162.5489959716797,160.4530029296875,160.9324951171875,160.9324951171875,48600000.0,0.0,0.0
2021-06-02,AMZN,161.15499877929688,161.75,160.39999389648438,161.69949340820312,161.69949340820312,40290000.0,0.0,0.0
2021-06-03,AMZN,160.2115020751953,160.7220001220703,159.20150756835938,159.35049438476562,159.35049438476562,47966000.0,0.0,0.0
2021-06-04,AMZN,160.60000610351562,161.0500030517578,159.9405059814453,160.31100463867188,160.31100463867188,44994000.0,0.0,0.0
2021-06-07,AMZN,159.8665008544922,160.39999389648438,158.61000061035156,159.90049743652344,159.90049743652344,44316000.0,0.0,0.0
2021-06-08,AMZN,161.1304931640625,163.97650146484375,160.90049743652344,163.20550537109375,163.20550537109375,68334000.0,0.0,0.0
2021-06-09,AMZN,163.64349365234375,164.87899780273438,163.53500366210938,164.0574951171875,164.0574951171875,49110000.0,0.0,0.0
2021-06-10,AMZN,164.10049438476562,167.5500030517578,164.0574951171875,167.4824981689453,167.4824981689453,69530000.0,0.0,0.0
2021-06-11,AMZN,167.4824981689453,168.32899475097656,166.67250061035156,167.3415069580078,167.3415069580078,56348000.0,0.0,0.0
2021-06-14,AMZN,167.3415069580078,169.25,166.77499389648438,169.19349670410156,169.19349670410156,51394000.0,0.0,0.0
2021-06-15,AMZN,169.1999969482422,169.84950256347656,168.15550231933594,169.156494140625,169.156494140625,48524000.0,0.0,0.0
2021-06-16,AMZN,169.60000610351562,171.3175048828125,168.02650451660156,170.7624969482422,170.7624969482422,84056000.0,0.0,0.0
2021-06-17,AMZN,170.15899658203125,174.86000061035156,170.0500030517578,174.46200561523438,174.46200561523438,102730000.0,0.0,0.0
2021-06-18,AMZN,173.99949645996094,175.35000610351562,173.6855010986328,174.34500122070312,174.34500122070312,104954000.0,0.0,0.0
2021-06-21,AMZN,173.8209991455078,174.10000610351562,171.6999969482422,172.697998046875,172.697998046875,65542000.0,0.0,0.0
2021-06-22,AMZN,172.9029998779297,176.18899536132812,172.80450439453125,175.27200317382812,175.27200317382812,66902000.0,0.0,0.0
2021-06-23,AMZN,175.25,176.0500030517578,174.16000366210938,175.1909942626953,175.1909942626953,56266000.0,0.0,0.0
2021-06-24,AMZN,175.3820037841797,176.2429962158203,171.54249572753906,172.45399475097656,172.45399475097656,76640000.0,0.0,0.0
2021-06-25,AMZN,173.1999969482422,173.24099731445312,169.70899963378906,170.072998046875,170.072998046875,78820000.0,0.0,0.0
2021-06-28,AMZN,170.8000030517578,172.39999389648438,170.67550659179688,172.1945037841797,172.1945037841797,44856000.0,0.0,0.0
2021-06-29,AMZN,171.9409942626953,172.80149841308594,171.15150451660156,172.40699768066406,172.40699768066406,41968000.0,0.0,0.0
2021-06-30,AMZN,172.05299377441406,173.5800018310547,171.75,172.00799560546875,172.00799560546875,48080000.0,0.0,0.0
2021-07-01,AMZN,171.73049926757812,172.85000610351562,170.4709930419922,171.64849853515625,171.64849853515625,40742000.0,0.0,0.0
2021-07-02,AMZN,172.58200073242188,175.58599853515625,171.8459930419922,175.5489959716797,175.5489959716797,63388000.0,0.0,0.0
2021-07-06,AMZN,176.5054931640625,184.2740020751953,176.4499969482422,183.78700256347656,183.78700256347656,134896000.0,0.0,0.0
2021-07-07,AMZN,185.86900329589844,186.7100067138672,183.94549560546875,184.82899475097656,184.82899475097656,106562000.0,0.0,0.0
2021-07-08,AMZN,182.17799377441406,187.99949645996094,181.05599975585938,186.57049560546875,186.57049560546875,103612000.0,0.0,0.0
2021-07-09,AMZN,186.12600708007812,187.39999389648438,184.6699981689453,185.9669952392578,185.9669952392578,74964000.0,0.0,0.0
2021-07-12,AMZN,187.1999969482422,187.864501953125,184.83949279785156,185.92750549316406,185.92750549316406,51432000.0,0.0,0.0
2021-07-13,AMZN,185.10499572753906,188.6540069580078,183.5659942626953,183.8679962158203,183.8679962158203,76918000.0,0.0,0.0
2021-07-14,AMZN,185.4425048828125,185.88299560546875,183.04150390625,184.08399963378906,184.08399963378906,65932000.0,0.0,0.0
2021-07-15,AMZN,184.7100067138672,184.77000427246094,181.04600524902344,181.55999755859375,181.55999755859375,63706000.0,0.0,0.0
2021-07-16,AMZN,181.66549682617188,182.30299377441406,178.5229949951172,178.68150329589844,178.68150329589844,80874000.0,0.0,0.0
2021-07-19,AMZN,176.62899780273438,177.510498046875,174.95799255371094,177.47950744628906,177.47950744628906,75692000.0,0.0,0.0
2021-07-20,AMZN,178.36599731445312,179.60000610351562,175.89999389648438,178.6595001220703,178.6595001220703,65114000.0,0.0,0.0
2021-07-21,AMZN,178.81900024414062,179.32249450683594,177.1820068359375,179.25999450683594,179.25999450683594,46380000.0,0.0,0.0
2021-07-22,AMZN,179.3614959716797,182.00100708007812,179.11349487304688,181.90150451660156,181.90150451660156,65308000.0,0.0,0.0
2021-07-23,AMZN,182.0,183.3054962158203,181.1020050048828,182.83200073242188,182.83200073242188,48726000.0,0.0,0.0
2021-07-26,AMZN,183.6584930419922,185.60400390625,182.3625030517578,184.99099731445312,184.99099731445312,58002000.0,0.0,0.0
2021-07-27,AMZN,184.9250030517578,184.9250030517578,179.3074951171875,181.3195037841797,181.3195037841797,82638000.0,0.0,0.0
2021-07-28,AMZN,181.68899536132812,182.92100524902344,180.0500030517578,181.51600646972656,181.51600646972656,59988000.0,0.0,0.0
2021-07-29,AMZN,181.3874969482422,181.8975067138672,179.00050354003906,179.99600219726562,179.99600219726562,110400000.0,0.0,0.0
2021-07-30,AMZN,167.3975067138672,168.40699768066406,165.3489990234375,166.37950134277344,166.37950134277344,199312000.0,0.0,0.0
2021-08-02,AMZN,167.65499877929688,167.9459991455078,165.85000610351562,166.57400512695312,166.57400512695312,67078000.0,0.0,0.0
2021-08-03,AMZN,167.03599548339844,169.5500030517578,164.98849487304688,168.31199645996094,168.31199645996094,83146000.0,0.0,0.0
2021-08-04,AMZN,168.96749877929688,169.44400024414062,167.2779998779297,167.73599243164062,167.73599243164062,43678000.0,0.0,0.0
2021-08-05,AMZN,167.81100463867188,169.4499969482422,167.04600524902344,168.79949951171875,168.79949951171875,48670000.0,0.0,0.0
2021-08-06,AMZN,168.75,168.75,166.45199584960938,167.2469940185547,167.2469940185547,52752000.0,0.0,0.0
2021-08-09,AMZN,167.1804962158203,167.74400329589844,166.42599487304688,167.093505859375,167.093505859375,42964000.0,0.0,0.0
2021-08-10,AMZN,167.25050354003906,167.89999389648438,165.75,166.03399658203125,166.03399658203125,48252000.0,0.0,0.0
2021-08-11,AMZN,166.57249450683594,166.88499450683594,163.88949584960938,164.60549926757812,164.60549926757812,58944000.0,0.0,0.0
2021-08-12,AMZN,164.5,165.72549438476562,163.48350524902344,165.1750030517578,165.1750030517578,46282000.0,0.0,0.0
2021-08-13,AMZN,165.2834930419922,165.30349731445312,164.14999389648438,164.69850158691406,164.69850158691406,41134000.0,0.0,0.0
2021-08-16,AMZN,164.14999389648438,165.0,160.55650329589844,164.94949340820312,164.94949340820312,66394000.0,0.0,0.0
2021-08-17,AMZN,163.875,164.02450561523438,161.28399658203125,162.09800720214844,162.09800720214844,67758000.0,0.0,0.0
2021-08-18,AMZN,162.09950256347656,162.7050018310547,160.0,160.06100463867188,160.06100463867188,56086000.0,0.0,0.0
2021-08-19,AMZN,159.7010040283203,161.64999389648438,159.1230010986328,159.3874969482422,159.3874969482422,75658000.0,0.0,0.0
2021-08-20,AMZN,160.19349670410156,160.3905029296875,158.78799438476562,159.99749755859375,159.99749755859375,67168000.0,0.0,0.0
2021-08-23,AMZN,160.59500122070312,164.0449981689453,160.50050354003906,163.2935028076172,163.2935028076172,65362000.0,0.0,0.0
2021-08-24,AMZN,164.0,165.77450561523438,163.72900390625,165.28900146484375,165.28900146484375,51036000.0,0.0,0.0
2021-08-25,AMZN,165.49349975585938,166.0500030517578,164.3074951171875,164.95899963378906,164.95899963378906,33606000.0,0.0,0.0
2021-08-26,AMZN,164.9499969482422,166.60000610351562,164.8000030517578,165.8000030517578,165.8000030517578,41976000.0,0.0,0.0
2021-08-27,AMZN,166.6614990234375,167.61599731445312,165.6875,167.48150634765625,167.48150634765625,48048000.0,0.0,0.0
2021-08-30,AMZN,167.8715057373047,172.25,167.76100158691406,171.07850646972656,171.07850646972656,63844000.0,0.0,0.0
2021-08-31,AMZN,171.24000549316406,173.62899780273438,169.7794952392578,173.5395050048828,173.5395050048828,87128000.0,0.0,0.0
2021-09-01,AMZN,174.82000732421875,176.35000610351562,173.76199340820312,173.9499969482422,173.9499969482422,72598000.0,0.0,0.0
2021-09-02,AMZN,174.73800659179688,175.59800720214844,172.75,173.156005859375,173.156005859375,58474000.0,0.0,0.0
2021-09-03,AMZN,172.60000610351562,174.1334991455078,171.82200622558594,173.90249633789062,173.90249633789062,51514000.0,0.0,0.0
2021-09-07,AMZN,173.89999389648438,176.4044952392578,173.8470001220703,175.46449279785156,175.46449279785156,54758000.0,0.0,0.0
2021-09-08,AMZN,175.58250427246094,177.281494140625,174.7834930419922,176.27499389648438,176.27499389648438,61068000.0,0.0,0.0
2021-09-09,AMZN,176.30099487304688,177.49949645996094,174.01849365234375,174.20799255371094,174.20799255371094,54384000.0,0.0,0.0
2021-09-10,AMZN,175.0915069580078,175.42250061035156,173.14549255371094,173.45750427246094,173.45750427246094,47946000.0,0.0,0.0
2021-09-13,AMZN,174.13999938964844,174.8979949951172,171.89999389648438,172.85850524902344,172.85850524902344,51380000.0,0.0,0.0
2021-09-14,AMZN,173.77749633789062,174.3404998779297,171.885498046875,172.5,172.5,38738000.0,0.0,0.0
2021-09-15,AMZN,172.12600708007812,174.27099609375,170.10049438476562,173.7895050048828,173.7895050048828,59150000.0,0.0,0.0
2021-09-16,AMZN,172.9980010986328,174.62750244140625,172.3070068359375,174.41200256347656,174.41200256347656,51672000.0,0.0,0.0
2021-09-17,AMZN,174.42050170898438,174.87049865722656,172.60650634765625,173.12600708007812,173.12600708007812,92332000.0,0.0,0.0
2021-09-20,AMZN,169.8000030517578,170.9499969482422,165.25050354003906,167.7864990234375,167.7864990234375,93382000.0,0.0,0.0
2021-09-21,AMZN,168.75,168.98500061035156,166.6195068359375,167.18150329589844,167.18150329589844,55618000.0,0.0,0.0
2021-09-22,AMZN,167.5500030517578,169.4499969482422,167.05250549316406,169.00250244140625,169.00250244140625,48228000.0,0.0,0.0
2021-09-23,AMZN,169.00250244140625,171.447998046875,169.00250244140625,170.8000030517578,170.8000030517578,47588000.0,0.0,0.0
2021-09-24,AMZN,170.10049438476562,171.46299743652344,169.6699981689453,171.2760009765625,171.2760009765625,42324000.0,0.0,0.0
2021-09-27,AMZN,168.5749969482422,170.77850341796875,166.98049926757812,170.2899932861328,170.2899932861328,72690000.0,0.0,0.0
2021-09-28,AMZN,167.885498046875,168.45950317382812,164.5050048828125,165.79800415039062,165.79800415039062,88616000.0,0.0,0.0
2021-09-29,AMZN,166.10549926757812,167.56500244140625,164.89349365234375,165.05599975585938,165.05599975585938,51246000.0,0.0,0.0
2021-09-30,AMZN,165.8000030517578,166.3925018310547,163.69949340820312,164.2519989013672,164.2519989013672,56848000.0,0.0,0.0
2021-10-01,AMZN,164.45050048828125,165.45849609375,162.7969970703125,164.16299438476562,164.16299438476562,56712000.0,0.0,0.0
2021-10-04,AMZN,163.96949768066406,163.99949645996094,158.8125,159.48899841308594,159.48899841308594,90462000.0,0.0,0.0
2021-10-05,AMZN,160.22500610351562,163.0364990234375,160.1230010986328,161.0500030517578,161.0500030517578,65384000.0,0.0,0.0
2021-10-06,AMZN,160.67649841308594,163.2169952392578,159.93099975585938,163.10049438476562,163.10049438476562,50660000.0,0.0,0.0
2021-10-07,AMZN,164.57699584960938,166.28750610351562,164.1529998779297,165.1215057373047,165.1215057373047,48182000.0,0.0,0.0
2021-10-08,AMZN,165.85000610351562,166.07150268554688,164.41000366210938,164.43099975585938,164.43099975585938,39964000.0,0.0,0.0
2021-10-11,AMZN,163.75,164.62950134277344,161.90499877929688,162.31500244140625,162.31500244140625,40684000.0,0.0,0.0
2021-10-12,AMZN,162.85000610351562,163.37649536132812,161.81399536132812,162.3665008544922,162.3665008544922,36392000.0,0.0,0.0
2021-10-13,AMZN,163.48550415039062,164.41900634765625,163.05450439453125,164.21400451660156,164.21400451660156,48402000.0,0.0,0.0
2021-10-14,AMZN,165.12249755859375,165.6300048828125,164.53900146484375,164.9929962158203,164.9929962158203,42190000.0,0.0,0.0
2021-10-15,AMZN,165.5709991455078,170.52099609375,165.1999969482422,170.4510040283203,170.4510040283203,103598000.0,0.0,0.0
2021-10-18,AMZN,169.41799926757812,172.45849609375,169.2550048828125,172.33700561523438,172.33700561523438,63482000.0,0.0,0.0
2021-10-19,AMZN,171.71449279785156,172.7344970703125,171.10000610351562,172.20750427246094,172.20750427246094,47722000.0,0.0,0.0
2021-10-20,AMZN,172.63299560546875,173.14300537109375,170.01849365234375,170.7530059814453,170.7530059814453,42796000.0,0.0,0.0
2021-10-21,AMZN,170.71249389648438,172.01400756835938,170.14999389648438,171.75050354003906,171.75050354003906,37628000.0,0.0,0.0
2021-10-22,AMZN,171.0500030517578,171.49200439453125,166.56500244140625,166.77749633789062,166.77749633789062,62782000.0,0.0,0.0
2021-10-25,AMZN,166.75,167.38999938964844,164.88499450683594,166.01849365234375,166.01849365234375,44520000.0,0.0,0.0
2021-10-26,AMZN,167.47549438476562,170.80599975585938,167.19900512695312,168.80349731445312,168.80349731445312,53966000.0,0.0,0.0
2021-10-27,AMZN,169.39999389648438,171.85000610351562,168.57249450683594,169.62449645996094,169.62449645996094,54044000.0,0.0,0.0
2021-10-28,AMZN,170.10499572753906,173.9499969482422,169.3000030517578,172.32850646972656,172.32850646972656,114174000.0,0.0,0.0
2021-10-29,AMZN,165.00100708007812,168.74099731445312,163.66600036621094,168.6215057373047,168.6215057373047,129722000.0,0.0,0.0
2021-11-01,AMZN,168.08999633789062,168.79299926757812,164.6009979248047,165.90550231933594,165.90550231933594,72178000.0,0.0,0.0
2021-11-02,AMZN,165.75050354003906,166.55599975585938,164.17750549316406,165.6374969482422,165.6374969482422,52552000.0,0.0,0.0
2021-11-03,AMZN,165.4499969482422,169.74600219726562,164.87600708007812,169.1999969482422,169.1999969482422,67944000.0,0.0,0.0
2021-11-04,AMZN,168.5,174.93150329589844,168.25,173.85000610351562,173.85000610351562,107060000.0,0.0,0.0
2021-11-05,AMZN,173.85000610351562,178.3125,173.8489990234375,175.94949340820312,175.94949340820312,99940000.0,0.0,0.0
2021-11-08,AMZN,176.16200256347656,178.9499969482422,174.39300537109375,174.44900512695312,174.44900512695312,61480000.0,0.0,0.0
2021-11-09,AMZN,175.7624969482422,179.68850708007812,175.07150268554688,178.81149291992188,178.81149291992188,85898000.0,0.0,0.0
2021-11-10,AMZN,178.19349670410156,180.2725067138672,173.1544952392578,174.1024932861328,174.1024932861328,80548000.0,0.0,0.0
2021-11-11,AMZN,175.64999389648438,177.16200256347656,173.37350463867188,173.625,173.625,45288000.0,0.0,0.0
2021-11-12,AMZN,174.25,177.0364990234375,172.3524932861328,176.25750732421875,176.25750732421875,53788000.0,0.0,0.0
2021-11-15,AMZN,176.85000610351562,179.69400024414062,176.29049682617188,177.28399658203125,177.28399658203125,58594000.0,0.0,0.0
2021-11-16,AMZN,176.9499969482422,178.8249969482422,176.25750732421875,177.03500366210938,177.03500366210938,44342000.0,0.0,0.0
2021-11-17,AMZN,178.23599243164062,179.3625030517578,177.2675018310547,177.4499969482422,177.4499969482422,51206000.0,0.0,0.0
2021-11-18,AMZN,178.3175048828125,185.2100067138672,178.0500030517578,184.80299377441406,184.80299377441406,114070000.0,0.0,0.0
2021-11-19,AMZN,185.63450622558594,188.1074981689453,183.78599548339844,183.82850646972656,183.82850646972656,98734000.0,0.0,0.0
2021-11-22,AMZN,183.81900024414062,185.67300415039062,178.375,178.6284942626953,178.6284942626953,96844000.0,0.0,0.0
2021-11-23,AMZN,179.2519989013672,181.05250549316406,176.385498046875,179.0019989013672,179.0019989013672,73804000.0,0.0,0.0
2021-11-24,AMZN,178.1334991455078,180.6820068359375,176.84249877929688,179.02049255371094,179.02049255371094,46560000.0,0.0,0.0
2021-11-26,AMZN,180.10499572753906,181.6750030517578,175.20750427246094,175.22799682617188,175.22799682617188,59826000.0,0.0,0.0
2021-11-29,AMZN,177.3820037841797,179.8000030517578,176.5749969482422,178.07850646972656,178.07850646972656,65312000.0,0.0,0.0
2021-11-30,AMZN,178.1750030517578,179.2884979248047,174.60049438476562,175.35350036621094,175.35350036621094,80022000.0,0.0,0.0
2021-12-01,AMZN,177.25,177.99400329589844,172.0800018310547,172.18600463867188,172.18600463867188,74916000.0,0.0,0.0
2021-12-02,AMZN,173.0,174.63499450683594,171.1875,171.8679962158203,171.8679962158203,64726000.0,0.0,0.0
2021-12-03,AMZN,172.75,173.49349975585938,166.92999267578125,169.489501953125,169.489501953125,80712000.0,0.0,0.0
2021-12-06,AMZN,169.64999389648438,173.69549560546875,166.9344940185547,171.36849975585938,171.36849975585938,68860000.0,0.0,0.0
2021-12-07,AMZN,174.60000610351562,177.49949645996094,173.33450317382812,176.1645050048828,176.1645050048828,66410000.0,0.0,0.0
2021-12-08,AMZN,176.15049743652344,177.17999267578125,174.75050354003906,176.1580047607422,176.1580047607422,45254000.0,0.0,0.0
2021-12-09,AMZN,175.75,176.96949768066406,174.13949584960938,174.17100524902344,174.17100524902344,46062000.0,0.0,0.0
2021-12-10,AMZN,175.41700744628906,175.927001953125,170.5,172.21200561523438,172.21200561523438,60690000.0,0.0,0.0
2021-12-13,AMZN,172.0,172.10000610351562,169.1300048828125,169.5675048828125,169.5675048828125,62170000.0,0.0,0.0
2021-12-14,AMZN,167.5500030517578,169.49899291992188,166.44000244140625,169.0915069580078,169.0915069580078,55976000.0,0.0,0.0
2021-12-15,AMZN,168.59800720214844,173.60000610351562,165.19500732421875,173.31500244140625,173.31500244140625,75794000.0,0.0,0.0
2021-12-16,AMZN,173.36849975585938,174.16600036621094,168.16050720214844,168.87100219726562,168.87100219726562,60876000.0,0.0,0.0
2021-12-17,AMZN,167.7104949951172,170.89849853515625,165.61349487304688,170.0175018310547,170.0175018310547,85542000.0,0.0,0.0
2021-12-20,AMZN,166.85000610351562,167.87449645996094,165.60000610351562,167.07899475097656,167.07899475097656,57372000.0,0.0,0.0
2021-12-21,AMZN,167.85049438476562,170.7165069580078,165.6475067138672,170.41700744628906,170.41700744628906,55956000.0,0.0,0.0
2021-12-22,AMZN,169.27000427246094,172.0500030517578,168.50050354003906,171.03700256347656,171.03700256347656,55036000.0,0.0,0.0
2021-12-23,AMZN,170.42799377441406,171.97500610351562,170.14999389648438,171.06849670410156,171.06849670410156,36788000.0,0.0,0.0
2021-12-27,AMZN,171.03700256347656,172.9429931640625,169.2154998779297,169.66949462890625,169.66949462890625,58688000.0,0.0,0.0
2021-12-28,AMZN,170.1824951171875,172.17599487304688,169.135498046875,170.66099548339844,170.66099548339844,54638000.0,0.0,0.0
2021-12-29,AMZN,170.83999633789062,171.21200561523438,168.60049438476562,169.2010040283203,169.2010040283203,35754000.0,0.0,0.0
2021-12-30,AMZN,169.6999969482422,170.88800048828125,168.5240020751953,168.64450073242188,168.64450073242188,37584000.0,0.0,0.0
2021-12-31,AMZN,168.95599365234375,169.35000610351562,166.55850219726562,166.7169952392578,166.7169952392578,47830000.0,0.0,0.0
2022-01-03,AMZN,167.5500030517578,170.70350646972656,166.16050720214844,170.4044952392578,170.4044952392578,63520000.0,0.0,0.0
2022-01-04,AMZN,170.43800354003906,171.39999389648438,166.34950256347656,167.52200317382812,167.52200317382812,70726000.0,0.0,0.0
2022-01-05,AMZN,166.88299560546875,167.12649536132812,164.35699462890625,164.35699462890625,164.35699462890625,64302000.0,0.0,0.0
2022-01-06,AMZN,163.45050048828125,164.8000030517578,161.93699645996094,163.25399780273438,163.25399780273438,51958000.0,0.0,0.0
2022-01-07,AMZN,163.83900451660156,165.24349975585938,162.031005859375,162.5540008544922,162.5540008544922,46606000.0,0.0,0.0
2022-01-10,AMZN,160.5854949951172,161.6614990234375,156.30450439453125,161.48599243164062,161.48599243164062,87798000.0,0.0,0.0
2022-01-11,AMZN,161.5,166.35000610351562,160.70150756835938,165.36199951171875,165.36199951171875,62806000.0,0.0,0.0
2022-01-12,AMZN,166.5749969482422,166.8780059814453,164.41700744628906,165.20700073242188,165.20700073242188,50030000.0,0.0,0.0
2022-01-13,AMZN,165.25050354003906,166.22149658203125,161.09100341796875,161.21400451660156,161.21400451660156,52188000.0,0.0,0.0
2022-01-14,AMZN,160.14999389648438,162.25,159.80050659179688,162.13800048828125,162.13800048828125,45974000.0,0.0,0.0
2022-01-18,AMZN,159.10499572753906,159.7344970703125,157.6645050048828,158.91749572753906,158.91749572753906,67292000.0,0.0,0.0
2022-01-19,AMZN,158.76199340820312,159.25,156.25,156.2989959716797,156.2989959716797,53242000.0,0.0,0.0
2022-01-20,AMZN,156.76600646972656,158.0,151.3509979248047,151.66749572753906,151.66749572753906,71974000.0,0.0,0.0
2022-01-21,AMZN,149.9499969482422,150.89999389648438,142.07049560546875,142.64300537109375,142.64300537109375,163972000.0,0.0,0.0
2022-01-24,AMZN,139.0,144.94500732421875,135.3520050048828,144.54400634765625,144.54400634765625,155624000.0,0.0,0.0
2022-01-25,AMZN,142.24249267578125,143.60000610351562,138.14500427246094,139.98599243164062,139.98599243164062,90824000.0,0.0,0.0
2022-01-26,AMZN,144.75,145.18499755859375,137.31849670410156,138.87249755859375,138.87249755859375,95602000.0,0.0,0.0
2022-01-27,AMZN,140.8000030517578,144.24349975585938,139.35000610351562,139.6374969482422,139.6374969482422,77516000.0,0.0,0.0
2022-01-28,AMZN,140.86050415039062,143.9980010986328,137.92950439453125,143.97799682617188,143.97799682617188,74392000.0,0.0,0.0
2022-01-31,AMZN,144.75,150.36050415039062,144.30050659179688,149.57350158691406,149.57350158691406,78308000.0,0.0,0.0
2022-02-01,AMZN,150.0,151.70799255371094,147.62750244140625,151.19349670410156,151.19349670410156,59220000.0,0.0,0.0
2022-02-02,AMZN,155.05050659179688,155.0749969482422,148.86349487304688,150.6125030517578,150.6125030517578,87330000.0,0.0,0.0
2022-02-03,AMZN,141.7375030517578,144.24749755859375,138.33299255371094,138.8455047607422,138.8455047607422,225532000.0,0.0,0.0
2022-02-04,AMZN,155.60650634765625,161.1999969482422,150.60800170898438,157.63949584960938,157.63949584960938,253456000.0,0.0,0.0
2022-02-07,AMZN,158.52000427246094,162.6909942626953,157.25,157.9355010986328,157.9355010986328,102624000.0,0.0,0.0
2022-02-08,AMZN,156.75050354003906,161.79249572753906,155.55050659179688,161.4134979248047,161.4134979248047,76040000.0,0.0,0.0
2022-02-09,AMZN,162.87350463867188,163.83450317382812,160.25,161.1894989013672,161.1894989013672,68786000.0,0.0,0.0
2022-02-10,AMZN,158.35000610351562,160.7165069580078,157.75,159.0034942626953,159.0034942626953,68268000.0,0.0,0.0
2022-02-11,AMZN,158.13450622558594,159.0,152.73399353027344,153.2935028076172,153.2935028076172,77100000.0,0.0,0.0
2022-02-14,AMZN,151.75100708007812,158.44850158691406,151.64999389648438,155.16700744628906,155.16700744628906,83230000.0,0.0,0.0
2022-02-15,AMZN,157.60549926757812,158.0070037841797,154.6374969482422,156.510498046875,156.510498046875,56440000.0,0.0,0.0
2022-02-16,AMZN,155.79049682617188,158.83399963378906,154.7344970703125,158.10049438476562,158.10049438476562,52704000.0,0.0,0.0
2022-02-17,AMZN,158.14599609375,160.3489990234375,154.5,154.65249633789062,154.65249633789062,64032000.0,0.0,0.0
2022-02-18,AMZN,155.49949645996094,155.49949645996094,150.89300537109375,152.60150146484375,152.60150146484375,63604000.0,0.0,0.0
2022-02-22,AMZN,150.47850036621094,152.9824981689453,148.48550415039062,150.19749450683594,150.19749450683594,66128000.0,0.0,0.0
2022-02-23,AMZN,151.65049743652344,151.76300048828125,144.6510009765625,144.82699584960938,144.82699584960938,64244000.0,0.0,0.0
2022-02-24,AMZN,139.83749389648438,151.74899291992188,139.5,151.35800170898438,151.35800170898438,100786000.0,0.0,0.0
2022-02-25,AMZN,150.5500030517578,153.99000549316406,149.2135009765625,153.7884979248047,153.7884979248047,62396000.0,0.0,0.0
2022-02-28,AMZN,152.4250030517578,154.4499969482422,150.85000610351562,153.56300354003906,153.56300354003906,57684000.0,0.0,0.0
2022-03-01,AMZN,152.7324981689453,154.0989990234375,149.9770050048828,151.14199829101562,151.14199829101562,44874000.0,0.0,0.0
2022-03-02,AMZN,150.8489990234375,152.99949645996094,148.75,152.05250549316406,152.05250549316406,47334000.0,0.0,0.0
2022-03-03,AMZN,153.531494140625,153.9290008544922,146.8560028076172,147.89849853515625,147.89849853515625,65198000.0,0.0,0.0
2022-03-04,AMZN,147.15899658203125,147.85000610351562,143.8070068359375,145.64100646972656,145.64100646972656,60934000.0,0.0,0.0
2022-03-07,AMZN,145.44349670410156,146.09449768066406,137.41650390625,137.4530029296875,137.4530029296875,86934000.0,0.0,0.0
2022-03-08,AMZN,136.68350219726562,140.69949340820312,133.57249450683594,136.01449584960938,136.01449584960938,91662000.0,0.0,0.0
2022-03-09,AMZN,139.5,140.25,136.8280029296875,139.2790069580078,139.2790069580078,82656000.0,0.0,0.0
2022-03-10,AMZN,145.68499755859375,148.67449951171875,143.97799682617188,146.8175048828125,146.8175048828125,135062000.0,0.0,0.0
2022-03-11,AMZN,149.57449340820312,149.6750030517578,145.36900329589844,145.52450561523438,145.52450561523438,68900000.0,0.0,0.0
2022-03-14,AMZN,145.9810028076172,147.4499969482422,140.88400268554688,141.85299682617188,141.85299682617188,74086000.0,0.0,0.0
2022-03-15,AMZN,142.85000610351562,147.98500061035156,142.0,147.3665008544922,147.3665008544922,75584000.0,0.0,0.0
2022-03-16,AMZN,148.5,153.14999389648438,147.35350036621094,153.10400390625,153.10400390625,84958000.0,0.0,0.0
2022-03-17,AMZN,152.6405029296875,157.49850463867188,152.13999938964844,157.23899841308594,157.23899841308594,72934000.0,0.0,0.0
2022-03-18,AMZN,156.81300354003906,161.593994140625,156.01100158691406,161.25050354003906,161.25050354003906,102962000.0,0.0,0.0
2022-03-21,AMZN,161.12100219726562,163.08399963378906,159.55299377441406,161.4915008544922,161.4915008544922,66538000.0,0.0,0.0
2022-03-22,AMZN,161.8054962158203,166.16700744628906,161.69900512695312,164.88900756835938,164.88900756835938,64086000.0,0.0,0.0
2022-03-23,AMZN,163.7050018310547,166.3699951171875,162.68699645996094,163.4080047607422,163.4080047607422,55812000.0,0.0,0.0
2022-03-24,AMZN,163.74949645996094,164.11849975585938,160.0500030517578,163.64950561523438,163.64950561523438,56798000.0,0.0,0.0
2022-03-25,AMZN,164.0,165.36849975585938,162.25,164.77349853515625,164.77349853515625,49032000.0,0.0,0.0
2022-03-28,AMZN,164.97500610351562,169.03750610351562,164.89999389648438,168.99049377441406,168.99049377441406,59854000.0,0.0,0.0
2022-03-29,AMZN,170.38400268554688,170.8314971923828,167.86849975585938,169.31500244140625,169.31500244140625,66154000.0,0.0,0.0
2022-03-30,AMZN,168.50950622558594,168.95050048828125,165.5,166.30099487304688,166.30099487304688,56168000.0,0.0,0.0
2022-03-31,AMZN,166.44500732421875,166.4949951171875,162.95350646972656,162.99749755859375,162.99749755859375,59966000.0,0.0,0.0
2022-04-01,AMZN,164.14950561523438,165.82699584960938,162.3195037841797,163.55999755859375,163.55999755859375,57090000.0,0.0,0.0
2022-04-04,AMZN,164.125,168.39450073242188,163.20550537109375,168.34649658203125,168.34649658203125,49882000.0,0.0,0.0
2022-04-05,AMZN,167.7415008544922,168.11050415039062,163.26600646972656,164.05499267578125,164.05499267578125,53728000.0,0.0,0.0
2022-04-06,AMZN,161.65049743652344,162.1999969482422,157.25450134277344,158.75599670410156,158.75599670410156,79056000.0,0.0,0.0
2022-04-07,AMZN,158.39999389648438,160.07899475097656,154.51150512695312,157.7845001220703,157.7845001220703,68136000.0,0.0,0.0
2022-04-08,AMZN,156.75,157.36849975585938,154.2310028076172,154.4604949951172,154.4604949951172,46002000.0,0.0,0.0
2022-04-11,AMZN,152.71299743652344,154.13650512695312,150.5345001220703,151.1219940185547,151.1219940185547,52112000.0,0.0,0.0
2022-04-12,AMZN,153.6925048828125,155.0989990234375,150.38299560546875,150.78750610351562,150.78750610351562,55178000.0,0.0,0.0
2022-04-13,AMZN,150.01849365234375,156.02499389648438,149.60000610351562,155.54100036621094,155.54100036621094,53390000.0,0.0,0.0
2022-04-14,AMZN,155.38999938964844,155.89700317382812,151.4720001220703,151.7064971923828,151.7064971923828,51598000.0,0.0,0.0
2022-04-18,AMZN,151.52349853515625,154.0395050048828,150.25050354003906,152.78500366210938,152.78500366210938,46514000.0,0.0,0.0
2022-04-19,AMZN,152.0294952392578,158.6490020751953,151.55050659179688,158.11549377441406,158.11549377441406,54926000.0,0.0,0.0
2022-04-20,AMZN,157.6024932861328,157.6024932861328,153.60350036621094,153.9980010986328,153.9980010986328,59630000.0,0.0,0.0
2022-04-21,AMZN,154.71400451660156,156.73800659179688,147.58949279785156,148.29600524902344,148.29600524902344,63970000.0,0.0,0.0
2022-04-22,AMZN,148.25,149.61500549316406,143.69749450683594,144.35000610351562,144.35000610351562,73078000.0,0.0,0.0
2022-04-25,AMZN,144.0229949951172,146.22149658203125,142.30650329589844,146.07400512695312,146.07400512695312,61874000.0,0.0,0.0
2022-04-26,AMZN,144.8000030517578,144.8560028076172,138.92950439453125,139.39100646972656,139.39100646972656,77530000.0,0.0,0.0
2022-04-27,AMZN,140.19149780273438,141.94850158691406,135.7834930419922,138.16700744628906,138.16700744628906,71336000.0,0.0,0.0
2022-04-28,AMZN,142.17799377441406,145.9375,140.3000030517578,144.59649658203125,144.59649658203125,117316000.0,0.0,0.0
2022-04-29,AMZN,129.8489990234375,130.76100158691406,121.625,124.28150177001953,124.28150177001953,272662000.0,0.0,0.0
2022-05-02,AMZN,122.4010009765625,124.66799926757812,118.375,124.5,124.5,148788000.0,0.0,0.0
2022-05-03,AMZN,124.05349731445312,126.22049713134766,122.82499694824219,124.25350189208984,124.25350189208984,79134000.0,0.0,0.0
2022-05-04,AMZN,123.5999984741211,126.0,119.18299865722656,125.92849731445312,125.92849731445312,110746000.0,0.0,0.0
2022-05-05,AMZN,123.0,123.4990005493164,115.07250213623047,116.40699768066406,116.40699768066406,144392000.0,0.0,0.0
2022-05-06,AMZN,114.8499984741211,119.05049896240234,113.08149719238281,114.77249908447266,114.77249908447266,124260000.0,0.0,0.0
2022-05-09,AMZN,111.3125,114.0,107.95700073242188,108.78900146484375,108.78900146484375,128124000.0,0.0,0.0
2022-05-10,AMZN,111.25,112.64250183105469,107.1709976196289,108.85900115966797,108.85900115966797,105434000.0,0.0,0.0
2022-05-11,AMZN,108.10350036621094,110.15599822998047,104.42849731445312,105.37200164794922,105.37200164794922,109704000.0,0.0,0.0
2022-05-12,AMZN,102.75,110.78050231933594,102.40550231933594,106.93049621582031,106.93049621582031,132026000.0,0.0,0.0
2022-05-13,AMZN,109.06900024414062,113.18399810791016,107.80000305175781,113.05500030517578,113.05500030517578,93684000.0,0.0,0.0
2022-05-16,AMZN,113.0999984741211,113.99250030517578,110.35399627685547,110.81050109863281,110.81050109863281,74566000.0,0.0,0.0
2022-05-17,AMZN,113.2750015258789,115.80000305175781,111.27649688720703,115.36849975585938,115.36849975585938,76448000.0,0.0,0.0
2022-05-18,AMZN,111.43949890136719,112.85299682617188,106.2490005493164,107.11250305175781,107.11250305175781,108380000.0,0.0,0.0
2022-05-19,AMZN,106.28050231933594,110.03399658203125,106.19300079345703,107.31900024414062,107.31900024414062,88142000.0,0.0,0.0
2022-05-20,AMZN,109.56849670410156,109.89800262451172,105.0094985961914,107.59100341796875,107.59100341796875,99500000.0,0.0,0.0
2022-05-23,AMZN,108.46099853515625,108.81900024414062,103.94999694824219,107.55699920654297,107.55699920654297,107798000.0,0.0,0.0
2022-05-24,AMZN,104.0250015258789,105.4000015258789,101.26000213623047,104.0999984741211,104.0999984741211,102934000.0,0.0,0.0
2022-05-25,AMZN,103.65550231933594,108.17500305175781,103.6500015258789,106.7750015258789,106.7750015258789,93120000.0,0.0,0.0
2022-05-26,AMZN,107.97000122070312,112.66549682617188,107.45349884033203,111.07749938964844,111.07749938964844,93002000.0,0.0,0.0
2022-05-27,AMZN,113.55000305175781,115.18699645996094,112.62799835205078,115.14649963378906,115.14649963378906,93660000.0,0.0,0.0
2022-05-31,AMZN,116.27999877929688,121.99449920654297,115.67500305175781,120.20950317382812,120.20950317382812,144634000.0,0.0,0.0
2022-06-01,AMZN,122.25599670410156,125.17900085449219,120.62249755859375,121.68399810791016,121.68399810791016,127528000.0,0.0,0.0
2022-06-02,AMZN,121.68399810791016,125.61000061035156,120.04499816894531,125.51100158691406,125.51100158691406,100560000.0,0.0,0.0
2022-06-03,AMZN,124.19999694824219,124.4000015258789,121.04650115966797,122.3499984741211,122.3499984741211,97604000.0,0.0,0.0
2022-06-06,AMZN,125.25,128.99000549316406,123.80999755859375,124.79000091552734,124.79000091552734,135269000.0,0.0,20.0
2022-06-07,AMZN,122.01000213623047,124.0999984741211,120.62999725341797,123.0,123.0,85156700.0,0.0,0.0
2022-06-08,AMZN,122.61000061035156,123.75,120.75,121.18000030517578,121.18000030517578,64926600.0,0.0,0.0
2022-06-09,AMZN,119.98999786376953,121.30000305175781,116.0999984741211,116.1500015258789,116.1500015258789,67029800.0,0.0,0.0
2022-06-10,AMZN,113.41999816894531,114.5,109.05000305175781,109.6500015258789,109.6500015258789,87266000.0,0.0,0.0
2022-06-13,AMZN,104.19000244140625,106.54000091552734,101.86000061035156,103.66999816894531,103.66999816894531,99277700.0,0.0,0.0
2022-06-14,AMZN,104.19000244140625,104.87999725341797,101.43000030517578,102.30999755859375,102.30999755859375,69728800.0,0.0,0.0
2022-06-15,AMZN,103.86000061035156,109.05999755859375,103.52999877929688,107.66999816894531,107.66999816894531,85011100.0,0.0,0.0
2022-06-16,AMZN,104.47000122070312,104.58000183105469,102.01000213623047,103.66000366210938,103.66000366210938,82186300.0,0.0,0.0
2022-06-17,AMZN,102.80000305175781,106.9800033569336,102.51000213623047,106.22000122070312,106.22000122070312,99772100.0,0.0,0.0
2022-06-21,AMZN,108.19999694824219,111.62999725341797,103.55999755859375,108.68000030517578,108.68000030517578,70901200.0,0.0,0.0
2022-06-22,AMZN,107.43000030517578,112.12999725341797,107.0199966430664,108.94999694824219,108.94999694824219,60040100.0,0.0,0.0
2022-06-23,AMZN,110.38999938964844,113.0,107.93000030517578,112.44000244140625,112.44000244140625,64345300.0,0.0,0.0
2022-06-24,AMZN,112.37999725341797,116.70999908447266,111.43000030517578,116.45999908447266,116.45999908447266,69867600.0,0.0,0.0
2022-06-27,AMZN,117.08999633789062,117.9800033569336,112.69999694824219,113.22000122070312,113.22000122070312,62133200.0,0.0,0.0
2022-06-28,AMZN,113.5,114.8499984741211,107.04000091552734,107.4000015258789,107.4000015258789,74942900.0,0.0,0.0
2022-06-29,AMZN,107.37999725341797,110.98999786376953,106.91000366210938,108.91999816894531,108.91999816894531,66375300.0,0.0,0.0
2022-06-30,AMZN,108.11000061035156,108.18000030517578,102.5199966430664,106.20999908447266,106.20999908447266,97679400.0,0.0,0.0
2022-07-01,AMZN,106.29000091552734,109.75,105.8499984741211,109.55999755859375,109.55999755859375,73021200.0,0.0,0.0
2022-07-05,AMZN,107.5999984741211,114.08000183105469,106.31999969482422,113.5,113.5,76583700.0,0.0,0.0
2022-07-06,AMZN,113.20999908447266,115.4800033569336,112.01000213623047,114.33000183105469,114.33000183105469,66958900.0,0.0,0.0
2022-07-07,AMZN,113.8499984741211,116.98999786376953,113.48999786376953,116.33000183105469,116.33000183105469,57872300.0,0.0,0.0
2022-07-08,AMZN,114.5999984741211,116.58000183105469,113.69000244140625,115.54000091552734,115.54000091552734,45719700.0,0.0,0.0
2022-07-11,AMZN,114.08000183105469,114.30000305175781,110.87000274658203,111.75,111.75,53487600.0,0.0,0.0
2022-07-12,AMZN,112.16000366210938,113.2300033569336,108.33999633789062,109.22000122070312,109.22000122070312,54280300.0,0.0,0.0
2022-07-13,AMZN,107.02999877929688,111.77999877929688,106.01000213623047,110.4000015258789,110.4000015258789,61353800.0,0.0,0.0
2022-07-14,AMZN,110.23999786376953,111.18000030517578,107.58000183105469,110.62999725341797,110.62999725341797,51163100.0,0.0,0.0
2022-07-15,AMZN,112.5,115.58999633789062,111.58999633789062,113.55000305175781,113.55000305175781,84317800.0,0.0,0.0
2022-07-18,AMZN,115.0,117.23999786376953,113.1500015258789,113.76000213623047,113.76000213623047,59115400.0,0.0,0.0
2022-07-19,AMZN,115.69999694824219,118.94999694824219,114.02999877929688,118.20999908447266,118.20999908447266,60990000.0,0.0,0.0
2022-07-20,AMZN,118.62000274658203,123.4800033569336,118.31999969482422,122.7699966430664,122.7699966430664,71268300.0,0.0,0.0
2022-07-21,AMZN,123.19999694824219,124.8499984741211,121.26000213623047,124.62999725341797,124.62999725341797,60239900.0,0.0,0.0
2022-07-22,AMZN,125.01000213623047,125.5,121.3499984741211,122.41999816894531,122.41999816894531,51463800.0,0.0,0.0
2022-07-25,AMZN,122.69999694824219,123.63999938964844,120.02999877929688,121.13999938964844,121.13999938964844,50221300.0,0.0,0.0
2022-07-26,AMZN,115.79000091552734,118.1500015258789,114.52999877929688,114.80999755859375,114.80999755859375,67075100.0,0.0,0.0
2022-07-27,AMZN,117.30999755859375,121.9000015258789,117.16000366210938,120.97000122070312,120.97000122070312,61582000.0,0.0,0.0
2022-07-28,AMZN,121.56999969482422,122.83999633789062,118.08000183105469,122.27999877929688,122.27999877929688,82245500.0,0.0,0.0
2022-07-29,AMZN,134.89999389648438,137.64999389648438,132.41000366210938,134.9499969482422,134.9499969482422,148892900.0,0.0,0.0
2022-08-01,AMZN,134.9600067138672,138.8300018310547,133.50999450683594,135.38999938964844,135.38999938964844,76846900.0,0.0,0.0
2022-08-02,AMZN,134.72000122070312,137.44000244140625,134.08999633789062,134.16000366210938,134.16000366210938,61922400.0,0.0,0.0
2022-08-03,AMZN,136.2100067138672,140.49000549316406,136.0500030517578,139.52000427246094,139.52000427246094,71827800.0,0.0,0.0
2022-08-04,AMZN,140.5800018310547,143.55999755859375,139.5500030517578,142.57000732421875,142.57000732421875,70585000.0,0.0,0.0
2022-08-05,AMZN,140.10000610351562,142.86000061035156,139.60000610351562,140.8000030517578,140.8000030517578,50686900.0,0.0,0.0
2022-08-08,AMZN,142.0500030517578,144.22999572753906,138.2899932861328,139.41000366210938,139.41000366210938,52229000.0,0.0,0.0
2022-08-09,AMZN,138.0500030517578,138.9499969482422,136.2100067138672,137.8300018310547,137.8300018310547,40434700.0,0.0,0.0
2022-08-10,AMZN,142.89999389648438,144.60000610351562,141.00999450683594,142.69000244140625,142.69000244140625,54773800.0,0.0,0.0
2022-08-11,AMZN,143.86000061035156,144.49000549316406,139.75999450683594,140.63999938964844,140.63999938964844,44867300.0,0.0,0.0
2022-08-12,AMZN,142.0500030517578,143.57000732421875,140.1199951171875,143.5500030517578,143.5500030517578,47643500.0,0.0,0.0
2022-08-15,AMZN,142.8000030517578,143.75999450683594,141.49000549316406,143.17999267578125,143.17999267578125,39014600.0,0.0,0.0
2022-08-16,AMZN,143.91000366210938,146.57000732421875,142.0,144.77999877929688,144.77999877929688,59102900.0,0.0,0.0
2022-08-17,AMZN,142.69000244140625,143.3800048828125,140.77999877929688,142.10000610351562,142.10000610351562,48149800.0,0.0,0.0
2022-08-18,AMZN,141.32000732421875,142.77000427246094,140.3800048828125,142.3000030517578,142.3000030517578,37458700.0,0.0,0.0
2022-08-19,AMZN,140.47000122070312,141.11000061035156,137.91000366210938,138.22999572753906,138.22999572753906,47792800.0,0.0,0.0
2022-08-22,AMZN,135.72000122070312,136.32000732421875,132.85000610351562,133.22000122070312,133.22000122070312,50461500.0,0.0,0.0
2022-08-23,AMZN,133.41000366210938,134.99000549316406,132.9499969482422,133.6199951171875,133.6199951171875,36252100.0,0.0,0.0
2022-08-24,AMZN,132.75,135.47000122070312,132.10000610351562,133.8000030517578,133.8000030517578,38627000.0,0.0,0.0
2022-08-25,AMZN,135.25999450683594,137.4199981689453,134.27999877929688,137.27999877929688,137.27999877929688,37496300.0,0.0,0.0
2022-08-26,AMZN,136.5500030517578,137.8300018310547,130.5,130.75,130.75,53322700.0,0.0,0.0
2022-08-29,AMZN,129.89999389648438,131.9499969482422,128.77000427246094,129.7899932861328,129.7899932861328,48101600.0,0.0,0.0
2022-08-30,AMZN,131.25,132.07000732421875,126.8499984741211,128.72999572753906,128.72999572753906,49203000.0,0.0,0.0
2022-08-31,AMZN,129.4499969482422,130.58999633789062,126.73999786376953,126.7699966430664,126.7699966430664,53648700.0,0.0,0.0
2022-09-01,AMZN,126.0,128.02000427246094,123.66000366210938,127.81999969482422,127.81999969482422,56636100.0,0.0,0.0
2022-09-02,AMZN,129.5,131.3800048828125,126.38999938964844,127.51000213623047,127.51000213623047,57429800.0,0.0,0.0
2022-09-06,AMZN,127.91999816894531,128.6199951171875,124.73999786376953,126.11000061035156,126.11000061035156,43888600.0,0.0,0.0
2022-09-07,AMZN,126.12000274658203,129.82000732421875,125.4000015258789,129.47999572753906,129.47999572753906,47900300.0,0.0,0.0
2022-09-08,AMZN,127.72000122070312,130.27999877929688,127.0999984741211,129.82000732421875,129.82000732421875,43988500.0,0.0,0.0
2022-09-09,AMZN,130.91000366210938,133.69000244140625,130.75999450683594,133.27000427246094,133.27000427246094,49387600.0,0.0,0.0
2022-09-12,AMZN,134.10000610351562,136.49000549316406,134.0,136.4499969482422,136.4499969482422,53826900.0,0.0,0.0
2022-09-13,AMZN,131.00999450683594,131.39999389648438,126.2699966430664,126.81999969482422,126.81999969482422,72694000.0,0.0,0.0
2022-09-14,AMZN,127.36000061035156,128.83999633789062,126.33000183105469,128.5500030517578,128.5500030517578,45316800.0,0.0,0.0
2022-09-15,AMZN,127.37999725341797,130.3699951171875,125.5,126.27999877929688,126.27999877929688,52887200.0,0.0,0.0
2022-09-16,AMZN,122.77999877929688,123.87000274658203,120.69999694824219,123.52999877929688,123.52999877929688,115667800.0,0.0,0.0
2022-09-19,AMZN,122.16000366210938,124.70999908447266,121.80000305175781,124.66000366210938,124.66000366210938,47279700.0,0.0,0.0
2022-09-20,AMZN,123.3499984741211,124.4000015258789,121.13999938964844,122.19000244140625,122.19000244140625,47698400.0,0.0,0.0
2022-09-21,AMZN,122.48999786376953,123.76000213623047,118.44999694824219,118.54000091552734,118.54000091552734,58498900.0,0.0,0.0
2022-09-22,AMZN,117.08000183105469,118.79000091552734,116.26000213623047,117.30999755859375,117.30999755859375,55229200.0,0.0,0.0
2022-09-23,AMZN,116.0,116.05000305175781,112.05999755859375,113.77999877929688,113.77999877929688,65126700.0,0.0,0.0
2022-09-26,AMZN,113.30000305175781,117.33999633789062,113.12999725341797,115.1500015258789,115.1500015258789,62723300.0,0.0,0.0
2022-09-27,AMZN,117.19999694824219,118.31999969482422,113.05000305175781,114.41000366210938,114.41000366210938,60094700.0,0.0,0.0
2022-09-28,AMZN,114.37999725341797,118.69999694824219,113.80000305175781,118.01000213623047,118.01000213623047,55763800.0,0.0,0.0
2022-09-29,AMZN,115.5999984741211,116.06999969482422,113.05999755859375,114.80000305175781,114.80000305175781,58969700.0,0.0,0.0
2022-09-30,AMZN,114.08000183105469,116.91999816894531,112.83999633789062,113.0,113.0,59479600.0,0.0,0.0
2022-10-03,AMZN,113.58000183105469,116.91000366210938,112.44999694824219,115.87999725341797,115.87999725341797,50941900.0,0.0,0.0
2022-10-04,AMZN,119.88999938964844,123.0,119.79000091552734,121.08999633789062,121.08999633789062,62812600.0,0.0,0.0
2022-10-05,AMZN,118.58000183105469,121.75,117.69000244140625,120.94999694824219,120.94999694824219,48217500.0,0.0,0.0
2022-10-06,AMZN,120.7699966430664,121.52999877929688,119.5,120.30000305175781,120.30000305175781,42253800.0,0.0,0.0
2022-10-07,AMZN,118.0,118.16999816894531,113.87999725341797,114.55999755859375,114.55999755859375,54678000.0,0.0,0.0
2022-10-10,AMZN,115.0999984741211,116.25,112.43000030517578,113.66999816894531,113.66999816894531,42339700.0,0.0,0.0
2022-10-11,AMZN,112.70999908447266,115.4800033569336,110.38999938964844,112.20999908447266,112.20999908447266,56432200.0,0.0,0.0
2022-10-12,AMZN,112.48999786376953,113.83000183105469,111.4000015258789,112.9000015258789,112.9000015258789,45728700.0,0.0,0.0
2022-10-13,AMZN,107.87999725341797,113.44000244140625,105.3499984741211,112.52999877929688,112.52999877929688,86868100.0,0.0,0.0
2022-10-14,AMZN,114.0999984741211,114.95999908447266,106.5999984741211,106.9000015258789,106.9000015258789,67737300.0,0.0,0.0
2022-10-17,AMZN,110.11000061035156,114.19000244140625,110.08999633789062,113.79000091552734,113.79000091552734,62782000.0,0.0,0.0
2022-10-18,AMZN,119.05999755859375,119.5199966430664,114.79000091552734,116.36000061035156,116.36000061035156,65607400.0,0.0,0.0
2022-10-19,AMZN,114.70999908447266,116.58999633789062,113.22000122070312,115.06999969482422,115.06999969482422,47198100.0,0.0,0.0
2022-10-20,AMZN,113.83000183105469,118.23999786376953,113.51000213623047,115.25,115.25,48795100.0,0.0,0.0
2022-10-21,AMZN,114.79000091552734,119.58999633789062,114.5,119.31999969482422,119.31999969482422,55660500.0,0.0,0.0
2022-10-24,AMZN,119.9800033569336,120.38999938964844,116.56999969482422,119.81999969482422,119.81999969482422,49531500.0,0.0,0.0
2022-10-25,AMZN,119.6500015258789,121.31999969482422,118.94999694824219,120.5999984741211,120.5999984741211,50934600.0,0.0,0.0
2022-10-26,AMZN,116.0,119.3499984741211,114.76000213623047,115.66000366210938,115.66000366210938,68802300.0,0.0,0.0
2022-10-27,AMZN,113.91999816894531,114.12000274658203,109.7699966430664,110.95999908447266,110.95999908447266,129605400.0,0.0,0.0
2022-10-28,AMZN,97.91000366210938,103.95999908447266,97.66000366210938,103.41000366210938,103.41000366210938,223133400.0,0.0,0.0
2022-10-31,AMZN,103.55999755859375,104.87000274658203,100.73999786376953,102.44000244140625,102.44000244140625,99251400.0,0.0,0.0
2022-11-01,AMZN,103.98999786376953,104.58000183105469,96.05999755859375,96.79000091552734,96.79000091552734,153370000.0,0.0,0.0
2022-11-02,AMZN,97.31999969482422,97.73999786376953,92.01000213623047,92.12000274658203,92.12000274658203,135761800.0,0.0,0.0
2022-11-03,AMZN,92.47000122070312,93.5,89.0199966430664,89.30000305175781,89.30000305175781,136683300.0,0.0,0.0
2022-11-04,AMZN,91.48999786376953,92.44000244140625,88.04000091552734,90.9800033569336,90.9800033569336,129101300.0,0.0,0.0
2022-11-07,AMZN,91.94999694824219,92.0999984741211,89.04000091552734,90.52999877929688,90.52999877929688,77495700.0,0.0,0.0
2022-11-08,AMZN,90.79000091552734,91.72000122070312,88.2300033569336,89.9800033569336,89.9800033569336,88703400.0,0.0,0.0
2022-11-09,AMZN,89.47000122070312,89.4800033569336,85.87000274658203,86.13999938964844,86.13999938964844,90796200.0,0.0,0.0
2022-11-10,AMZN,92.94000244140625,98.69000244140625,91.6500015258789,96.62999725341797,96.62999725341797,173414900.0,0.0,0.0
2022-11-11,AMZN,97.87999725341797,101.19000244140625,96.66000366210938,100.79000091552734,100.79000091552734,111590500.0,0.0,0.0
2022-11-14,AMZN,98.7699966430664,100.12000274658203,97.29000091552734,98.48999786376953,98.48999786376953,99533100.0,0.0,0.0
2022-11-15,AMZN,103.20999908447266,103.79000091552734,97.33999633789062,98.94000244140625,98.94000244140625,111336300.0,0.0,0.0
2022-11-16,AMZN,96.8499984741211,98.48999786376953,95.54000091552734,97.12000274658203,97.12000274658203,87958800.0,0.0,0.0
2022-11-17,AMZN,95.37000274658203,96.97000122070312,94.02999877929688,94.8499984741211,94.8499984741211,82617900.0,0.0,0.0
2022-11-18,AMZN,95.94999694824219,95.98999786376953,92.4800033569336,94.13999938964844,94.13999938964844,72428200.0,0.0,0.0
2022-11-21,AMZN,93.97000122070312,95.0199966430664,90.58999633789062,92.45999908447266,92.45999908447266,84330300.0,0.0,0.0
2022-11-22,AMZN,92.62000274658203,93.3499984741211,90.87000274658203,93.19999694824219,93.19999694824219,62192000.0,0.0,0.0
2022-11-23,AMZN,93.23999786376953,94.58000183105469,92.83000183105469,94.12999725341797,94.12999725341797,59414700.0,0.0,0.0
2022-11-25,AMZN,93.79000091552734,94.43000030517578,93.06999969482422,93.41000366210938,93.41000366210938,35088600.0,0.0,0.0
2022-11-28,AMZN,93.93000030517578,96.4000015258789,93.43000030517578,93.94999694824219,93.94999694824219,74943100.0,0.0,0.0
2022-11-29,AMZN,94.04000091552734,94.41000366210938,91.44000244140625,92.41999816894531,92.41999816894531,65567300.0,0.0,0.0
2022-11-30,AMZN,92.47000122070312,96.54000091552734,91.52999877929688,96.54000091552734,96.54000091552734,102805800.0,0.0,0.0
2022-12-01,AMZN,96.98999786376953,97.2300033569336,94.91999816894531,95.5,95.5,68488000.0,0.0,0.0
2022-12-02,AMZN,94.4800033569336,95.36000061035156,93.77999877929688,94.12999725341797,94.12999725341797,72496400.0,0.0,0.0
2022-12-05,AMZN,93.05000305175781,94.05999755859375,90.81999969482422,91.01000213623047,91.01000213623047,71535500.0,0.0,0.0
2022-12-06,AMZN,90.5,91.04000091552734,87.9000015258789,88.25,88.25,75503600.0,0.0,0.0
2022-12-07,AMZN,88.33999633789062,89.88999938964844,87.4800033569336,88.45999908447266,88.45999908447266,68086900.0,0.0,0.0
2022-12-08,AMZN,89.23999786376953,90.86000061035156,87.87999725341797,90.3499984741211,90.3499984741211,73305900.0,0.0,0.0
2022-12-09,AMZN,88.9000015258789,90.30000305175781,88.62999725341797,89.08999633789062,89.08999633789062,67398500.0,0.0,0.0
2022-12-12,AMZN,89.20999908447266,90.58000183105469,87.87000274658203,90.55000305175781,90.55000305175781,61999800.0,0.0,0.0
2022-12-13,AMZN,95.2300033569336,96.25,90.5199966430664,92.48999786376953,92.48999786376953,100212000.0,0.0,0.0
2022-12-14,AMZN,92.5,93.45999908447266,89.87000274658203,91.58000183105469,91.58000183105469,70298000.0,0.0,0.0
2022-12-15,AMZN,89.88999938964844,89.97000122070312,87.47000122070312,88.44999694824219,88.44999694824219,84802900.0,0.0,0.0
2022-12-16,AMZN,88.2699966430664,89.3499984741211,86.7300033569336,87.86000061035156,87.86000061035156,146144100.0,0.0,0.0
2022-12-19,AMZN,87.51000213623047,87.62999725341797,84.51000213623047,84.91999816894531,84.91999816894531,83531500.0,0.0,0.0
2022-12-20,AMZN,85.33000183105469,86.61000061035156,84.33000183105469,85.19000244140625,85.19000244140625,74348300.0,0.0,0.0
2022-12-21,AMZN,86.18000030517578,87.2300033569336,85.20999908447266,86.7699966430664,86.7699966430664,59267200.0,0.0,0.0
2022-12-22,AMZN,85.5199966430664,85.68000030517578,82.25,83.79000091552734,83.79000091552734,81431300.0,0.0,0.0
2022-12-23,AMZN,83.25,85.77999877929688,82.93000030517578,85.25,85.25,57433700.0,0.0,0.0
2022-12-27,AMZN,84.97000122070312,85.3499984741211,83.0,83.04000091552734,83.04000091552734,57284000.0,0.0,0.0
2022-12-28,AMZN,82.80000305175781,83.4800033569336,81.69000244140625,81.81999969482422,81.81999969482422,58228600.0,0.0,0.0
2022-12-29,AMZN,82.87000274658203,84.55000305175781,82.55000305175781,84.18000030517578,84.18000030517578,54995900.0,0.0,0.0
2022-12-30,AMZN,83.12000274658203,84.05000305175781,82.47000122070312,84.0,84.0,62401200.0,0.0,0.0
2023-01-03,AMZN,85.45999908447266,86.95999908447266,84.20999908447266,85.81999969482422,85.81999969482422,76706000.0,0.0,0.0
2023-01-04,AMZN,86.55000305175781,86.9800033569336,83.36000061035156,85.13999938964844,85.13999938964844,68885100.0,0.0,0.0
2023-01-05,AMZN,85.33000183105469,85.41999816894531,83.06999969482422,83.12000274658203,83.12000274658203,67930800.0,0.0,0.0
2023-01-06,AMZN,83.02999877929688,86.4000015258789,81.43000030517578,86.08000183105469,86.08000183105469,83303400.0,0.0,0.0
2023-01-09,AMZN,87.45999908447266,89.4800033569336,87.08000183105469,87.36000061035156,87.36000061035156,65266100.0,0.0,0.0
2023-01-10,AMZN,87.56999969482422,90.19000244140625,87.29000091552734,89.87000274658203,89.87000274658203,67756600.0,0.0,0.0
2023-01-11,AMZN,90.93000030517578,95.26000213623047,90.93000030517578,95.08999633789062,95.08999633789062,103126200.0,0.0,0.0
2023-01-12,AMZN,96.93000030517578,97.19000244140625,93.5,95.2699966430664,95.2699966430664,85254800.0,0.0,0.0
2023-01-13,AMZN,94.18000030517578,98.37000274658203,94.12000274658203,98.12000274658203,98.12000274658203,85549400.0,0.0,0.0
2023-01-17,AMZN,98.68000030517578,98.88999938964844,95.7300033569336,96.05000305175781,96.05000305175781,72755000.0,0.0,0.0
2023-01-18,AMZN,97.25,99.31999969482422,95.37999725341797,95.45999908447266,95.45999908447266,79570400.0,0.0,0.0
2023-01-19,AMZN,94.73999786376953,95.44000244140625,92.86000061035156,93.68000030517578,93.68000030517578,69002700.0,0.0,0.0
2023-01-20,AMZN,93.86000061035156,97.3499984741211,93.19999694824219,97.25,97.25,67481500.0,0.0,0.0
2023-01-23,AMZN,97.55999755859375,97.77999877929688,95.86000061035156,97.5199966430664,97.5199966430664,76501100.0,0.0,0.0
2023-01-24,AMZN,96.93000030517578,98.08999633789062,96.0,96.31999969482422,96.31999969482422,66929500.0,0.0,0.0
2023-01-25,AMZN,92.55999755859375,97.23999786376953,91.5199966430664,97.18000030517578,97.18000030517578,94261600.0,0.0,0.0
2023-01-26,AMZN,98.23999786376953,99.48999786376953,96.91999816894531,99.22000122070312,99.22000122070312,68523600.0,0.0,0.0
2023-01-27,AMZN,99.52999877929688,103.48999786376953,99.52999877929688,102.23999786376953,102.23999786376953,87775600.0,0.0,0.0
2023-01-30,AMZN,101.08999633789062,101.73999786376953,99.01000213623047,100.55000305175781,100.55000305175781,70691900.0,0.0,0.0
2023-01-31,AMZN,101.16000366210938,103.3499984741211,101.13999938964844,103.12999725341797,103.12999725341797,66527300.0,0.0,0.0
2023-02-01,AMZN,102.52999877929688,106.23999786376953,101.23999786376953,105.1500015258789,105.1500015258789,80450100.0,0.0,0.0
2023-02-02,AMZN,110.25,114.0,108.87999725341797,112.91000366210938,112.91000366210938,158154200.0,0.0,0.0
2023-02-03,AMZN,105.26000213623047,108.77999877929688,102.5199966430664,103.38999938964844,103.38999938964844,144374800.0,0.0,0.0
2023-02-06,AMZN,102.93000030517578,103.94999694824219,100.6500015258789,102.18000030517578,102.18000030517578,81945200.0,0.0,0.0
2023-02-07,AMZN,101.16999816894531,102.41000366210938,98.08000183105469,102.11000061035156,102.11000061035156,119501300.0,0.0,0.0
2023-02-08,AMZN,102.04000091552734,102.66999816894531,98.77999877929688,100.05000305175781,100.05000305175781,75878300.0,0.0,0.0
2023-02-09,AMZN,101.31999969482422,101.77999877929688,97.56999969482422,98.23999786376953,98.23999786376953,64622500.0,0.0,0.0
2023-02-10,AMZN,97.55999755859375,98.81999969482422,96.2300033569336,97.61000061035156,97.61000061035156,52740100.0,0.0,0.0
2023-02-13,AMZN,97.8499984741211,99.68000030517578,96.91000366210938,99.54000091552734,99.54000091552734,52841500.0,0.0,0.0
2023-02-14,AMZN,98.41000366210938,100.91999816894531,97.5199966430664,99.69999694824219,99.69999694824219,56202900.0,0.0,0.0
2023-02-15,AMZN,99.08999633789062,101.16999816894531,98.44999694824219,101.16000366210938,101.16000366210938,47957600.0,0.0,0.0
2023-02-16,AMZN,99.20999908447266,100.62999725341797,98.0999984741211,98.1500015258789,98.1500015258789,56339200.0,0.0,0.0
2023-02-17,AMZN,97.80000305175781,97.94000244140625,95.6500015258789,97.19999694824219,97.19999694824219,60029400.0,0.0,0.0
2023-02-21,AMZN,95.33999633789062,95.61000061035156,94.2699966430664,94.58000183105469,94.58000183105469,56580400.0,0.0,0.0
2023-02-22,AMZN,95.0999984741211,97.01000213623047,94.80000305175781,95.79000091552734,95.79000091552734,59534100.0,0.0,0.0
2023-02-23,AMZN,96.12000274658203,96.43000030517578,93.66999816894531,95.81999969482422,95.81999969482422,48467000.0,0.0,0.0
2023-02-24,AMZN,93.52999877929688,94.13999938964844,92.31999969482422,93.5,93.5,57053800.0,0.0,0.0
2023-02-27,AMZN,94.27999877929688,94.77999877929688,93.13999938964844,93.76000213623047,93.76000213623047,47470300.0,0.0,0.0
2023-02-28,AMZN,93.13999938964844,94.69000244140625,92.91999816894531,94.2300033569336,94.2300033569336,43959300.0,0.0,0.0
2023-03-01,AMZN,93.87000274658203,94.68000030517578,91.58999633789062,92.16999816894531,92.16999816894531,52299500.0,0.0,0.0
2023-03-02,AMZN,91.41000366210938,92.2300033569336,90.38999938964844,92.12999725341797,92.12999725341797,55509400.0,0.0,0.0
2023-03-03,AMZN,92.73999786376953,94.94000244140625,92.66000366210938,94.9000015258789,94.9000015258789,55759600.0,0.0,0.0
2023-03-06,AMZN,95.19000244140625,96.55000305175781,93.73999786376953,93.75,93.75,52112400.0,0.0,0.0
2023-03-07,AMZN,94.05999755859375,95.08999633789062,92.77999877929688,93.55000305175781,93.55000305175781,49100700.0,0.0,0.0
2023-03-08,AMZN,93.5999984741211,94.16999816894531,92.18000030517578,93.91999816894531,93.91999816894531,44899100.0,0.0,0.0
2023-03-09,AMZN,93.68000030517578,96.20999908447266,92.18000030517578,92.25,92.25,56218700.0,0.0,0.0
2023-03-10,AMZN,92.66999816894531,93.56999969482422,90.25,90.7300033569336,90.7300033569336,69827500.0,0.0,0.0
2023-03-13,AMZN,89.97000122070312,94.0199966430664,88.12000274658203,92.43000030517578,92.43000030517578,72397100.0,0.0,0.0
2023-03-14,AMZN,93.83000183105469,95.06999969482422,92.70999908447266,94.87999725341797,94.87999725341797,60912700.0,0.0,0.0
2023-03-15,AMZN,93.22000122070312,96.66999816894531,93.06999969482422,96.19999694824219,96.19999694824219,70731800.0,0.0,0.0
2023-03-16,AMZN,95.75,100.98999786376953,95.61000061035156,100.04000091552734,100.04000091552734,84446900.0,0.0,0.0
2023-03-17,AMZN,99.79000091552734,100.66000366210938,97.45999908447266,98.94999694824219,98.94999694824219,87300200.0,0.0,0.0
2023-03-20,AMZN,98.41000366210938,98.4800033569336,95.69999694824219,97.70999908447266,97.70999908447266,62388900.0,0.0,0.0
2023-03-21,AMZN,98.13999938964844,100.8499984741211,98.0,100.61000061035156,100.61000061035156,58597300.0,0.0,0.0
2023-03-22,AMZN,100.44999694824219,102.0999984741211,98.61000061035156,98.69999694824219,98.69999694824219,57475400.0,0.0,0.0
2023-03-23,AMZN,100.43000030517578,101.05999755859375,97.62000274658203,98.70999908447266,98.70999908447266,57559300.0,0.0,0.0
2023-03-24,AMZN,98.06999969482422,98.30000305175781,96.4000015258789,98.12999725341797,98.12999725341797,56095400.0,0.0,0.0
2023-03-27,AMZN,99.06999969482422,99.33999633789062,97.08000183105469,98.04000091552734,98.04000091552734,46721300.0,0.0,0.0
2023-03-28,AMZN,98.11000061035156,98.44000244140625,96.29000091552734,97.23999786376953,97.23999786376953,38720100.0,0.0,0.0
2023-03-29,AMZN,98.69000244140625,100.41999816894531,98.55999755859375,100.25,100.25,49783300.0,0.0,0.0
2023-03-30,AMZN,101.55000305175781,103.04000091552734,101.01000213623047,102.0,102.0,53633400.0,0.0,0.0
2023-03-31,AMZN,102.16000366210938,103.48999786376953,101.94999694824219,103.29000091552734,103.29000091552734,56750300.0,0.0,0.0
2023-04-03,AMZN,102.30000305175781,103.29000091552734,101.43000030517578,102.41000366210938,102.41000366210938,41135700.0,0.0,0.0
2023-04-04,AMZN,102.75,104.19999694824219,102.11000061035156,103.94999694824219,103.94999694824219,48662500.0,0.0,0.0
2023-04-05,AMZN,103.91000366210938,103.91000366210938,100.75,101.0999984741211,101.0999984741211,45175400.0,0.0,0.0
2023-04-06,AMZN,100.75,102.37999725341797,99.80000305175781,102.05999755859375,102.05999755859375,43808000.0,0.0,0.0
2023-04-10,AMZN,100.95999908447266,102.19999694824219,99.56999969482422,102.16999816894531,102.16999816894531,37261200.0,0.0,0.0
2023-04-11,AMZN,100.80000305175781,101.0,99.01000213623047,99.91999816894531,99.91999816894531,60417800.0,0.0,0.0
2023-04-12,AMZN,100.4000015258789,100.51000213623047,97.70999908447266,97.83000183105469,97.83000183105469,56735000.0,0.0,0.0
2023-04-13,AMZN,98.94999694824219,102.56999969482422,98.70999908447266,102.4000015258789,102.4000015258789,67925100.0,0.0,0.0
2023-04-14,AMZN,102.06999969482422,103.19999694824219,101.11000061035156,102.51000213623047,102.51000213623047,51450500.0,0.0,0.0
2023-04-17,AMZN,103.16000366210938,103.7300033569336,101.58999633789062,102.73999786376953,102.73999786376953,39919500.0,0.0,0.0
2023-04-18,AMZN,103.94999694824219,104.19999694824219,101.5199966430664,102.30000305175781,102.30000305175781,39790500.0,0.0,0.0
2023-04-19,AMZN,101.58000183105469,105.12000274658203,101.38999938964844,104.30000305175781,104.30000305175781,58398900.0,0.0,0.0
2023-04-20,AMZN,103.52999877929688,105.25,103.20999908447266,103.80999755859375,103.80999755859375,57696900.0,0.0,0.0
2023-04-21,AMZN,106.0999984741211,108.1500015258789,105.08000183105469,106.95999908447266,106.95999908447266,86774200.0,0.0,0.0
2023-04-24,AMZN,107.66000366210938,109.2300033569336,105.06999969482422,106.20999908447266,106.20999908447266,69575600.0,0.0,0.0
2023-04-25,AMZN,104.91000366210938,105.44999694824219,102.44999694824219,102.56999969482422,102.56999969482422,65026800.0,0.0,0.0
2023-04-26,AMZN,105.04000091552734,106.62000274658203,104.0999984741211,104.9800033569336,104.9800033569336,73803800.0,0.0,0.0
2023-04-27,AMZN,108.16000366210938,110.86000061035156,106.80000305175781,109.81999969482422,109.81999969482422,149961200.0,0.0,0.0
2023-04-28,AMZN,107.7300033569336,109.4800033569336,104.33000183105469,105.44999694824219,105.44999694824219,130715900.0,0.0,0.0
2023-05-01,AMZN,104.94999694824219,105.2300033569336,101.81999969482422,102.05000305175781,102.05000305175781,74728100.0,0.0,0.0
2023-05-02,AMZN,101.47000122070312,103.9000015258789,101.1500015258789,103.62999725341797,103.62999725341797,73469400.0,0.0,0.0
2023-05-03,AMZN,103.73999786376953,105.95999908447266,103.27999877929688,103.6500015258789,103.6500015258789,65051900.0,0.0,0.0
2023-05-04,AMZN,104.04000091552734,105.38999938964844,103.30999755859375,104.0,104.0,45345500.0,0.0,0.0
2023-05-05,AMZN,104.2699966430664,105.76000213623047,103.55000305175781,105.66000366210938,105.66000366210938,56951700.0,0.0,0.0
2023-05-08,AMZN,105.04000091552734,106.0999984741211,104.69999694824219,105.83000183105469,105.83000183105469,49430900.0,0.0,0.0
2023-05-09,AMZN,105.4800033569336,106.79000091552734,105.16000366210938,106.62000274658203,106.62000274658203,44089400.0,0.0,0.0
2023-05-10,AMZN,108.0999984741211,110.66999816894531,108.05000305175781,110.19000244140625,110.19000244140625,78627600.0,0.0,0.0
2023-05-11,AMZN,111.02999877929688,113.27999877929688,110.48999786376953,112.18000030517578,112.18000030517578,74924800.0,0.0,0.0
2023-05-12,AMZN,112.16000366210938,112.63999938964844,109.31999969482422,110.26000213623047,110.26000213623047,49852700.0,0.0,0.0
2023-05-15,AMZN,111.1500015258789,112.29000091552734,109.25,111.19999694824219,111.19999694824219,53011100.0,0.0,0.0
2023-05-16,AMZN,111.05000305175781,114.79000091552734,111.05000305175781,113.4000015258789,113.4000015258789,71472900.0,0.0,0.0
2023-05-17,AMZN,114.88999938964844,115.83000183105469,114.22000122070312,115.5,115.5,65655200.0,0.0,0.0
2023-05-18,AMZN,116.69000244140625,118.5999984741211,116.33999633789062,118.1500015258789,118.1500015258789,73174100.0,0.0,0.0
2023-05-19,AMZN,118.16000366210938,118.30999755859375,115.69999694824219,116.25,116.25,55056300.0,0.0,0.0
2023-05-22,AMZN,116.7699966430664,116.7699966430664,114.25,115.01000213623047,115.01000213623047,70741100.0,0.0,0.0
2023-05-23,AMZN,114.2699966430664,117.13999938964844,113.77999877929688,114.98999786376953,114.98999786376953,67576300.0,0.0,0.0
2023-05-24,AMZN,115.3499984741211,117.33999633789062,115.0199966430664,116.75,116.75,63487900.0,0.0,0.0
2023-05-25,AMZN,116.62999725341797,116.87000274658203,114.30999755859375,115.0,115.0,66496700.0,0.0,0.0
2023-05-26,AMZN,116.04000091552734,121.5,116.0199966430664,120.11000061035156,120.11000061035156,96779900.0,0.0,0.0
2023-05-30,AMZN,122.37000274658203,122.91999816894531,119.86000061035156,121.66000366210938,121.66000366210938,64314800.0,0.0,0.0
2023-05-31,AMZN,121.44999694824219,122.04000091552734,119.16999816894531,120.58000183105469,120.58000183105469,72800800.0,0.0,0.0
2023-06-01,AMZN,120.69000244140625,123.48999786376953,119.93000030517578,122.7699966430664,122.7699966430664,54375100.0,0.0,0.0
2023-06-02,AMZN,124.91999816894531,126.38999938964844,124.0199966430664,124.25,124.25,61264400.0,0.0,0.0
2023-06-05,AMZN,123.36000061035156,125.80000305175781,123.02999877929688,125.30000305175781,125.30000305175781,47950100.0,0.0,0.0
2023-06-06,AMZN,125.06999969482422,127.4000015258789,125.0,126.61000061035156,126.61000061035156,45695200.0,0.0,0.0
2023-06-07,AMZN,127.01000213623047,127.37000274658203,120.62999725341797,121.2300033569336,121.2300033569336,95663300.0,0.0,0.0
2023-06-08,AMZN,123.01000213623047,125.62999725341797,122.26000213623047,124.25,124.25,62159300.0,0.0,0.0
2023-06-09,AMZN,124.08000183105469,125.80000305175781,123.19000244140625,123.43000030517578,123.43000030517578,51396000.0,0.0,0.0
2023-06-12,AMZN,124.0199966430664,126.77999877929688,123.52999877929688,126.56999969482422,126.56999969482422,51338000.0,0.0,0.0
2023-06-13,AMZN,128.1199951171875,128.41000366210938,125.18000030517578,126.66000366210938,126.66000366210938,50564800.0,0.0,0.0
2023-06-14,AMZN,126.69999694824219,126.94999694824219,124.12000274658203,126.41999816894531,126.41999816894531,52422500.0,0.0,0.0
2023-06-15,AMZN,125.20999908447266,127.69000244140625,124.31999969482422,127.11000061035156,127.11000061035156,60458500.0,0.0,0.0
2023-06-16,AMZN,127.70999908447266,127.9000015258789,125.30000305175781,125.48999786376953,125.48999786376953,84247100.0,0.0,0.0
2023-06-20,AMZN,124.97000122070312,127.25,124.5,125.77999877929688,125.77999877929688,56930100.0,0.0,0.0
2023-06-21,AMZN,125.63999938964844,126.7300033569336,123.8499984741211,124.83000183105469,124.83000183105469,52137700.0,0.0,0.0
2023-06-22,AMZN,125.30999755859375,130.3300018310547,125.13999938964844,130.14999389648438,130.14999389648438,90354600.0,0.0,0.0
2023-06-23,AMZN,129.11000061035156,130.83999633789062,128.27999877929688,129.3300018310547,129.3300018310547,71927800.0,0.0,0.0
2023-06-26,AMZN,129.3300018310547,131.49000549316406,127.0999984741211,127.33000183105469,127.33000183105469,59989300.0,0.0,0.0
2023-06-27,AMZN,128.6300048828125,130.08999633789062,127.55000305175781,129.17999267578125,129.17999267578125,46801000.0,0.0,0.0
2023-06-28,AMZN,128.94000244140625,131.47999572753906,128.44000244140625,129.0399932861328,129.0399932861328,52149500.0,0.0,0.0
2023-06-29,AMZN,128.77000427246094,129.25999450683594,127.26000213623047,127.9000015258789,127.9000015258789,40761000.0,0.0,0.0
2023-06-30,AMZN,129.47000122070312,131.25,128.9499969482422,130.36000061035156,130.36000061035156,54350700.0,0.0,0.0
2023-07-03,AMZN,130.82000732421875,131.85000610351562,130.07000732421875,130.22000122070312,130.22000122070312,28264800.0,0.0,0.0
2023-07-05,AMZN,130.24000549316406,131.39999389648438,129.63999938964844,130.3800048828125,130.3800048828125,35895400.0,0.0,0.0
2023-07-06,AMZN,128.25,128.72999572753906,127.37000274658203,128.36000061035156,128.36000061035156,40639900.0,0.0,0.0
2023-07-07,AMZN,128.58999633789062,130.97000122070312,128.1300048828125,129.77999877929688,129.77999877929688,41992300.0,0.0,0.0
2023-07-10,AMZN,129.07000732421875,129.27999877929688,125.91999816894531,127.12999725341797,127.12999725341797,61889300.0,0.0,0.0
2023-07-11,AMZN,127.75,129.77000427246094,127.3499984741211,128.77999877929688,128.77999877929688,49951500.0,0.0,0.0
2023-07-12,AMZN,130.30999755859375,131.25999450683594,128.8300018310547,130.8000030517578,130.8000030517578,54022800.0,0.0,0.0
2023-07-13,AMZN,134.0399932861328,134.6699981689453,132.7100067138672,134.3000030517578,134.3000030517578,61170900.0,0.0,0.0
2023-07-14,AMZN,134.05999755859375,136.64999389648438,134.05999755859375,134.67999267578125,134.67999267578125,54487100.0,0.0,0.0
2023-07-17,AMZN,134.55999755859375,135.6199951171875,133.2100067138672,133.55999755859375,133.55999755859375,48450200.0,0.0,0.0
2023-07-18,AMZN,132.7100067138672,133.86000061035156,131.35000610351562,132.8300018310547,132.8300018310547,54882900.0,0.0,0.0
2023-07-19,AMZN,133.38999938964844,135.99000549316406,132.52999877929688,135.36000061035156,135.36000061035156,54531000.0,0.0,0.0
2023-07-20,AMZN,134.07000732421875,134.7899932861328,129.3300018310547,129.9600067138672,129.9600067138672,59820600.0,0.0,0.0
2023-07-21,AMZN,131.33999633789062,131.3699951171875,128.4199981689453,130.0,130.0,133307300.0,0.0,0.0
2023-07-24,AMZN,130.30999755859375,131.66000366210938,128.35000610351562,128.8000030517578,128.8000030517578,45591100.0,0.0,0.0
2023-07-25,AMZN,129.30999755859375,129.5800018310547,128.52999877929688,129.1300048828125,129.1300048828125,39236700.0,0.0,0.0
2023-07-26,AMZN,126.51000213623047,129.0800018310547,126.11000061035156,128.14999389648438,128.14999389648438,53910100.0,0.0,0.0
2023-07-27,AMZN,131.0,132.6300048828125,127.79000091552734,128.25,128.25,52610700.0,0.0,0.0
2023-07-28,AMZN,129.69000244140625,133.00999450683594,129.3300018310547,132.2100067138672,132.2100067138672,46317400.0,0.0,0.0
2023-07-31,AMZN,133.1999969482422,133.8699951171875,132.3800048828125,133.67999267578125,133.67999267578125,41901500.0,0.0,0.0
2023-08-01,AMZN,133.5500030517578,133.69000244140625,131.6199951171875,131.69000244140625,131.69000244140625,42098500.0,0.0,0.0
2023-08-02,AMZN,130.14999389648438,130.22999572753906,126.81999969482422,128.2100067138672,128.2100067138672,51027600.0,0.0,0.0
2023-08-03,AMZN,127.4800033569336,129.83999633789062,126.41000366210938,128.91000366210938,128.91000366210938,88585200.0,0.0,0.0
2023-08-04,AMZN,141.05999755859375,143.6300048828125,139.32000732421875,139.57000732421875,139.57000732421875,153128500.0,0.0,0.0
2023-08-07,AMZN,140.99000549316406,142.5399932861328,138.9499969482422,142.22000122070312,142.22000122070312,71213100.0,0.0,0.0
2023-08-08,AMZN,140.6199951171875,140.83999633789062,138.4199981689453,139.94000244140625,139.94000244140625,51710500.0,0.0,0.0
2023-08-09,AMZN,139.97000122070312,140.32000732421875,137.10000610351562,137.85000610351562,137.85000610351562,50017300.0,0.0,0.0
2023-08-10,AMZN,139.07000732421875,140.41000366210938,137.49000549316406,138.55999755859375,138.55999755859375,58928400.0,0.0,0.0
2023-08-11,AMZN,137.39999389648438,139.3300018310547,137.0,138.41000366210938,138.41000366210938,42905800.0,0.0,0.0
2023-08-14,AMZN,138.3000030517578,140.58999633789062,137.75,140.57000732421875,140.57000732421875,47148700.0,0.0,0.0
2023-08-15,AMZN,140.0500030517578,141.27999877929688,137.22999572753906,137.6699981689453,137.6699981689453,42781500.0,0.0,0.0
2023-08-16,AMZN,137.19000244140625,137.27000427246094,135.00999450683594,135.07000732421875,135.07000732421875,41675900.0,0.0,0.0
2023-08-17,AMZN,135.4600067138672,136.08999633789062,133.52999877929688,133.97999572753906,133.97999572753906,48354100.0,0.0,0.0
2023-08-18,AMZN,131.6199951171875,134.07000732421875,131.14999389648438,133.22000122070312,133.22000122070312,48497700.0,0.0,0.0
2023-08-21,AMZN,133.74000549316406,135.19000244140625,132.7100067138672,134.67999267578125,134.67999267578125,41442500.0,0.0,0.0
2023-08-22,AMZN,135.0800018310547,135.64999389648438,133.72999572753906,134.25,134.25,32905400.0,0.0,0.0
2023-08-23,AMZN,134.5,135.9499969482422,133.22000122070312,135.52000427246094,135.52000427246094,42801000.0,0.0,0.0
2023-08-24,AMZN,136.39999389648438,136.77999877929688,131.8300018310547,131.83999633789062,131.83999633789062,43646300.0,0.0,0.0
2023-08-25,AMZN,132.47000122070312,133.8699951171875,130.5800018310547,133.25999450683594,133.25999450683594,44147500.0,0.0,0.0
2023-08-28,AMZN,133.77999877929688,133.9499969482422,131.85000610351562,133.13999938964844,133.13999938964844,34108400.0,0.0,0.0
2023-08-29,AMZN,133.3800048828125,135.13999938964844,133.25,134.91000366210938,134.91000366210938,38646100.0,0.0,0.0
2023-08-30,AMZN,134.92999267578125,135.67999267578125,133.9199981689453,135.07000732421875,135.07000732421875,36137000.0,0.0,0.0
2023-08-31,AMZN,135.05999755859375,138.7899932861328,135.0,138.00999450683594,138.00999450683594,58781300.0,0.0,0.0
2023-09-01,AMZN,139.4600067138672,139.9600067138672,136.8800048828125,138.1199951171875,138.1199951171875,40991500.0,0.0,0.0
2023-09-05,AMZN,137.72999572753906,137.8000030517578,135.82000732421875,137.27000427246094,137.27000427246094,40636700.0,0.0,0.0
2023-09-06,AMZN,136.32000732421875,137.4499969482422,134.61000061035156,135.36000061035156,135.36000061035156,41785500.0,0.0,0.0
2023-09-07,AMZN,133.89999389648438,138.02999877929688,133.16000366210938,137.85000610351562,137.85000610351562,48498900.0,0.0,0.0
2023-09-08,AMZN,136.86000061035156,138.85000610351562,136.75,138.22999572753906,138.22999572753906,38348200.0,0.0,0.0
2023-09-11,AMZN,138.75,143.6199951171875,138.63999938964844,143.10000610351562,143.10000610351562,56764500.0,0.0,0.0
2023-09-12,AMZN,142.32000732421875,143.0,140.61000061035156,141.22999572753906,141.22999572753906,42668500.0,0.0,0.0
2023-09-13,AMZN,140.9499969482422,144.97999572753906,140.8699951171875,144.85000610351562,144.85000610351562,60465200.0,0.0,0.0
2023-09-14,AMZN,145.0800018310547,145.86000061035156,142.9499969482422,144.72000122070312,144.72000122070312,64033600.0,0.0,0.0
2023-09-15,AMZN,142.69000244140625,143.57000732421875,140.08999633789062,140.38999938964844,140.38999938964844,102909300.0,0.0,0.0
2023-09-18,AMZN,140.47999572753906,141.75,139.22000122070312,139.97999572753906,139.97999572753906,42823500.0,0.0,0.0
2023-09-19,AMZN,138.6999969482422,138.83999633789062,135.55999755859375,137.6300048828125,137.6300048828125,61482500.0,0.0,0.0
2023-09-20,AMZN,138.5500030517578,139.3699951171875,135.1999969482422,135.2899932861328,135.2899932861328,46263700.0,0.0,0.0
2023-09-21,AMZN,131.94000244140625,132.24000549316406,129.30999755859375,129.3300018310547,129.3300018310547,70343300.0,0.0,0.0
2023-09-22,AMZN,131.11000061035156,132.02999877929688,128.52000427246094,129.1199951171875,129.1199951171875,59904300.0,0.0,0.0
2023-09-25,AMZN,129.36000061035156,131.77999877929688,128.77000427246094,131.27000427246094,131.27000427246094,46017800.0,0.0,0.0
2023-09-26,AMZN,130.1199951171875,130.38999938964844,125.27999877929688,125.9800033569336,125.9800033569336,73048200.0,0.0,0.0
2023-09-27,AMZN,125.76000213623047,127.4800033569336,124.12999725341797,125.9800033569336,125.9800033569336,66553400.0,0.0,0.0
2023-09-28,AMZN,124.04000091552734,126.58000183105469,123.04000091552734,125.9800033569336,125.9800033569336,54555000.0,0.0,0.0
2023-09-29,AMZN,128.1999969482422,129.14999389648438,126.31999969482422,127.12000274658203,127.12000274658203,62411700.0,0.0,0.0
2023-10-02,AMZN,127.27999877929688,130.47000122070312,126.54000091552734,129.4600067138672,129.4600067138672,48029700.0,0.0,0.0
2023-10-03,AMZN,128.05999755859375,128.52000427246094,124.25,124.72000122070312,124.72000122070312,51565000.0,0.0,0.0
2023-10-04,AMZN,126.05999755859375,127.36000061035156,125.68000030517578,127.0,127.0,44203900.0,0.0,0.0
2023-10-05,AMZN,126.70999908447266,126.7300033569336,124.33000183105469,125.95999908447266,125.95999908447266,39660600.0,0.0,0.0
2023-10-06,AMZN,124.16000366210938,128.4499969482422,124.12999725341797,127.95999908447266,127.95999908447266,46836700.0,0.0,0.0
2023-10-09,AMZN,126.22000122070312,128.7899932861328,124.76000213623047,128.25999450683594,128.25999450683594,38773700.0,0.0,0.0
2023-10-10,AMZN,128.82000732421875,130.74000549316406,128.0500030517578,129.47999572753906,129.47999572753906,42178600.0,0.0,0.0
2023-10-11,AMZN,129.74000549316406,132.0500030517578,129.61000061035156,131.8300018310547,131.8300018310547,40741800.0,0.0,0.0
2023-10-12,AMZN,132.1699981689453,134.47999572753906,131.22999572753906,132.3300018310547,132.3300018310547,55528600.0,0.0,0.0
2023-10-13,AMZN,132.97999572753906,133.30999755859375,128.9499969482422,129.7899932861328,129.7899932861328,45786600.0,0.0,0.0
2023-10-16,AMZN,130.69000244140625,133.07000732421875,130.42999267578125,132.5500030517578,132.5500030517578,42832900.0,0.0,0.0
2023-10-17,AMZN,130.38999938964844,132.5800018310547,128.7100067138672,131.47000122070312,131.47000122070312,49344600.0,0.0,0.0
2023-10-18,AMZN,129.89999389648438,130.6699981689453,127.51000213623047,128.1300048828125,128.1300048828125,42699500.0,0.0,0.0
2023-10-19,AMZN,130.57000732421875,132.24000549316406,127.47000122070312,128.39999389648438,128.39999389648438,60961400.0,0.0,0.0
2023-10-20,AMZN,128.0500030517578,128.1699981689453,124.97000122070312,125.16999816894531,125.16999816894531,56406400.0,0.0,0.0
2023-10-23,AMZN,124.62999725341797,127.87999725341797,123.9800033569336,126.55999755859375,126.55999755859375,48260000.0,0.0,0.0
2023-10-24,AMZN,127.73999786376953,128.8000030517578,126.33999633789062,128.55999755859375,128.55999755859375,46477400.0,0.0,0.0
2023-10-25,AMZN,126.04000091552734,126.33999633789062,120.79000091552734,121.38999938964844,121.38999938964844,74577500.0,0.0,0.0
2023-10-26,AMZN,120.62999725341797,121.63999938964844,118.3499984741211,119.56999969482422,119.56999969482422,100419500.0,0.0,0.0
2023-10-27,AMZN,126.19999694824219,130.02000427246094,125.5199966430664,127.73999786376953,127.73999786376953,125309300.0,0.0,0.0
2023-10-30,AMZN,129.72000122070312,133.0,128.55999755859375,132.7100067138672,132.7100067138672,72485500.0,0.0,0.0
2023-10-31,AMZN,132.75,133.57000732421875,131.7100067138672,133.08999633789062,133.08999633789062,51589400.0,0.0,0.0
2023-11-01,AMZN,133.9600067138672,137.35000610351562,133.7100067138672,137.0,137.0,61529400.0,0.0,0.0
2023-11-02,AMZN,138.72999572753906,138.80999755859375,136.47000122070312,138.07000732421875,138.07000732421875,52236700.0,0.0,0.0
2023-11-03,AMZN,138.99000549316406,139.49000549316406,137.4499969482422,138.60000610351562,138.60000610351562,44059800.0,0.0,0.0
2023-11-06,AMZN,138.75999450683594,140.72999572753906,138.36000061035156,139.74000549316406,139.74000549316406,44970400.0,0.0,0.0
2023-11-07,AMZN,140.5500030517578,143.3699951171875,140.5,142.7100067138672,142.7100067138672,53553500.0,0.0,0.0
2023-11-08,AMZN,142.97000122070312,143.1199951171875,141.22000122070312,142.0800018310547,142.0800018310547,44521700.0,0.0,0.0
2023-11-09,AMZN,142.02000427246094,142.64999389648438,139.83999633789062,140.60000610351562,140.60000610351562,36235400.0,0.0,0.0
2023-11-10,AMZN,140.4600067138672,143.64999389648438,139.91000366210938,143.55999755859375,143.55999755859375,49287800.0,0.0,0.0
2023-11-13,AMZN,142.0800018310547,143.22999572753906,140.6699981689453,142.58999633789062,142.58999633789062,35680600.0,0.0,0.0
2023-11-14,AMZN,145.0,147.25999450683594,144.67999267578125,145.8000030517578,145.8000030517578,56674600.0,0.0,0.0
2023-11-15,AMZN,147.05999755859375,147.2899932861328,142.58999633789062,143.1999969482422,143.1999969482422,63875700.0,0.0,0.0
2023-11-16,AMZN,140.91000366210938,143.32000732421875,139.52000427246094,142.8300018310547,142.8300018310547,49653500.0,0.0,0.0
2023-11-17,AMZN,142.66000366210938,145.22999572753906,142.5399932861328,145.17999267578125,145.17999267578125,49636700.0,0.0,0.0
2023-11-20,AMZN,145.1300048828125,146.6300048828125,144.72999572753906,146.1300048828125,146.1300048828125,41951200.0,0.0,0.0
2023-11-21,AMZN,143.91000366210938,144.0500030517578,141.5,143.89999389648438,143.89999389648438,71226000.0,0.0,0.0
2023-11-22,AMZN,144.57000732421875,147.74000549316406,144.57000732421875,146.7100067138672,146.7100067138672,45669100.0,0.0,0.0
2023-11-24,AMZN,146.6999969482422,147.1999969482422,145.32000732421875,146.74000549316406,146.74000549316406,22378400.0,0.0,0.0
2023-11-27,AMZN,147.52999877929688,149.25999450683594,146.8800048828125,147.72999572753906,147.72999572753906,53762400.0,0.0,0.0
2023-11-28,AMZN,146.97999572753906,147.60000610351562,145.52999877929688,147.02999877929688,147.02999877929688,42711700.0,0.0,0.0
2023-11-29,AMZN,147.85000610351562,148.5399932861328,145.97000122070312,146.32000732421875,146.32000732421875,40610900.0,0.0,0.0
2023-11-30,AMZN,144.75999450683594,146.92999267578125,144.3300018310547,146.08999633789062,146.08999633789062,65814000.0,0.0,0.0
2023-12-01,AMZN,146.0,147.25,145.5500030517578,147.02999877929688,147.02999877929688,39951800.0,0.0,0.0
2023-12-04,AMZN,145.25,145.35000610351562,142.80999755859375,144.83999633789062,144.83999633789062,48294200.0,0.0,0.0
2023-12-05,AMZN,143.5500030517578,148.57000732421875,143.1300048828125,146.8800048828125,146.8800048828125,46822400.0,0.0,0.0
2023-12-06,AMZN,147.5800018310547,147.85000610351562,144.27999877929688,144.52000427246094,144.52000427246094,39679000.0,0.0,0.0
2023-12-07,AMZN,146.14999389648438,147.9199981689453,145.33999633789062,146.8800048828125,146.8800048828125,52352800.0,0.0,0.0
2023-12-08,AMZN,145.47999572753906,147.83999633789062,145.39999389648438,147.4199981689453,147.4199981689453,41906000.0,0.0,0.0
2023-12-11,AMZN,145.66000366210938,146.19000244140625,143.63999938964844,145.88999938964844,145.88999938964844,50907300.0,0.0,0.0
2023-12-12,AMZN,145.52000427246094,147.5,145.3000030517578,147.47999572753906,147.47999572753906,44944300.0,0.0,0.0
2023-12-13,AMZN,148.1199951171875,149.4600067138672,146.82000732421875,148.83999633789062,148.83999633789062,52766200.0,0.0,0.0
2023-12-14,AMZN,149.92999267578125,150.5399932861328,145.52000427246094,147.4199981689453,147.4199981689453,58400800.0,0.0,0.0
2023-12-15,AMZN,148.3800048828125,150.57000732421875,147.8800048828125,149.97000122070312,149.97000122070312,110089300.0,0.0,0.0
2023-12-18,AMZN,150.55999755859375,154.85000610351562,150.0500030517578,154.07000732421875,154.07000732421875,62512800.0,0.0,0.0
2023-12-19,AMZN,154.39999389648438,155.1199951171875,152.69000244140625,153.7899932861328,153.7899932861328,43171300.0,0.0,0.0
2023-12-20,AMZN,152.89999389648438,155.6300048828125,151.55999755859375,152.1199951171875,152.1199951171875,50322100.0,0.0,0.0
2023-12-21,AMZN,153.3000030517578,153.97000122070312,152.10000610351562,153.83999633789062,153.83999633789062,36305700.0,0.0,0.0
2023-12-22,AMZN,153.77000427246094,154.35000610351562,152.7100067138672,153.4199981689453,153.4199981689453,29514100.0,0.0,0.0
2023-12-26,AMZN,153.55999755859375,153.97999572753906,153.02999877929688,153.41000366210938,153.41000366210938,25067200.0,0.0,0.0
2023-12-27,AMZN,153.55999755859375,154.77999877929688,153.1199951171875,153.33999633789062,153.33999633789062,31434700.0,0.0,0.0
2023-12-28,AMZN,153.72000122070312,154.0800018310547,152.9499969482422,153.3800048828125,153.3800048828125,27057000.0,0.0,0.0
2023-12-29,AMZN,153.10000610351562,153.88999938964844,151.02999877929688,151.94000244140625,151.94000244140625,39823200.0,0.0,0.0
2024-01-02,AMZN,151.5399932861328,152.3800048828125,148.38999938964844,149.92999267578125,149.92999267578125,47339400.0,0.0,0.0
2024-01-03,AMZN,149.1999969482422,151.0500030517578,148.3300018310547,148.47000122070312,148.47000122070312,49425500.0,0.0,0.0
2024-01-04,AMZN,145.58999633789062,147.3800048828125,144.0500030517578,144.57000732421875,144.57000732421875,56039800.0,0.0,0.0
2024-01-05,AMZN,144.69000244140625,146.58999633789062,144.52999877929688,145.24000549316406,145.24000549316406,45153100.0,0.0,0.0
2024-01-08,AMZN,146.74000549316406,149.39999389648438,146.14999389648438,149.10000610351562,149.10000610351562,46757100.0,0.0,0.0
2024-01-09,AMZN,148.3300018310547,151.7100067138672,148.2100067138672,151.3699951171875,151.3699951171875,43812600.0,0.0,0.0
2024-01-10,AMZN,152.05999755859375,154.4199981689453,151.8800048828125,153.72999572753906,153.72999572753906,44421800.0,0.0,0.0
2024-01-11,AMZN,155.0399932861328,157.1699981689453,153.1199951171875,155.17999267578125,155.17999267578125,49072700.0,0.0,0.0
2024-01-12,AMZN,155.38999938964844,156.1999969482422,154.00999450683594,154.6199951171875,154.6199951171875,40484200.0,0.0,0.0
2024-01-16,AMZN,153.52999877929688,154.99000549316406,152.14999389648438,153.16000366210938,153.16000366210938,41384600.0,0.0,0.0
2024-01-17,AMZN,151.49000549316406,152.14999389648438,149.91000366210938,151.7100067138672,151.7100067138672,34953400.0,0.0,0.0
2024-01-18,AMZN,152.77000427246094,153.77999877929688,151.82000732421875,153.5,153.5,37850200.0,0.0,0.0
2024-01-19,AMZN,153.8300018310547,155.75999450683594,152.74000549316406,155.33999633789062,155.33999633789062,51651600.0,0.0,0.0
2024-01-22,AMZN,156.88999938964844,157.0500030517578,153.89999389648438,154.77999877929688,154.77999877929688,43687500.0,0.0,0.0
2024-01-23,AMZN,154.85000610351562,156.2100067138672,153.92999267578125,156.02000427246094,156.02000427246094,37986000.0,0.0,0.0
2024-01-24,AMZN,157.8000030517578,158.50999450683594,156.47999572753906,156.8699951171875,156.8699951171875,48547300.0,0.0,0.0
2024-01-25,AMZN,156.9499969482422,158.50999450683594,154.5500030517578,157.75,157.75,43638600.0,0.0,0.0
2024-01-26,AMZN,158.4199981689453,160.72000122070312,157.91000366210938,159.1199951171875,159.1199951171875,51047400.0,0.0,0.0
2024-01-29,AMZN,159.33999633789062,161.2899932861328,158.89999389648438,161.25999450683594,161.25999450683594,45270400.0,0.0,0.0
2024-01-30,AMZN,160.6999969482422,161.72999572753906,158.49000549316406,159.0,159.0,45207400.0,0.0,0.0
2024-01-31,AMZN,157.0,159.00999450683594,154.80999755859375,155.1999969482422,155.1999969482422,50284400.0,0.0,0.0
2024-02-01,AMZN,155.8699951171875,159.75999450683594,155.6199951171875,159.27999877929688,159.27999877929688,76542400.0,0.0,0.0
2024-02-02,AMZN,169.19000244140625,172.5,167.3300018310547,171.80999755859375,171.80999755859375,117218300.0,0.0,0.0
2024-02-05,AMZN,170.1999969482422,170.5500030517578,167.6999969482422,170.30999755859375,170.30999755859375,55081300.0,0.0,0.0
2024-02-06,AMZN,169.38999938964844,170.7100067138672,167.64999389648438,169.14999389648438,169.14999389648438,42505500.0,0.0,0.0
2024-02-07,AMZN,169.47999572753906,170.8800048828125,168.94000244140625,170.52999877929688,170.52999877929688,47174100.0,0.0,0.0
2024-02-08,AMZN,169.64999389648438,171.42999267578125,168.8800048828125,169.83999633789062,169.83999633789062,42316500.0,0.0,0.0
2024-02-09,AMZN,170.89999389648438,175.0,170.5800018310547,174.4499969482422,174.4499969482422,56986000.0,0.0,0.0
2024-02-12,AMZN,174.8000030517578,175.38999938964844,171.5399932861328,172.33999633789062,172.33999633789062,51050400.0,0.0,0.0
2024-02-13,AMZN,167.72999572753906,170.9499969482422,165.75,168.63999938964844,168.63999938964844,56345100.0,0.0,0.0
2024-02-14,AMZN,169.2100067138672,171.2100067138672,168.27999877929688,170.97999572753906,170.97999572753906,42815500.0,0.0,0.0
2024-02-15,AMZN,170.5800018310547,171.1699981689453,167.58999633789062,169.8000030517578,169.8000030517578,49855200.0,0.0,0.0
2024-02-16,AMZN,168.74000549316406,170.4199981689453,167.1699981689453,169.50999450683594,169.50999450683594,48107700.0,0.0,0.0
2024-02-20,AMZN,167.8300018310547,168.7100067138672,165.74000549316406,167.0800018310547,167.0800018310547,41980300.0,0.0,0.0
2024-02-21,AMZN,168.94000244140625,170.22999572753906,167.13999938964844,168.58999633789062,168.58999633789062,44420100.0,0.0,0.0
2024-02-22,AMZN,173.10000610351562,174.8000030517578,171.77000427246094,174.5800018310547,174.5800018310547,55392400.0,0.0,0.0
2024-02-23,AMZN,174.27999877929688,175.75,173.6999969482422,174.99000549316406,174.99000549316406,59715200.0,0.0,0.0
2024-02-26,AMZN,175.6999969482422,176.3699951171875,174.25999450683594,174.72999572753906,174.72999572753906,44368600.0,0.0,0.0
2024-02-27,AMZN,174.0800018310547,174.6199951171875,172.86000061035156,173.5399932861328,173.5399932861328,31141700.0,0.0,0.0
2024-02-28,AMZN,172.44000244140625,174.0500030517578,172.27000427246094,173.16000366210938,173.16000366210938,28180500.0,0.0,0.0
2024-02-29,AMZN,173.00999450683594,177.22000122070312,172.85000610351562,176.75999450683594,176.75999450683594,53805400.0,0.0,0.0
2024-03-01,AMZN,176.75,178.72999572753906,176.07000732421875,178.22000122070312,178.22000122070312,31981200.0,0.0,0.0
2024-03-04,AMZN,177.52999877929688,180.13999938964844,177.49000549316406,177.5800018310547,177.5800018310547,37381500.0,0.0,0.0
2024-03-05,AMZN,176.92999267578125,176.92999267578125,173.3000030517578,174.1199951171875,174.1199951171875,37228300.0,0.0,0.0
2024-03-06,AMZN,175.5399932861328,176.4600067138672,173.25999450683594,173.50999450683594,173.50999450683594,32090900.0,0.0,0.0
2024-03-07,AMZN,174.8300018310547,177.99000549316406,173.72000122070312,176.82000732421875,176.82000732421875,34063300.0,0.0,0.0
2024-03-08,AMZN,176.44000244140625,178.7899932861328,174.3300018310547,175.35000610351562,175.35000610351562,37893200.0,0.0,0.0
2024-03-11,AMZN,174.30999755859375,174.47000122070312,171.47000122070312,171.9600067138672,171.9600067138672,28484800.0,0.0,0.0
2024-03-12,AMZN,173.5,176.75999450683594,171.97999572753906,175.38999938964844,175.38999938964844,36610600.0,0.0,0.0
2024-03-13,AMZN,175.89999389648438,177.6199951171875,175.5500030517578,176.55999755859375,176.55999755859375,30772600.0,0.0,0.0
2024-03-14,AMZN,177.69000244140625,179.52999877929688,176.47000122070312,178.75,178.75,43705800.0,0.0,0.0
2024-03-15,AMZN,176.63999938964844,177.92999267578125,173.89999389648438,174.4199981689453,174.4199981689453,72147400.0,0.0,0.0
2024-03-18,AMZN,175.8000030517578,176.69000244140625,174.27999877929688,174.47999572753906,174.47999572753906,31250700.0,0.0,0.0
2024-03-19,AMZN,174.22000122070312,176.08999633789062,173.52000427246094,175.89999389648438,175.89999389648438,26880900.0,0.0,0.0
2024-03-20,AMZN,176.13999938964844,178.52999877929688,174.63999938964844,178.14999389648438,178.14999389648438,29947200.0,0.0,0.0
2024-03-21,AMZN,179.99000549316406,181.4199981689453,178.14999389648438,178.14999389648438,178.14999389648438,32824300.0,0.0,0.0
2024-03-22,AMZN,177.75,179.25999450683594,176.75,178.8699951171875,178.8699951171875,27995400.0,0.0,0.0
2024-03-25,AMZN,178.00999450683594,180.99000549316406,177.24000549316406,179.7100067138672,179.7100067138672,29815500.0,0.0,0.0
2024-03-26,AMZN,180.14999389648438,180.4499969482422,177.9499969482422,178.3000030517578,178.3000030517578,29659000.0,0.0,0.0
2024-03-27,AMZN,179.8800048828125,180.0,177.30999755859375,179.8300018310547,179.8300018310547,33272600.0,0.0,0.0
2024-03-28,AMZN,180.1699981689453,181.6999969482422,179.25999450683594,180.3800048828125,180.3800048828125,38051600.0,0.0,0.0
2024-04-01,AMZN,180.7899932861328,183.0,179.9499969482422,180.97000122070312,180.97000122070312,29174500.0,0.0,0.0
2024-04-02,AMZN,179.07000732421875,180.7899932861328,178.3800048828125,180.69000244140625,180.69000244140625,32611500.0,0.0,0.0
2024-04-03,AMZN,179.89999389648438,182.8699951171875,179.8000030517578,182.41000366210938,182.41000366210938,31046600.0,0.0,0.0
2024-04-04,AMZN,184.0,185.10000610351562,180.0,180.0,180.0,41624300.0,0.0,0.0
2024-04-05,AMZN,182.3800048828125,186.27000427246094,181.97000122070312,185.07000732421875,185.07000732421875,42374000.0,0.0,0.0
2024-04-08,AMZN,186.89999389648438,187.2899932861328,184.80999755859375,185.19000244140625,185.19000244140625,39221300.0,0.0,0.0
2024-04-09,AMZN,187.24000549316406,187.33999633789062,184.1999969482422,185.6699981689453,185.6699981689453,36520100.0,0.0,0.0
2024-04-10,AMZN,182.77000427246094,186.27000427246094,182.6699981689453,185.9499969482422,185.9499969482422,35879200.0,0.0,0.0
2024-04-11,AMZN,186.74000549316406,189.77000427246094,185.50999450683594,189.0500030517578,189.0500030517578,40020700.0,0.0,0.0
2024-04-12,AMZN,187.72000122070312,188.3800048828125,185.0800018310547,186.1300048828125,186.1300048828125,38608800.0,0.0,0.0
2024-04-15,AMZN,187.42999267578125,188.69000244140625,183.0,183.6199951171875,183.6199951171875,48052400.0,0.0,0.0
2024-04-16,AMZN,183.27000427246094,184.8300018310547,182.25999450683594,183.32000732421875,183.32000732421875,32891300.0,0.0,0.0
2024-04-17,AMZN,184.30999755859375,184.57000732421875,179.82000732421875,181.27999877929688,181.27999877929688,31359700.0,0.0,0.0
2024-04-18,AMZN,181.47000122070312,182.38999938964844,178.64999389648438,179.22000122070312,179.22000122070312,30723800.0,0.0,0.0
2024-04-19,AMZN,178.74000549316406,179.0,173.44000244140625,174.6300048828125,174.6300048828125,56000700.0,0.0,0.0
2024-04-22,AMZN,176.94000244140625,178.8699951171875,174.55999755859375,177.22999572753906,177.22999572753906,37924900.0,0.0,0.0
2024-04-23,AMZN,178.0800018310547,179.92999267578125,175.97999572753906,179.5399932861328,179.5399932861328,37046500.0,0.0,0.0
2024-04-24,AMZN,179.94000244140625,180.32000732421875,176.17999267578125,176.58999633789062,176.58999633789062,34185100.0,0.0,0.0
2024-04-25,AMZN,169.67999267578125,173.9199981689453,166.32000732421875,173.6699981689453,173.6699981689453,49249400.0,0.0,0.0
2024-04-26,AMZN,177.8000030517578,180.82000732421875,176.1300048828125,179.6199951171875,179.6199951171875,43919800.0,0.0,0.0
2024-04-29,AMZN,182.75,183.52999877929688,179.38999938964844,180.9600067138672,180.9600067138672,54063900.0,0.0,0.0
2024-04-30,AMZN,181.08999633789062,182.99000549316406,174.8000030517578,175.0,175.0,94639800.0,0.0,0.0
2024-05-01,AMZN,181.63999938964844,185.14999389648438,176.55999755859375,179.0,179.0,94645100.0,0.0,0.0
2024-05-02,AMZN,180.85000610351562,185.10000610351562,179.91000366210938,184.72000122070312,184.72000122070312,54303500.0,0.0,0.0
2024-05-03,AMZN,186.99000549316406,187.8699951171875,185.4199981689453,186.2100067138672,186.2100067138672,39172000.0,0.0,0.0
2024-05-06,AMZN,186.27999877929688,188.75,184.8000030517578,188.6999969482422,188.6999969482422,34725300.0,0.0,0.0
2024-05-07,AMZN,188.9199981689453,189.94000244140625,187.30999755859375,188.75999450683594,188.75999450683594,34048900.0,0.0,0.0
2024-05-08,AMZN,187.44000244140625,188.42999267578125,186.38999938964844,188.0,188.0,26136400.0,0.0,0.0
2024-05-09,AMZN,188.8800048828125,191.6999969482422,187.44000244140625,189.5,189.5,43368400.0,0.0,0.0
2024-05-10,AMZN,189.16000366210938,189.88999938964844,186.92999267578125,187.47999572753906,187.47999572753906,34141800.0,0.0,0.0
2024-05-13,AMZN,188.0,188.30999755859375,185.36000061035156,186.57000732421875,186.57000732421875,24898600.0,0.0,0.0
2024-05-14,AMZN,183.82000732421875,187.72000122070312,183.4499969482422,187.07000732421875,187.07000732421875,38698200.0,0.0,0.0
2024-05-15,AMZN,185.97000122070312,186.72000122070312,182.72999572753906,185.99000549316406,185.99000549316406,75459900.0,0.0,0.0
2024-05-16,AMZN,185.60000610351562,187.30999755859375,183.4600067138672,183.6300048828125,183.6300048828125,38834500.0,0.0,0.0
2024-05-17,AMZN,183.75999450683594,185.3000030517578,183.35000610351562,184.6999969482422,184.6999969482422,33175700.0,0.0,0.0
2024-05-20,AMZN,184.33999633789062,186.6699981689453,183.27999877929688,183.5399932861328,183.5399932861328,30511800.0,0.0,0.0
2024-05-21,AMZN,182.3000030517578,183.25999450683594,180.75,183.14999389648438,183.14999389648438,50839100.0,0.0,0.0
2024-05-22,AMZN,183.8800048828125,185.22000122070312,181.97000122070312,183.1300048828125,183.1300048828125,28148800.0,0.0,0.0
2024-05-23,AMZN,183.66000366210938,184.75999450683594,180.0800018310547,181.0500030517578,181.0500030517578,33670200.0,0.0,0.0
2024-05-24,AMZN,181.64999389648438,182.44000244140625,180.3000030517578,180.75,180.75,27471600.0,0.0,0.0
2024-05-28,AMZN,179.92999267578125,182.24000549316406,179.49000549316406,182.14999389648438,182.14999389648438,29927000.0,0.0,0.0
2024-05-29,AMZN,181.6999969482422,184.0800018310547,181.5500030517578,182.02000427246094,182.02000427246094,32009300.0,0.0,0.0
2024-05-30,AMZN,181.30999755859375,181.33999633789062,178.36000061035156,179.32000732421875,179.32000732421875,29184700.0,0.0,0.0
2024-05-31,AMZN,178.3000030517578,179.2100067138672,173.8699951171875,176.44000244140625,176.44000244140625,58903900.0,0.0,0.0
2024-06-03,AMZN,177.6999969482422,178.6999969482422,175.9199981689453,178.33999633789062,178.33999633789062,30786600.0,0.0,0.0
2024-06-04,AMZN,177.63999938964844,179.82000732421875,176.44000244140625,179.33999633789062,179.33999633789062,27198400.0,0.0,0.0
2024-06-05,AMZN,180.10000610351562,181.5,178.75,181.27999877929688,181.27999877929688,32116400.0,0.0,0.0
2024-06-06,AMZN,181.75,185.0,181.49000549316406,185.0,185.0,31371200.0,0.0,0.0
2024-06-07,AMZN,184.89999389648438,186.2899932861328,183.36000061035156,184.3000030517578,184.3000030517578,28021500.0,0.0,0.0
2024-06-10,AMZN,184.07000732421875,187.22999572753906,183.7899932861328,187.05999755859375,187.05999755859375,34445600.0,0.0,0.0
2024-06-11,AMZN,187.05999755859375,187.77000427246094,184.5399932861328,187.22999572753906,187.22999572753906,27265100.0,0.0,0.0
2024-06-12,AMZN,188.02000427246094,188.35000610351562,185.42999267578125,186.88999938964844,186.88999938964844,33984200.0,0.0,0.0
2024-06-13,AMZN,186.08999633789062,187.6699981689453,182.6699981689453,183.8300018310547,183.8300018310547,39721500.0,0.0,0.0
2024-06-14,AMZN,183.0800018310547,183.72000122070312,182.22999572753906,183.66000366210938,183.66000366210938,25456400.0,0.0,0.0
2024-06-17,AMZN,182.52000427246094,185.0,181.22000122070312,184.05999755859375,184.05999755859375,35601900.0,0.0,0.0
2024-06-18,AMZN,183.74000549316406,184.2899932861328,181.42999267578125,182.80999755859375,182.80999755859375,36659200.0,0.0,0.0
2024-06-20,AMZN,182.91000366210938,186.50999450683594,182.72000122070312,186.10000610351562,186.10000610351562,44726800.0,0.0,0.0
2024-06-21,AMZN,187.8000030517578,189.27999877929688,185.86000061035156,189.0800018310547,189.0800018310547,70792500.0,0.0,0.0
2024-06-24,AMZN,189.3300018310547,191.0,185.3300018310547,185.57000732421875,185.57000732421875,50610400.0,0.0,0.0
2024-06-25,AMZN,186.80999755859375,188.83999633789062,185.4199981689453,186.33999633789062,186.33999633789062,45366400.0,0.0,0.0
2024-06-26,AMZN,186.9199981689453,194.8000030517578,186.25999450683594,193.61000061035156,193.61000061035156,65103900.0,0.0,0.0
2024-06-27,AMZN,195.00999450683594,199.83999633789062,194.1999969482422,197.85000610351562,197.85000610351562,74397500.0,0.0,0.0
2024-06-28,AMZN,197.72999572753906,198.85000610351562,192.5,193.25,193.25,76930200.0,0.0,0.0
2024-07-01,AMZN,193.49000549316406,198.3000030517578,192.82000732421875,197.1999969482422,197.1999969482422,41192000.0,0.0,0.0
2024-07-02,AMZN,197.27999877929688,200.42999267578125,195.92999267578125,200.0,200.0,45600000.0,0.0,0.0
2024-07-03,AMZN,199.94000244140625,200.02999877929688,196.75999450683594,197.58999633789062,197.58999633789062,31597900.0,0.0,0.0
2024-07-05,AMZN,198.64999389648438,200.5500030517578,198.1699981689453,200.0,200.0,39858900.0,0.0,0.0
2024-07-08,AMZN,200.0399932861328,201.1999969482422,197.9600067138672,199.2899932861328,199.2899932861328,34767300.0,0.0,0.0
2024-07-09,AMZN,199.39999389648438,200.57000732421875,199.0500030517578,199.33999633789062,199.33999633789062,32700100.0,0.0,0.0
2024-07-10,AMZN,200.0,200.11000061035156,197.69000244140625,199.7899932861328,199.7899932861328,32883800.0,0.0,0.0
2024-07-11,AMZN,200.08999633789062,200.27000427246094,192.86000061035156,195.0500030517578,195.0500030517578,44565000.0,0.0,0.0
2024-07-12,AMZN,194.8000030517578,196.47000122070312,193.8300018310547,194.49000549316406,194.49000549316406,30598500.0,0.0,0.0
2024-07-15,AMZN,194.55999755859375,196.19000244140625,190.8300018310547,192.72000122070312,192.72000122070312,40683200.0,0.0,0.0
2024-07-16,AMZN,195.58999633789062,196.6199951171875,192.24000549316406,193.02000427246094,193.02000427246094,33994700.0,0.0,0.0
2024-07-17,AMZN,191.35000610351562,191.5800018310547,185.99000549316406,187.92999267578125,187.92999267578125,48076100.0,0.0,0.0
2024-07-18,AMZN,189.58999633789062,189.67999267578125,181.4499969482422,183.75,183.75,51043600.0,0.0,0.0
2024-07-19,AMZN,181.13999938964844,184.92999267578125,180.11000061035156,183.1300048828125,183.1300048828125,43081800.0,0.0,0.0
2024-07-22,AMZN,185.0,185.05999755859375,182.47999572753906,182.5500030517578,182.5500030517578,39931900.0,0.0,0.0
2024-07-23,AMZN,184.10000610351562,189.38999938964844,183.55999755859375,186.41000366210938,186.41000366210938,47537700.0,0.0,0.0
2024-07-24,AMZN,183.1999969482422,185.4499969482422,180.41000366210938,180.8300018310547,180.8300018310547,41532400.0,0.0,0.0
2024-07-25,AMZN,182.91000366210938,183.89999389648438,176.8000030517578,179.85000610351562,179.85000610351562,44464200.0,0.0,0.0
2024-07-26,AMZN,180.38999938964844,183.19000244140625,180.24000549316406,182.5,182.5,29506000.0,0.0,0.0
2024-07-29,AMZN,183.83999633789062,184.75,182.3800048828125,183.1999969482422,183.1999969482422,33270100.0,0.0,0.0
2024-07-30,AMZN,184.72000122070312,185.86000061035156,179.3800048828125,181.7100067138672,181.7100067138672,39508600.0,0.0,0.0
2024-07-31,AMZN,185.0500030517578,187.94000244140625,184.4600067138672,186.97999572753906,186.97999572753906,41667300.0,0.0,0.0
2024-08-01,AMZN,189.2899932861328,190.60000610351562,181.8699951171875,184.07000732421875,184.07000732421875,70435600.0,0.0,0.0
2024-08-02,AMZN,166.75,168.77000427246094,160.5500030517578,167.89999389648438,167.89999389648438,141448400.0,0.0,0.0
2024-08-05,AMZN,154.2100067138672,162.9600067138672,151.61000061035156,161.02000427246094,161.02000427246094,83149400.0,0.0,0.0
2024-08-06,AMZN,161.7100067138672,165.0800018310547,158.5399932861328,161.92999267578125,161.92999267578125,59950800.0,0.0,0.0
2024-08-07,AMZN,166.5500030517578,167.5800018310547,161.42999267578125,162.77000427246094,162.77000427246094,48408200.0,0.0,0.0
2024-08-08,AMZN,165.1699981689453,166.69000244140625,162.5500030517578,165.8000030517578,165.8000030517578,44616200.0,0.0,0.0
2024-08-09,AMZN,166.39999389648438,168.5500030517578,165.85000610351562,166.94000244140625,166.94000244140625,36401000.0,0.0,0.0
2024-08-12,AMZN,168.13999938964844,168.5500030517578,166.11000061035156,166.8000030517578,166.8000030517578,30072800.0,0.0,0.0
2024-08-13,AMZN,167.80999755859375,171.0399932861328,167.10000610351562,170.22999572753906,170.22999572753906,39237900.0,0.0,0.0
2024-08-14,AMZN,172.11000061035156,172.27999877929688,168.86000061035156,170.10000610351562,170.10000610351562,28843800.0,0.0,0.0
2024-08-15,AMZN,174.86000061035156,177.91000366210938,173.99000549316406,177.58999633789062,177.58999633789062,51698500.0,0.0,0.0
2024-08-16,AMZN,177.0399932861328,178.33999633789062,176.25999450683594,177.05999755859375,177.05999755859375,31489200.0,0.0,0.0
2024-08-19,AMZN,177.63999938964844,178.3000030517578,176.16000366210938,178.22000122070312,178.22000122070312,31129800.0,0.0,0.0
2024-08-20,AMZN,177.9199981689453,179.00999450683594,177.42999267578125,178.8800048828125,178.8800048828125,26255200.0,0.0,0.0
2024-08-21,AMZN,179.9199981689453,182.38999938964844,178.88999938964844,180.11000061035156,180.11000061035156,35599100.0,0.0,0.0
2024-08-22,AMZN,181.3800048828125,181.47000122070312,175.67999267578125,176.1300048828125,176.1300048828125,32047500.0,0.0,0.0
2024-08-23,AMZN,177.33999633789062,178.97000122070312,175.24000549316406,177.0399932861328,177.0399932861328,29150100.0,0.0,0.0
2024-08-26,AMZN,176.6999969482422,177.47000122070312,174.3000030517578,175.5,175.5,22366200.0,0.0,0.0
2024-08-27,AMZN,174.14999389648438,174.88999938964844,172.25,173.1199951171875,173.1199951171875,29842000.0,0.0,0.0
2024-08-28,AMZN,173.69000244140625,173.69000244140625,168.9199981689453,170.8000030517578,170.8000030517578,29045000.0,0.0,0.0
2024-08-29,AMZN,173.22000122070312,174.2899932861328,170.80999755859375,172.1199951171875,172.1199951171875,26407800.0,0.0,0.0
2024-08-30,AMZN,172.77999877929688,178.89999389648438,172.60000610351562,178.5,178.5,43429400.0,0.0,0.0
2024-09-03,AMZN,177.5500030517578,178.25999450683594,175.25999450683594,176.25,176.25,37817500.0,0.0,0.0
2024-09-04,AMZN,174.47999572753906,175.97999572753906,172.5399932861328,173.3300018310547,173.3300018310547,30309200.0,0.0,0.0
2024-09-05,AMZN,175.0,179.8800048828125,175.0,177.88999938964844,177.88999938964844,40170500.0,0.0,0.0
2024-09-06,AMZN,177.24000549316406,178.3800048828125,171.16000366210938,171.38999938964844,171.38999938964844,41466500.0,0.0,0.0
2024-09-09,AMZN,174.52999877929688,175.85000610351562,173.50999450683594,175.39999389648438,175.39999389648438,29037400.0,0.0,0.0
2024-09-10,AMZN,177.49000549316406,180.5,176.7899932861328,179.5500030517578,179.5500030517578,36233800.0,0.0,0.0
2024-09-11,AMZN,180.10000610351562,184.99000549316406,175.72999572753906,184.52000427246094,184.52000427246094,42564700.0,0.0,0.0
2024-09-12,AMZN,184.8000030517578,187.41000366210938,183.5399932861328,187.0,187.0,33544200.0,0.0,0.0
2024-09-13,AMZN,187.0,188.5,185.91000366210938,186.49000549316406,186.49000549316406,26495400.0,0.0,0.0
2024-09-16,AMZN,185.2899932861328,185.80999755859375,183.36000061035156,184.88999938964844,184.88999938964844,26065500.0,0.0,0.0
2024-09-17,AMZN,186.85000610351562,189.4499969482422,186.13999938964844,186.8800048828125,186.8800048828125,26091700.0,0.0,0.0
2024-09-18,AMZN,186.4499969482422,188.8000030517578,185.05999755859375,186.42999267578125,186.42999267578125,34448100.0,0.0,0.0
2024-09-19,AMZN,190.0399932861328,190.99000549316406,188.47000122070312,189.8699951171875,189.8699951171875,39543200.0,0.0,0.0
2024-09-20,AMZN,190.22999572753906,191.83999633789062,187.41000366210938,191.60000610351562,191.60000610351562,100378600.0,0.0,0.0
2024-09-23,AMZN,191.63999938964844,194.4499969482422,190.57000732421875,193.8800048828125,193.8800048828125,36993100.0,0.0,0.0
2024-09-24,AMZN,194.27000427246094,195.3699951171875,190.1300048828125,193.9600067138672,193.9600067138672,43478900.0,0.0,0.0
2024-09-25,AMZN,193.75,193.9499969482422,192.16000366210938,192.52999877929688,192.52999877929688,26391100.0,0.0,0.0
2024-09-26,AMZN,194.30999755859375,194.52999877929688,189.5399932861328,191.16000366210938,191.16000366210938,36334900.0,0.0,0.0
2024-09-27,AMZN,190.67999267578125,190.89999389648438,187.33999633789062,187.97000122070312,187.97000122070312,36002300.0,0.0,0.0
2024-09-30,AMZN,187.13999938964844,188.49000549316406,184.64999389648438,186.3300018310547,186.3300018310547,41583900.0,0.0,0.0
2024-10-01,AMZN,184.89999389648438,186.19000244140625,183.4499969482422,185.1300048828125,185.1300048828125,36044900.0,0.0,0.0
2024-10-02,AMZN,184.44000244140625,186.60000610351562,184.0399932861328,184.75999450683594,184.75999450683594,23704100.0,0.0,0.0
2024-10-03,AMZN,183.0500030517578,183.44000244140625,180.8800048828125,181.9600067138672,181.9600067138672,30204300.0,0.0,0.0
2024-10-04,AMZN,185.75,187.60000610351562,183.60000610351562,186.50999450683594,186.50999450683594,40890300.0,0.0,0.0
2024-10-07,AMZN,182.9499969482422,183.60000610351562,180.25,180.8000030517578,180.8000030517578,42364200.0,0.0,0.0
2024-10-08,AMZN,181.9199981689453,183.08999633789062,180.9199981689453,182.72000122070312,182.72000122070312,26372100.0,0.0,0.0
2024-10-09,AMZN,182.82000732421875,185.85000610351562,182.0500030517578,185.1699981689453,185.1699981689453,26343100.0,0.0,0.0
2024-10-10,AMZN,187.1300048828125,188.1300048828125,185.8300018310547,186.64999389648438,186.64999389648438,27785000.0,0.0,0.0
2024-10-11,AMZN,186.6300048828125,189.92999267578125,186.3000030517578,188.82000732421875,188.82000732421875,25751600.0,0.0,0.0
2024-10-14,AMZN,189.77999877929688,189.8300018310547,187.36000061035156,187.5399932861328,187.5399932861328,22614400.0,0.0,0.0
2024-10-15,AMZN,187.6300048828125,188.41000366210938,184.5800018310547,187.69000244140625,187.69000244140625,32178900.0,0.0,0.0
2024-10-16,AMZN,187.0500030517578,187.77999877929688,185.61000061035156,186.88999938964844,186.88999938964844,23456800.0,0.0,0.0
2024-10-17,AMZN,188.22000122070312,188.94000244140625,186.0,187.52999877929688,187.52999877929688,25039400.0,0.0,0.0
2024-10-18,AMZN,187.14999389648438,190.74000549316406,186.27999877929688,188.99000549316406,188.99000549316406,37417700.0,0.0,0.0
2024-10-21,AMZN,188.0500030517578,189.4600067138672,186.39999389648438,189.07000732421875,189.07000732421875,24639400.0,0.0,0.0
2024-10-22,AMZN,188.35000610351562,191.52000427246094,186.97999572753906,189.6999969482422,189.6999969482422,29650600.0,0.0,0.0
2024-10-23,AMZN,188.85000610351562,189.16000366210938,183.69000244140625,184.7100067138672,184.7100067138672,31937100.0,0.0,0.0
2024-10-24,AMZN,185.25,187.11000061035156,183.86000061035156,186.3800048828125,186.3800048828125,21647400.0,0.0,0.0
2024-10-25,AMZN,187.85000610351562,190.4499969482422,187.52999877929688,187.8300018310547,187.8300018310547,29362100.0,0.0,0.0
2024-10-28,AMZN,189.57000732421875,190.2100067138672,188.2100067138672,188.38999938964844,188.38999938964844,27930800.0,0.0,0.0
2024-10-29,AMZN,188.5800018310547,191.4600067138672,187.82000732421875,190.8300018310547,190.8300018310547,35690200.0,0.0,0.0
2024-10-30,AMZN,194.6999969482422,195.61000061035156,192.4199981689453,192.72999572753906,192.72999572753906,37707600.0,0.0,0.0
2024-10-31,AMZN,190.50999450683594,190.60000610351562,185.22999572753906,186.39999389648438,186.39999389648438,75146800.0,0.0,0.0
2024-11-01,AMZN,199.0,200.5,197.02000427246094,197.92999267578125,197.92999267578125,99687800.0,0.0,0.0
2024-11-04,AMZN,196.4499969482422,197.3300018310547,194.30999755859375,195.77999877929688,195.77999877929688,38492100.0,0.0,0.0
2024-11-05,AMZN,196.0399932861328,199.82000732421875,195.99000549316406,199.5,199.5,30564800.0,0.0,0.0
2024-11-06,AMZN,200.00999450683594,207.5500030517578,199.13999938964844,207.08999633789062,207.08999633789062,72292200.0,0.0,0.0
2024-11-07,AMZN,207.44000244140625,212.25,207.19000244140625,210.0500030517578,210.0500030517578,52878400.0,0.0,0.0
2024-11-08,AMZN,209.72000122070312,209.9600067138672,207.44000244140625,208.17999267578125,208.17999267578125,36075800.0,0.0,0.0
2024-11-11,AMZN,208.5,209.64999389648438,205.58999633789062,206.83999633789062,206.83999633789062,35456000.0,0.0,0.0
2024-11-12,AMZN,208.3699951171875,209.5399932861328,206.00999450683594,208.91000366210938,208.91000366210938,38942900.0,0.0,0.0
2024-11-13,AMZN,209.39999389648438,215.08999633789062,209.13999938964844,214.10000610351562,214.10000610351562,46212900.0,0.0,0.0
2024-11-14,AMZN,214.16000366210938,215.89999389648438,210.8800048828125,211.47999572753906,211.47999572753906,42620300.0,0.0,0.0
2024-11-15,AMZN,206.75999450683594,207.33999633789062,199.61000061035156,202.61000061035156,202.61000061035156,86591100.0,0.0,0.0
2024-11-18,AMZN,204.14999389648438,204.6699981689453,200.9499969482422,201.6999969482422,201.6999969482422,36409900.0,0.0,0.0
2024-11-19,AMZN,199.3300018310547,205.3000030517578,198.77999877929688,204.61000061035156,204.61000061035156,31197900.0,0.0,0.0
2024-11-20,AMZN,202.97999572753906,203.1300048828125,199.4499969482422,202.8800048828125,202.8800048828125,32769000.0,0.0,0.0
2024-11-21,AMZN,203.49000549316406,203.49000549316406,195.75,198.3800048828125,198.3800048828125,58800000.0,0.0,0.0
2024-11-22,AMZN,198.25,199.25999450683594,196.75,197.1199951171875,197.1199951171875,31530800.0,0.0,0.0
2024-11-25,AMZN,199.27999877929688,201.9499969482422,199.0,201.4499969482422,201.4499969482422,40685700.0,0.0,0.0
2024-11-26,AMZN,201.89999389648438,208.0,201.7899932861328,207.86000061035156,207.86000061035156,41673700.0,0.0,0.0
2024-11-27,AMZN,206.97999572753906,207.63999938964844,205.0500030517578,205.74000549316406,205.74000549316406,28061600.0,0.0,0.0
2024-11-29,AMZN,205.8300018310547,208.1999969482422,204.58999633789062,207.88999938964844,207.88999938964844,24892400.0,0.0,0.0
2024-12-02,AMZN,209.9600067138672,212.99000549316406,209.50999450683594,210.7100067138672,210.7100067138672,39523200.0,0.0,0.0
2024-12-03,AMZN,210.30999755859375,214.02000427246094,209.64999389648438,213.44000244140625,213.44000244140625,32214800.0,0.0,0.0
2024-12-04,AMZN,215.9600067138672,220.0,215.75,218.16000366210938,218.16000366210938,48745700.0,0.0,0.0
2024-12-05,AMZN,218.02999877929688,222.14999389648438,217.3000030517578,220.5500030517578,220.5500030517578,41140200.0,0.0,0.0
2024-12-06,AMZN,220.75,227.14999389648438,220.60000610351562,227.02999877929688,227.02999877929688,44178100.0,0.0,0.0
2024-12-09,AMZN,227.2100067138672,230.0800018310547,225.6699981689453,226.08999633789062,226.08999633789062,46819400.0,0.0,0.0
2024-12-10,AMZN,226.08999633789062,229.05999755859375,224.1999969482422,225.0399932861328,225.0399932861328,31199900.0,0.0,0.0
2024-12-11,AMZN,226.41000366210938,231.1999969482422,226.25999450683594,230.25999450683594,230.25999450683594,35385800.0,0.0,0.0
2024-12-12,AMZN,229.8300018310547,231.08999633789062,227.6300048828125,228.97000122070312,228.97000122070312,28204100.0,0.0,0.0
2024-12-13,AMZN,228.39999389648438,230.1999969482422,225.86000061035156,227.4600067138672,227.4600067138672,28768100.0,0.0,0.0
2024-12-16,AMZN,230.22999572753906,233.0,228.00999450683594,232.92999267578125,232.92999267578125,37552100.0,0.0,0.0
2024-12-17,AMZN,232.38999938964844,232.72999572753906,227.85000610351562,231.14999389648438,231.14999389648438,35948100.0,0.0,0.0
2024-12-18,AMZN,230.77000427246094,231.39999389648438,220.11000061035156,220.52000427246094,220.52000427246094,43281400.0,0.0,0.0
2024-12-19,AMZN,224.91000366210938,226.08999633789062,222.9199981689453,223.2899932861328,223.2899932861328,39918700.0,0.0,0.0
2024-12-20,AMZN,219.83999633789062,226.2100067138672,218.72999572753906,224.9199981689453,224.9199981689453,88279200.0,0.0,0.0
2024-12-23,AMZN,225.00999450683594,226.8800048828125,223.89999389648438,225.05999755859375,225.05999755859375,28070000.0,0.0,0.0
2024-12-24,AMZN,226.94000244140625,229.13999938964844,226.1300048828125,229.0500030517578,229.0500030517578,15007500.0,0.0,0.0
2024-12-26,AMZN,228.5,228.5,226.6699981689453,227.0500030517578,227.0500030517578,16146700.0,0.0,0.0
2024-12-27,AMZN,225.60000610351562,226.02999877929688,220.89999389648438,223.75,223.75,27367100.0,0.0,0.0
2024-12-30,AMZN,220.05999755859375,223.0,218.42999267578125,221.3000030517578,221.3000030517578,28321200.0,0.0,0.0
2024-12-31,AMZN,222.97000122070312,223.22999572753906,218.94000244140625,219.38999938964844,219.38999938964844,24819700.0,0.0,0.0
2025-01-02,AMZN,222.02999877929688,225.14999389648438,218.19000244140625,220.22000122070312,220.22000122070312,33956600.0,0.0,0.0
2025-01-03,AMZN,222.50999450683594,225.36000061035156,221.6199951171875,224.19000244140625,224.19000244140625,27515600.0,0.0,0.0
2025-01-06,AMZN,226.77999877929688,228.83999633789062,224.83999633789062,227.61000061035156,227.61000061035156,31849800.0,0.0,0.0
2025-01-07,AMZN,227.89999389648438,228.3800048828125,221.4600067138672,222.11000061035156,222.11000061035156,28084200.0,0.0,0.0
2025-01-08,AMZN,223.19000244140625,223.52000427246094,220.1999969482422,222.1300048828125,222.1300048828125,25033300.0,0.0,0.0
2025-01-10,AMZN,221.4600067138672,221.7100067138672,216.5,218.94000244140625,218.94000244140625,36811500.0,0.0,0.0
2025-01-13,AMZN,218.05999755859375,219.39999389648438,216.47000122070312,218.4600067138672,218.4600067138672,27262700.0,0.0,0.0
2025-01-14,AMZN,220.44000244140625,221.82000732421875,216.1999969482422,217.75999450683594,217.75999450683594,24711700.0,0.0,0.0
2025-01-15,AMZN,222.8300018310547,223.57000732421875,220.75,223.35000610351562,223.35000610351562,31291300.0,0.0,0.0
2025-01-16,AMZN,224.4199981689453,224.64999389648438,220.30999755859375,220.66000366210938,220.66000366210938,24757300.0,0.0,0.0
2025-01-17,AMZN,225.83999633789062,226.50999450683594,223.0800018310547,225.94000244140625,225.94000244140625,42370100.0,0.0,0.0
2025-01-21,AMZN,228.89999389648438,231.77999877929688,226.94000244140625,230.7100067138672,230.7100067138672,39951500.0,0.0,0.0
2025-01-22,AMZN,232.02000427246094,235.44000244140625,231.19000244140625,235.00999450683594,235.00999450683594,41448200.0,0.0,0.0
2025-01-23,AMZN,234.10000610351562,235.52000427246094,231.50999450683594,235.4199981689453,235.4199981689453,26404400.0,0.0,0.0
2025-01-24,AMZN,234.5,236.39999389648438,232.92999267578125,234.85000610351562,234.85000610351562,25890700.0,0.0,0.0
2025-01-27,AMZN,226.2100067138672,235.61000061035156,225.86000061035156,235.4199981689453,235.4199981689453,49428300.0,0.0,0.0
2025-01-28,AMZN,234.2899932861328,241.77000427246094,233.97999572753906,238.14999389648438,238.14999389648438,41587200.0,0.0,0.0
2025-01-29,AMZN,239.02000427246094,240.38999938964844,236.14999389648438,237.07000732421875,237.07000732421875,26091700.0,0.0,0.0
2025-01-30,AMZN,237.13999938964844,237.9499969482422,232.22000122070312,234.63999938964844,234.63999938964844,32020700.0,0.0,0.0
2025-01-31,AMZN,236.5,240.2899932861328,236.41000366210938,237.67999267578125,237.67999267578125,36110200.0,0.0,0.0
2025-02-03,AMZN,234.05999755859375,239.25,232.89999389648438,237.4199981689453,237.4199981689453,37285900.0,0.0,0.0
2025-02-04,AMZN,239.00999450683594,242.52000427246094,238.02999877929688,242.05999755859375,242.05999755859375,29713800.0,0.0,0.0
2025-02-05,AMZN,237.02000427246094,238.32000732421875,235.1999969482422,236.1699981689453,236.1699981689453,38727300.0,0.0,0.0
2025-02-06,AMZN,238.00999450683594,239.66000366210938,236.00999450683594,238.8300018310547,238.8300018310547,60897100.0,0.0,0.0
2025-02-07,AMZN,232.5,234.80999755859375,228.05999755859375,229.14999389648438,229.14999389648438,77539300.0,0.0,0.0
2025-02-10,AMZN,230.5500030517578,233.9199981689453,229.1999969482422,233.13999938964844,233.13999938964844,35419900.0,0.0,0.0
2025-02-11,AMZN,231.9199981689453,233.44000244140625,230.1300048828125,232.75999450683594,232.75999450683594,23713700.0,0.0,0.0
2025-02-12,AMZN,230.4600067138672,231.17999267578125,228.16000366210938,228.92999267578125,228.92999267578125,32285200.0,0.0,0.0
2025-02-13,AMZN,228.85000610351562,230.4199981689453,227.52000427246094,230.3699951171875,230.3699951171875,31346500.0,0.0,0.0
2025-02-14,AMZN,229.1999969482422,229.88999938964844,227.22999572753906,228.67999267578125,228.67999267578125,27031100.0,0.0,0.0
2025-02-18,AMZN,228.82000732421875,229.3000030517578,223.72000122070312,226.64999389648438,226.64999389648438,42975100.0,0.0,0.0
2025-02-19,AMZN,225.52000427246094,226.8300018310547,223.7100067138672,226.6300048828125,226.6300048828125,28566700.0,0.0,0.0
2025-02-20,AMZN,224.77999877929688,225.1300048828125,221.80999755859375,222.8800048828125,222.8800048828125,30001700.0,0.0,0.0
2025-02-21,AMZN,223.27999877929688,223.30999755859375,214.74000549316406,216.5800018310547,216.5800018310547,55323900.0,0.0,0.0
2025-02-24,AMZN,217.4499969482422,217.72000122070312,212.4199981689453,212.7100067138672,212.7100067138672,42387600.0,0.0,0.0
2025-02-25,AMZN,211.6300048828125,213.33999633789062,204.16000366210938,212.8000030517578,212.8000030517578,58958000.0,0.0,0.0
2025-02-26,AMZN,214.94000244140625,218.16000366210938,213.08999633789062,214.35000610351562,214.35000610351562,39120600.0,0.0,0.0
2025-02-27,AMZN,218.35000610351562,219.97000122070312,208.3699951171875,208.74000549316406,208.74000549316406,40548600.0,0.0,0.0
2025-02-28,AMZN,208.64999389648438,212.6199951171875,206.99000549316406,212.27999877929688,212.27999877929688,51771700.0,0.0,0.0
2025-03-03,AMZN,213.35000610351562,214.00999450683594,202.5500030517578,205.02000427246094,205.02000427246094,42948400.0,0.0,0.0
2025-03-04,AMZN,200.11000061035156,206.8000030517578,197.42999267578125,203.8000030517578,203.8000030517578,60853100.0,0.0,0.0
2025-03-05,AMZN,204.8000030517578,209.97999572753906,203.25999450683594,208.36000061035156,208.36000061035156,38610100.0,0.0,0.0
2025-03-06,AMZN,204.39999389648438,205.77000427246094,198.3000030517578,200.6999969482422,200.6999969482422,49863800.0,0.0,0.0
2025-03-07,AMZN,199.49000549316406,202.27000427246094,192.52999877929688,199.25,199.25,59802800.0,0.0,0.0
2025-03-10,AMZN,195.60000610351562,196.72999572753906,190.85000610351562,194.5399932861328,194.5399932861328,62350900.0,0.0,0.0
2025-03-11,AMZN,193.89999389648438,200.17999267578125,193.39999389648438,196.58999633789062,196.58999633789062,54002900.0,0.0,0.0
2025-03-12,AMZN,200.72000122070312,201.52000427246094,195.2899932861328,198.88999938964844,198.88999938964844,43679300.0,0.0,0.0
2025-03-13,AMZN,198.1699981689453,198.8800048828125,191.82000732421875,193.88999938964844,193.88999938964844,41270800.0,0.0,0.0
2025-03-14,AMZN,197.41000366210938,198.64999389648438,195.32000732421875,197.9499969482422,197.9499969482422,38096700.0,0.0,0.0
2025-03-17,AMZN,198.77000427246094,199.0,194.32000732421875,195.74000549316406,195.74000549316406,47341800.0,0.0,0.0
2025-03-18,AMZN,192.52000427246094,194.0,189.3800048828125,192.82000732421875,192.82000732421875,40414900.0,0.0,0.0
2025-03-19,AMZN,193.3800048828125,195.97000122070312,191.9600067138672,195.5399932861328,195.5399932861328,39442900.0,0.0,0.0
2025-03-20,AMZN,193.07000732421875,199.32000732421875,192.3000030517578,194.9499969482422,194.9499969482422,38921100.0,0.0,0.0
2025-03-21,AMZN,192.89999389648438,196.99000549316406,192.52000427246094,196.2100067138672,196.2100067138672,60056900.0,0.0,0.0
2025-03-24,AMZN,200.0,203.63999938964844,199.9499969482422,203.25999450683594,203.25999450683594,41625400.0,0.0,0.0
2025-03-25,AMZN,203.60000610351562,206.2100067138672,203.22000122070312,205.7100067138672,205.7100067138672,31171200.0,0.0,0.0
2025-03-26,AMZN,205.83999633789062,206.00999450683594,199.92999267578125,201.1300048828125,201.1300048828125,32855300.0,0.0,0.0
2025-03-27,AMZN,200.88999938964844,203.7899932861328,199.27999877929688,201.36000061035156,201.36000061035156,27317700.0,0.0,0.0
2025-03-28,AMZN,198.4199981689453,199.25999450683594,191.8800048828125,192.72000122070312,192.72000122070312,52548200.0,0.0,0.0
2025-03-31,AMZN,188.19000244140625,191.3300018310547,184.39999389648438,190.25999450683594,190.25999450683594,63547600.0,0.0,0.0
2025-04-01,AMZN,187.86000061035156,193.92999267578125,187.1999969482422,192.1699981689453,192.1699981689453,41267300.0,0.0,0.0
2025-04-02,AMZN,187.66000366210938,198.33999633789062,187.66000366210938,196.00999450683594,196.00999450683594,53679200.0,0.0,0.0
2025-04-03,AMZN,183.0,184.1300048828125,176.9199981689453,178.41000366210938,178.41000366210938,95553600.0,0.0,0.0
2025-04-04,AMZN,167.14999389648438,178.13999938964844,166.0,171.0,171.0,123159400.0,0.0,0.0
2025-04-07,AMZN,162.0,183.41000366210938,161.3800048828125,175.25999450683594,175.25999450683594,109327100.0,0.0,0.0
2025-04-08,AMZN,185.22999572753906,185.89999389648438,168.57000732421875,170.66000366210938,170.66000366210938,87710400.0,0.0,0.0
2025-04-09,AMZN,172.1199951171875,192.64999389648438,169.92999267578125,191.10000610351562,191.10000610351562,116804300.0,0.0,0.0
2025-04-10,AMZN,185.44000244140625,186.8699951171875,175.85000610351562,181.22000122070312,181.22000122070312,68302000.0,0.0,0.0
2025-04-11,AMZN,179.92999267578125,185.86000061035156,178.0,184.8699951171875,184.8699951171875,50594300.0,0.0,0.0
2025-04-14,AMZN,186.83999633789062,187.44000244140625,179.22999572753906,182.1199951171875,182.1199951171875,48002500.0,0.0,0.0
2025-04-15,AMZN,181.41000366210938,182.35000610351562,177.92999267578125,179.58999633789062,179.58999633789062,43642000.0,0.0,0.0
2025-04-16,AMZN,176.2899932861328,179.10000610351562,171.41000366210938,174.3300018310547,174.3300018310547,51875300.0,0.0,0.0
2025-04-17,AMZN,176.0,176.2100067138672,172.0,172.61000061035156,172.61000061035156,44726500.0,0.0,0.0
2025-04-21,AMZN,169.60000610351562,169.60000610351562,165.2899932861328,167.32000732421875,167.32000732421875,48126100.0,0.0,0.0
2025-04-22,AMZN,169.85000610351562,176.77999877929688,169.35000610351562,173.17999267578125,173.17999267578125,56607200.0,0.0,0.0
2025-04-23,AMZN,183.4499969482422,187.3800048828125,180.19000244140625,180.60000610351562,180.60000610351562,63470100.0,0.0,0.0
2025-04-24,AMZN,180.9199981689453,186.74000549316406,180.17999267578125,186.5399932861328,186.5399932861328,43763200.0,0.0,0.0
2025-04-25,AMZN,187.6199951171875,189.94000244140625,185.49000549316406,188.99000549316406,188.99000549316406,36414300.0,0.0,0.0
2025-04-28,AMZN,190.11000061035156,190.22000122070312,184.88999938964844,187.6999969482422,187.6999969482422,33224700.0,0.0,0.0
2025-04-29,AMZN,183.99000549316406,188.02000427246094,183.67999267578125,187.38999938964844,187.38999938964844,41667300.0,0.0,0.0
2025-04-30,AMZN,182.1699981689453,185.0500030517578,178.85000610351562,184.4199981689453,184.4199981689453,55176500.0,0.0,0.0
2025-05-01,AMZN,190.6300048828125,191.80999755859375,187.5,190.1999969482422,190.1999969482422,74266000.0,0.0,0.0
2025-05-02,AMZN,191.44000244140625,192.8800048828125,186.39999389648438,189.97999572753906,189.97999572753906,77903500.0,0.0,0.0
2025-05-05,AMZN,186.50999450683594,188.17999267578125,185.52999877929688,186.35000610351562,186.35000610351562,35217500.0,0.0,0.0
2025-05-06,AMZN,184.57000732421875,187.92999267578125,183.85000610351562,185.00999450683594,185.00999450683594,29314100.0,0.0,0.0
2025-05-07,AMZN,185.55999755859375,190.99000549316406,185.00999450683594,188.7100067138672,188.7100067138672,43948600.0,0.0,0.0
2025-05-08,AMZN,191.42999267578125,194.3300018310547,188.82000732421875,192.0800018310547,192.0800018310547,41043600.0,0.0,0.0
2025-05-09,AMZN,193.3800048828125,194.69000244140625,191.16000366210938,193.05999755859375,193.05999755859375,29663100.0,0.0,0.0
2025-05-12,AMZN,210.7100067138672,211.66000366210938,205.75,208.63999938964844,208.63999938964844,75205000.0,0.0,0.0
2025-05-13,AMZN,211.0800018310547,214.83999633789062,210.10000610351562,211.3699951171875,211.3699951171875,56193700.0,0.0,0.0
2025-05-14,AMZN,211.4499969482422,211.92999267578125,208.85000610351562,210.25,210.25,38492100.0,0.0,0.0
2025-05-15,AMZN,206.4499969482422,206.8800048828125,202.6699981689453,205.1699981689453,205.1699981689453,64347300.0,0.0,0.0
2025-05-16,AMZN,206.85000610351562,206.85000610351562,204.3699951171875,205.58999633789062,205.58999633789062,43318500.0,0.0,0.0
2025-05-19,AMZN,201.64999389648438,206.6199951171875,201.25999450683594,206.16000366210938,206.16000366210938,34314800.0,0.0,0.0
2025-05-20,AMZN,204.6300048828125,205.58999633789062,202.64999389648438,204.07000732421875,204.07000732421875,29470400.0,0.0,0.0
2025-05-21,AMZN,201.61000061035156,203.4600067138672,200.05999755859375,201.1199951171875,201.1199951171875,42460900.0,0.0,0.0
2025-05-22,AMZN,201.3800048828125,205.75999450683594,200.16000366210938,203.10000610351562,203.10000610351562,38938900.0,0.0,0.0
2025-05-23,AMZN,198.89999389648438,202.3699951171875,197.85000610351562,200.99000549316406,200.99000549316406,33393500.0,0.0,0.0
2025-05-27,AMZN,203.08999633789062,206.69000244140625,202.19000244140625,206.02000427246094,206.02000427246094,34892000.0,0.0,0.0
2025-05-28,AMZN,205.9199981689453,207.66000366210938,204.41000366210938,204.72000122070312,204.72000122070312,28549800.0,0.0,0.0
2025-05-29,AMZN,208.02999877929688,208.80999755859375,204.22999572753906,205.6999969482422,205.6999969482422,34650000.0,0.0,0.0
2025-05-30,AMZN,204.83999633789062,205.99000549316406,201.6999969482422,205.00999450683594,205.00999450683594,51679400.0,0.0,0.0
2025-06-02,AMZN,204.97999572753906,207.0,202.67999267578125,206.64999389648438,206.64999389648438,29113300.0,0.0,0.0
2025-06-03,AMZN,207.11000061035156,208.9499969482422,205.02999877929688,205.7100067138672,205.7100067138672,33139100.0,0.0,0.0
2025-06-04,AMZN,206.5500030517578,208.17999267578125,205.17999267578125,207.22999572753906,207.22999572753906,29915600.0,0.0,0.0
2025-06-05,AMZN,209.5500030517578,212.80999755859375,207.55999755859375,207.91000366210938,207.91000366210938,51864200.0,0.0,0.0
2025-06-06,AMZN,212.39999389648438,213.8699951171875,210.5,213.57000732421875,213.57000732421875,39832500.0,0.0,0.0
2025-06-09,AMZN,214.75,217.85000610351562,212.8800048828125,216.97999572753906,216.97999572753906,38102500.0,0.0,0.0
2025-06-10,AMZN,216.77999877929688,217.69000244140625,214.14999389648438,217.61000061035156,217.61000061035156,31303300.0,0.0,0.0
2025-06-11,AMZN,217.41000366210938,218.39999389648438,212.88999938964844,213.1999969482422,213.1999969482422,39326000.0,0.0,0.0
2025-06-12,AMZN,211.77999877929688,213.5800018310547,211.3300018310547,213.24000549316406,213.24000549316406,27640000.0,0.0,0.0
2025-06-13,AMZN,209.9600067138672,214.0500030517578,209.6199951171875,212.10000610351562,212.10000610351562,29337800.0,0.0,0.0
2025-06-16,AMZN,212.30999755859375,217.05999755859375,211.60000610351562,216.10000610351562,216.10000610351562,33284200.0,0.0,0.0
2025-06-17,AMZN,215.1999969482422,217.41000366210938,214.55999755859375,214.82000732421875,214.82000732421875,32086300.0,0.0,0.0
2025-06-18,AMZN,215.08999633789062,217.9600067138672,212.33999633789062,212.52000427246094,212.52000427246094,44360500.0,0.0,0.0
2025-06-20,AMZN,214.67999267578125,214.88999938964844,208.27000427246094,209.69000244140625,209.69000244140625,75350700.0,0.0,0.0
2025-06-23,AMZN,209.7899932861328,210.38999938964844,207.30999755859375,208.47000122070312,208.47000122070312,37311700.0,0.0,0.0
2025-06-24,AMZN,212.13999938964844,214.33999633789062,211.0500030517578,212.77000427246094,212.77000427246094,38378800.0,0.0,0.0
2025-06-25,AMZN,214.6199951171875,216.02999877929688,211.11000061035156,211.99000549316406,211.99000549316406,31755700.0,0.0,0.0
2025-06-26,AMZN,213.1199951171875,218.0399932861328,212.00999450683594,217.1199951171875,217.1199951171875,50480800.0,0.0,0.0
2025-06-27,AMZN,219.9199981689453,223.3000030517578,216.74000549316406,223.3000030517578,223.3000030517578,119217100.0,0.0,0.0
2025-06-30,AMZN,223.52000427246094,223.82000732421875,219.1199951171875,219.38999938964844,219.38999938964844,58887800.0,0.0,0.0
2025-07-01,AMZN,219.5,221.8800048828125,217.92999267578125,220.4600067138672,220.4600067138672,39256800.0,0.0,0.0
2025-07-02,AMZN,219.72999572753906,221.60000610351562,219.05999755859375,219.9199981689453,219.9199981689453,30894200.0,0.0,0.0
2025-07-03,AMZN,221.82000732421875,224.00999450683594,221.36000061035156,223.41000366210938,223.41000366210938,29632400.0,0.0,0.0
2025-07-07,AMZN,223.0,224.2899932861328,222.3699951171875,223.47000122070312,223.47000122070312,36604100.0,0.0,0.0
2025-07-08,AMZN,223.9199981689453,224.0,218.42999267578125,219.36000061035156,219.36000061035156,45692000.0,0.0,0.0
2025-07-09,AMZN,221.07000732421875,224.2899932861328,220.47000122070312,222.5399932861328,222.5399932861328,38155100.0,0.0,0.0
2025-07-10,AMZN,221.5500030517578,222.7899932861328,219.6999969482422,222.25999450683594,222.25999450683594,30370600.0,0.0,0.0
2025-07-11,AMZN,223.5800018310547,226.67999267578125,222.3699951171875,225.02000427246094,225.02000427246094,50518300.0,0.0,0.0
2025-07-14,AMZN,225.07000732421875,226.66000366210938,224.24000549316406,225.69000244140625,225.69000244140625,35702600.0,0.0,0.0
2025-07-15,AMZN,226.1999969482422,227.27000427246094,225.4600067138672,226.35000610351562,226.35000610351562,34907300.0,0.0,0.0
2025-07-16,AMZN,225.8800048828125,226.10000610351562,222.17999267578125,223.19000244140625,223.19000244140625,39535900.0,0.0,0.0
2025-07-17,AMZN,223.32000732421875,224.5,222.50999450683594,223.8800048828125,223.8800048828125,31855800.0,0.0,0.0
2025-07-18,AMZN,225.13999938964844,226.39999389648438,222.97999572753906,226.1300048828125,226.1300048828125,37833800.0,0.0,0.0
2025-07-21,AMZN,225.83999633789062,229.69000244140625,225.64999389648438,229.3000030517578,229.3000030517578,40297600.0,0.0,0.0
2025-07-22,AMZN,229.67999267578125,230.0,226.35000610351562,227.47000122070312,227.47000122070312,37483700.0,0.0,0.0
2025-07-23,AMZN,228.47000122070312,228.7899932861328,227.08999633789062,228.2899932861328,228.2899932861328,28294900.0,0.0,0.0
2025-07-24,AMZN,229.1699981689453,236.0,228.63999938964844,232.22999572753906,232.22999572753906,42902300.0,0.0,0.0
2025-07-25,AMZN,232.22000122070312,232.47999572753906,231.17999267578125,231.44000244140625,231.44000244140625,28712100.0,0.0,0.0
2025-07-28,AMZN,233.35000610351562,234.2899932861328,232.25,232.7899932861328,232.7899932861328,26300100.0,0.0,0.0
2025-07-29,AMZN,234.14999389648438,234.72000122070312,230.30999755859375,231.00999450683594,231.00999450683594,33716200.0,0.0,0.0
2025-07-30,AMZN,231.63999938964844,231.8000030517578,229.2899932861328,230.19000244140625,230.19000244140625,32993300.0,0.0,0.0
2025-07-31,AMZN,235.77000427246094,236.52999877929688,231.39999389648438,234.11000061035156,234.11000061035156,104357300.0,0.0,0.0
2025-08-01,AMZN,217.2100067138672,220.44000244140625,212.8000030517578,214.75,214.75,122258800.0,0.0,0.0
2025-08-04,AMZN,217.39999389648438,217.44000244140625,211.4199981689453,211.64999389648438,211.64999389648438,77890100.0,0.0,0.0
2025-08-05,AMZN,213.0500030517578,216.3000030517578,212.8699951171875,213.75,213.75,51505100.0,0.0,0.0
2025-08-06,AMZN,214.6999969482422,222.64999389648438,213.74000549316406,222.30999755859375,222.30999755859375,54823000.0,0.0,0.0
2025-08-07,AMZN,221.0,226.22000122070312,220.82000732421875,223.1300048828125,223.1300048828125,40603500.0,0.0,0.0
2025-08-08,AMZN,223.13999938964844,223.8000030517578,221.8800048828125,222.69000244140625,222.69000244140625,32970500.0,0.0,0.0
2025-08-11,AMZN,221.77999877929688,223.0500030517578,220.39999389648438,221.3000030517578,221.3000030517578,31646200.0,0.0,0.0
2025-08-12,AMZN,222.22999572753906,223.5,219.0500030517578,221.47000122070312,221.47000122070312,37185800.0,0.0,0.0
2025-08-13,AMZN,222.0,224.9199981689453,222.0,224.55999755859375,224.55999755859375,36508300.0,0.0,0.0
2025-08-14,AMZN,227.39999389648438,233.11000061035156,227.02000427246094,230.97999572753906,230.97999572753906,61545800.0,0.0,0.0
2025-08-15,AMZN,232.5800018310547,234.0800018310547,229.80999755859375,231.02999877929688,231.02999877929688,39649200.0,0.0,0.0
2025-08-18,AMZN,230.22999572753906,231.91000366210938,228.3300018310547,231.49000549316406,231.49000549316406,25248900.0,0.0,0.0
2025-08-19,AMZN,230.08999633789062,230.52999877929688,227.1199951171875,228.00999450683594,228.00999450683594,29891000.0,0.0,0.0
2025-08-20,AMZN,227.1199951171875,227.27000427246094,220.9199981689453,223.80999755859375,223.80999755859375,36604300.0,0.0,0.0
2025-08-21,AMZN,222.64999389648438,222.77999877929688,220.5,221.9499969482422,221.9499969482422,32140500.0,0.0,0.0
2025-08-22,AMZN,222.7899932861328,229.13999938964844,220.82000732421875,228.83999633789062,228.83999633789062,37315300.0,0.0,0.0
2025-08-25,AMZN,227.35000610351562,229.60000610351562,227.30999755859375,227.94000244140625,227.94000244140625,22633700.0,0.0,0.0
2025-08-26,AMZN,227.11000061035156,229.0,226.02000427246094,228.7100067138672,228.7100067138672,26105400.0,0.0,0.0
2025-08-27,AMZN,228.57000732421875,229.8699951171875,227.80999755859375,229.1199951171875,229.1199951171875,21254500.0,0.0,0.0
2025-08-28,AMZN,229.00999450683594,232.7100067138672,228.02000427246094,231.60000610351562,231.60000610351562,33679600.0,0.0,0.0
2025-08-29,AMZN,231.32000732421875,231.80999755859375,228.16000366210938,229.0,229.0,26199200.0,0.0,0.0
2025-09-02,AMZN,223.52000427246094,226.1699981689453,221.8300018310547,225.33999633789062,225.33999633789062,38843900.0,0.0,0.0
2025-09-03,AMZN,225.2100067138672,227.1699981689453,224.36000061035156,225.99000549316406,225.99000549316406,29223100.0,0.0,0.0
2025-09-04,AMZN,231.19000244140625,235.77000427246094,230.77999877929688,235.67999267578125,235.67999267578125,59391800.0,0.0,0.0
2025-09-05,AMZN,235.19000244140625,236.0,231.92999267578125,232.3300018310547,232.3300018310547,36721800.0,0.0,0.0
2025-09-08,AMZN,234.94000244140625,237.60000610351562,233.75,235.83999633789062,235.83999633789062,33947100.0,0.0,0.0
2025-09-09,AMZN,236.36000061035156,238.85000610351562,235.0800018310547,238.24000549316406,238.24000549316406,27033800.0,0.0,0.0
2025-09-10,AMZN,237.52000427246094,237.67999267578125,229.10000610351562,230.3300018310547,230.3300018310547,60907700.0,0.0,0.0
2025-09-11,AMZN,231.49000549316406,231.52999877929688,229.33999633789062,229.9499969482422,229.9499969482422,37485600.0,0.0,0.0
2025-09-12,AMZN,230.35000610351562,230.7899932861328,226.2899932861328,228.14999389648438,228.14999389648438,38496200.0,0.0,0.0
2025-09-15,AMZN,230.6300048828125,233.72999572753906,230.32000732421875,231.42999267578125,231.42999267578125,33243300.0,0.0,0.0
2025-09-16,AMZN,232.94000244140625,235.89999389648438,232.22999572753906,234.0500030517578,234.0500030517578,38203900.0,0.0,0.0
2025-09-17,AMZN,233.77000427246094,234.3000030517578,228.7100067138672,231.6199951171875,231.6199951171875,42815200.0,0.0,0.0
2025-09-18,AMZN,232.5,233.47999572753906,228.7899932861328,231.22999572753906,231.22999572753906,37931700.0,0.0,0.0
2025-09-19,AMZN,232.3699951171875,234.16000366210938,229.6999969482422,231.47999572753906,231.47999572753906,97943200.0,0.0,0.0
2025-09-22,AMZN,230.55999755859375,230.57000732421875,227.50999450683594,227.6300048828125,227.6300048828125,45914500.0,0.0,0.0
2025-09-23,AMZN,227.8300018310547,227.86000061035156,220.07000732421875,220.7100067138672,220.7100067138672,70956200.0,0.0,0.0
2025-09-24,AMZN,224.14999389648438,224.55999755859375,219.4499969482422,220.2100067138672,220.2100067138672,49509000.0,0.0,0.0
2025-09-25,AMZN,220.05999755859375,220.6699981689453,216.47000122070312,218.14999389648438,218.14999389648438,52226300.0,0.0,0.0
2025-09-26,AMZN,219.0800018310547,221.0500030517578,218.02000427246094,219.77999877929688,219.77999877929688,41650100.0,0.0,0.0
2025-09-29,AMZN,220.0800018310547,222.60000610351562,219.3000030517578,222.1699981689453,222.1699981689453,44259200.0,0.0,0.0
2025-09-30,AMZN,222.02999877929688,222.24000549316406,217.88999938964844,219.57000732421875,219.57000732421875,48396400.0,0.0,0.0
2025-10-01,AMZN,217.36000061035156,222.14999389648438,216.61000061035156,220.6300048828125,220.6300048828125,43933800.0,0.0,0.0
2025-10-02,AMZN,221.00999450683594,222.80999755859375,218.9499969482422,222.41000366210938,222.41000366210938,41258600.0,0.0,0.0
2025-10-03,AMZN,223.44000244140625,224.1999969482422,219.33999633789062,219.50999450683594,219.50999450683594,43639000.0,0.0,0.0
2025-10-06,AMZN,221.0,221.72999572753906,216.02999877929688,220.89999389648438,220.89999389648438,43690900.0,0.0,0.0
2025-10-07,AMZN,220.8800048828125,222.88999938964844,220.1699981689453,221.77999877929688,221.77999877929688,31194700.0,0.0,0.0
2025-10-08,AMZN,222.9199981689453,226.72999572753906,221.19000244140625,225.22000122070312,225.22000122070312,46686000.0,0.0,0.0
2025-10-09,AMZN,225.0,228.2100067138672,221.75,227.74000549316406,227.74000549316406,46412100.0,0.0,0.0
2025-10-10,AMZN,226.2100067138672,228.25,216.0,216.3699951171875,216.3699951171875,72367500.0,0.0,0.0
2025-10-13,AMZN,217.6999969482422,220.67999267578125,217.0399932861328,220.07000732421875,220.07000732421875,37809700.0,0.0,0.0
2025-10-14,AMZN,215.55999755859375,219.32000732421875,212.60000610351562,216.38999938964844,216.38999938964844,45665600.0,0.0,0.0
2025-10-15,AMZN,216.6199951171875,217.7100067138672,212.66000366210938,215.57000732421875,215.57000732421875,45909500.0,0.0,0.0
2025-10-16,AMZN,215.6699981689453,218.58999633789062,212.80999755859375,214.47000122070312,214.47000122070312,42414600.0,0.0,0.0
2025-10-17,AMZN,214.55999755859375,214.8000030517578,211.02999877929688,213.0399932861328,213.0399932861328,45986900.0,0.0,0.0
2025-10-20,AMZN,213.8800048828125,216.69000244140625,213.58999633789062,216.47999572753906,216.47999572753906,38882800.0,0.0,0.0
2025-10-21,AMZN,218.42999267578125,223.32000732421875,217.99000549316406,222.02999877929688,222.02999877929688,50494600.0,0.0,0.0
2025-10-22,AMZN,219.3000030517578,220.00999450683594,216.52000427246094,217.9499969482422,217.9499969482422,44308500.0,0.0,0.0
2025-10-23,AMZN,219.0,221.3000030517578,218.17999267578125,221.08999633789062,221.08999633789062,31540000.0,0.0,0.0
2025-10-24,AMZN,221.97000122070312,225.39999389648438,221.89999389648438,224.2100067138672,224.2100067138672,38685100.0,0.0,0.0
2025-10-27,AMZN,227.66000366210938,228.39999389648438,225.5399932861328,226.97000122070312,226.97000122070312,38267000.0,0.0,0.0
2025-10-28,AMZN,228.22000122070312,231.49000549316406,226.2100067138672,229.25,229.25,47100000.0,0.0,0.0
2025-10-29,AMZN,231.6699981689453,232.82000732421875,227.75999450683594,230.3000030517578,230.3000030517578,52036200.0,0.0,0.0
2025-10-30,AMZN,227.05999755859375,228.44000244140625,222.75,222.86000061035156,222.86000061035156,102252900.0,0.0,0.0
2025-10-31,AMZN,250.10000610351562,250.5,243.97999572753906,244.22000122070312,244.22000122070312,166340800.0,0.0,0.0
2025-11-03,AMZN,255.36000061035156,258.6000061035156,252.89999389648438,254.0,254.0,95997800.0,0.0,0.0
2025-11-04,AMZN,250.3800048828125,257.010009765625,248.66000366210938,249.32000732421875,249.32000732421875,51546300.0,0.0,0.0
2025-11-05,AMZN,249.02999877929688,251.0,246.16000366210938,250.1999969482422,250.1999969482422,40610700.0,0.0,0.0
2025-11-06,AMZN,249.16000366210938,250.3800048828125,242.1699981689453,243.0399932861328,243.0399932861328,46004200.0,0.0,0.0
2025-11-07,AMZN,242.89999389648438,244.89999389648438,238.49000549316406,244.41000366210938,244.41000366210938,46374300.0,0.0,0.0
2025-11-10,AMZN,248.33999633789062,251.75,245.58999633789062,248.39999389648438,248.39999389648438,36476500.0,0.0,0.0
2025-11-11,AMZN,248.41000366210938,249.75,247.22999572753906,249.10000610351562,249.10000610351562,23564100.0,0.0,0.0
2025-11-12,AMZN,250.24000549316406,250.3699951171875,243.75,244.1999969482422,244.1999969482422,31190100.0,0.0,0.0
2025-11-13,AMZN,243.0500030517578,243.75,236.5,237.5800018310547,237.5800018310547,41401700.0,0.0,0.0
2025-11-14,AMZN,235.05999755859375,238.72999572753906,232.88999938964844,234.69000244140625,234.69000244140625,38956700.0,0.0,0.0
2025-11-17,AMZN,233.25,234.60000610351562,229.19000244140625,232.8699951171875,232.8699951171875,59919000.0,0.0,0.0
2025-11-18,AMZN,228.10000610351562,230.1999969482422,222.4199981689453,222.5500030517578,222.5500030517578,60608400.0,0.0,0.0
2025-11-19,AMZN,223.74000549316406,223.74000549316406,218.52000427246094,222.69000244140625,222.69000244140625,58335600.0,0.0,0.0
2025-11-20,AMZN,227.0500030517578,227.41000366210938,216.74000549316406,217.13999938964844,217.13999938964844,50309000.0,0.0,0.0
2025-11-21,AMZN,216.35000610351562,222.2100067138672,215.17999267578125,220.69000244140625,220.69000244140625,68490500.0,0.0,0.0
2025-11-24,AMZN,222.55999755859375,227.3300018310547,222.27000427246094,226.27999877929688,226.27999877929688,54318400.0,0.0,0.0
2025-11-25,AMZN,226.3800048828125,230.52000427246094,223.8000030517578,229.6699981689453,229.6699981689453,39379300.0,0.0,0.0
2025-11-26,AMZN,230.74000549316406,231.75,228.77000427246094,229.16000366210938,229.16000366210938,38497900.0,0.0,0.0
2025-11-28,AMZN,231.24000549316406,233.2899932861328,230.22000122070312,233.22000122070312,233.22000122070312,20292300.0,0.0,0.0
2025-12-01,AMZN,233.22000122070312,235.8000030517578,232.25,233.8800048828125,233.8800048828125,42904000.0,0.0,0.0
2025-12-02,AMZN,235.00999450683594,238.97000122070312,233.5500030517578,234.4199981689453,234.4199981689453,45785400.0,0.0,0.0
2025-12-03,AMZN,233.35000610351562,233.3800048828125,230.61000061035156,232.3800048828125,232.3800048828125,35495100.0,0.0,0.0
2025-12-04,AMZN,232.77000427246094,233.5,226.8000030517578,229.11000061035156,229.11000061035156,45683200.0,0.0,0.0
2025-12-05,AMZN,230.32000732421875,231.24000549316406,228.5500030517578,229.52999877929688,229.52999877929688,33117400.0,0.0,0.0
2025-12-08,AMZN,229.58999633789062,230.8300018310547,226.27000427246094,226.88999938964844,226.88999938964844,35019200.0,0.0,0.0
2025-12-09,AMZN,226.83999633789062,228.57000732421875,225.11000061035156,227.9199981689453,227.9199981689453,25841700.0,0.0,0.0
2025-12-10,AMZN,228.80999755859375,232.4199981689453,228.4600067138672,231.77999877929688,231.77999877929688,38790700.0,0.0,0.0
2025-12-11,AMZN,230.7100067138672,232.11000061035156,228.69000244140625,230.27999877929688,230.27999877929688,28249600.0,0.0,0.0
2025-12-12,AMZN,229.8699951171875,230.0800018310547,225.1199951171875,226.19000244140625,226.19000244140625,35639100.0,0.0,0.0
2025-12-15,AMZN,227.92999267578125,227.92999267578125,221.5,222.5399932861328,222.5399932861328,47286100.0,0.0,0.0
2025-12-16,AMZN,223.0399932861328,223.66000366210938,221.1300048828125,222.55999755859375,222.55999755859375,39298900.0,0.0,0.0
2025-12-17,AMZN,224.66000366210938,225.19000244140625,220.99000549316406,221.27000427246094,221.27000427246094,44034400.0,0.0,0.0
2025-12-18,AMZN,225.7100067138672,229.22999572753906,224.41000366210938,226.75999450683594,226.75999450683594,50272400.0,0.0,0.0
2025-12-19,AMZN,226.75999450683594,229.1300048828125,225.5800018310547,227.35000610351562,227.35000610351562,85544400.0,0.0,0.0
2025-12-22,AMZN,228.61000061035156,229.47999572753906,226.7100067138672,228.42999267578125,228.42999267578125,32261300.0,0.0,0.0
2025-12-23,AMZN,229.05999755859375,232.4499969482422,228.72999572753906,232.13999938964844,232.13999938964844,29230200.0,0.0,0.0
2025-12-24,AMZN,232.1300048828125,232.9499969482422,231.3300018310547,232.3800048828125,232.3800048828125,11420500.0,0.0,0.0
2025-12-26,AMZN,232.0399932861328,232.99000549316406,231.17999267578125,232.52000427246094,232.52000427246094,15994700.0,0.0,0.0
2025-12-29,AMZN,231.94000244140625,232.60000610351562,230.77000427246094,232.07000732421875,232.07000732421875,19797900.0,0.0,0.0
2025-12-30,AMZN,231.2100067138672,232.77000427246094,230.1999969482422,232.52999877929688,232.52999877929688,21910500.0,0.0,0.0
2025-12-31,AMZN,232.91000366210938,232.99000549316406,230.1199951171875,230.82000732421875,230.82000732421875,24383700.0,0.0,0.0
2026-01-02,AMZN,231.33999633789062,235.4600067138672,224.6999969482422,226.5,226.5,51456200.0,0.0,0.0
2026-01-05,AMZN,228.83999633789062,234.0,227.17999267578125,233.05999755859375,233.05999755859375,49733300.0,0.0,0.0
2026-01-06,AMZN,232.10000610351562,243.17999267578125,232.07000732421875,240.92999267578125,240.92999267578125,53764700.0,0.0,0.0
2026-01-07,AMZN,239.61000061035156,245.2899932861328,239.52000427246094,241.55999755859375,241.55999755859375,42236500.0,0.0,0.0
2026-01-08,AMZN,243.05999755859375,246.41000366210938,241.8800048828125,246.2899932861328,246.2899932861328,39509800.0,0.0,0.0
2026-01-09,AMZN,244.57000732421875,247.86000061035156,242.24000549316406,247.3800048828125,247.3800048828125,34560000.0,0.0,0.0
2026-01-12,AMZN,246.72999572753906,248.94000244140625,245.9600067138672,246.47000122070312,246.47000122070312,35867800.0,0.0,0.0
2026-01-13,AMZN,246.52999877929688,247.66000366210938,240.25,242.60000610351562,242.60000610351562,38371800.0,0.0,0.0
2026-01-14,AMZN,241.14999389648438,241.27999877929688,236.22000122070312,236.64999389648438,236.64999389648438,41410600.0,0.0,0.0
2026-01-15,AMZN,239.30999755859375,240.64999389648438,236.6300048828125,238.17999267578125,238.17999267578125,43003600.0,0.0,0.0
2026-01-16,AMZN,239.08999633789062,239.57000732421875,236.41000366210938,239.1199951171875,239.1199951171875,45888300.0,0.0,0.0
2026-01-20,AMZN,233.75999450683594,235.08999633789062,229.33999633789062,231.0,231.0,47737900.0,0.0,0.0
2026-01-21,AMZN,231.08999633789062,232.3000030517578,226.8800048828125,231.30999755859375,231.30999755859375,47276100.0,0.0,0.0
2026-01-22,AMZN,234.0500030517578,235.72000122070312,230.89999389648438,234.33999633789062,234.33999633789062,31913300.0,0.0,0.0
2026-01-23,AMZN,234.9600067138672,240.4499969482422,234.57000732421875,239.16000366210938,239.16000366210938,33778500.0,0.0,0.0
2026-01-26,AMZN,239.97999572753906,240.9499969482422,237.5399932861328,238.4199981689453,238.4199981689453,32825500.0,0.0,0.0
2026-01-27,AMZN,239.69000244140625,244.8800048828125,238.0800018310547,244.67999267578125,244.67999267578125,38029200.0,0.0,0.0
2026-01-28,AMZN,246.3699951171875,247.77999877929688,241.52999877929688,243.00999450683594,243.00999450683594,40882700.0,0.0,0.0
2026-01-29,AMZN,242.82000732421875,243.0,236.74000549316406,241.72999572753906,241.72999572753906,47229600.0,0.0,0.0
2026-01-30,AMZN,239.88999938964844,243.32000732421875,237.63999938964844,239.3000030517578,239.3000030517578,46585000.0,0.0,0.0
2026-02-02,AMZN,238.30999755859375,245.6300048828125,238.1699981689453,242.9600067138672,242.9600067138672,37546100.0,0.0,0.0
2026-02-03,AMZN,244.97999572753906,246.35000610351562,235.4499969482422,238.6199951171875,238.6199951171875,53831300.0,0.0,0.0
2026-02-04,AMZN,238.86000061035156,238.86000061035156,231.82000732421875,232.99000549316406,232.99000549316406,51299900.0,0.0,0.0
2026-02-05,AMZN,224.91000366210938,226.30999755859375,220.3800048828125,222.69000244140625,222.69000244140625,103509200.0,0.0,0.0
2026-02-06,AMZN,202.6999969482422,211.44000244140625,200.30999755859375,210.32000732421875,210.32000732421875,179210900.0,0.0,0.0
2026-02-09,AMZN,208.97000122070312,212.80999755859375,203.35000610351562,208.72000122070312,208.72000122070312,91178400.0,0.0,0.0
2026-02-10,AMZN,208.8000030517578,212.64999389648438,206.41000366210938,206.9600067138672,206.9600067138672,67175000.0,0.0,0.0
2026-02-11,AMZN,208.05999755859375,208.57000732421875,202.49000549316406,204.0800018310547,204.0800018310547,65545500.0,0.0,0.0
2026-02-12,AMZN,203.9600067138672,203.9600067138672,197.55999755859375,199.60000610351562,199.60000610351562,83975400.0,0.0,0.0
2026-02-13,AMZN,198.8800048828125,201.16000366210938,197.27999877929688,198.7899932861328,198.7899932861328,66321600.0,0.0,0.0
2026-02-17,AMZN,198.1300048828125,201.74000549316406,196.0,201.14999389648438,201.14999389648438,69879200.0,0.0,0.0
2026-02-18,AMZN,202.07000732421875,206.86000061035156,201.50999450683594,204.7899932861328,204.7899932861328,51003300.0,0.0,0.0
2026-02-19,AMZN,203.8000030517578,205.63999938964844,202.80999755859375,204.86000061035156,204.86000061035156,35669600.0,0.0,0.0
2026-02-20,AMZN,204.75999450683594,211.1699981689453,203.75,210.11000061035156,210.11000061035156,65881600.0,0.0,0.0
2026-02-23,AMZN,208.10000610351562,208.42999267578125,203.11000061035156,205.27000427246094,205.27000427246094,53581500.0,0.0,0.0
2026-02-24,AMZN,205.47000122070312,210.36000061035156,203.25,208.55999755859375,208.55999755859375,41137200.0,0.0,0.0
2026-02-25,AMZN,210.4600067138672,211.58999633789062,208.92999267578125,210.63999938964844,210.63999938964844,41346400.0,0.0,0.0
2026-02-26,AMZN,210.72999572753906,211.0500030517578,205.35000610351562,207.9199981689453,207.9199981689453,47756800.0,0.0,0.0
2026-02-27,AMZN,206.8300018310547,210.3300018310547,205.1999969482422,210.0,210.0,57422800.0,0.0,0.0
2026-03-02,AMZN,204.5500030517578,209.72999572753906,203.4600067138672,208.38999938964844,208.38999938964844,46001000.0,0.0,0.0
2026-03-03,AMZN,203.10000610351562,209.17999267578125,202.47999572753906,208.72999572753906,208.72999572753906,43184900.0,0.0,0.0
2026-03-04,AMZN,210.47000122070312,217.5399932861328,210.14999389648438,216.82000732421875,216.82000732421875,54731100.0,0.0,0.0
2026-03-05,AMZN,215.97999572753906,220.47000122070312,215.58999633789062,218.94000244140625,218.94000244140625,60943400.0,0.0,0.0
2026-03-06,AMZN,214.99000549316406,217.32000732421875,212.52999877929688,213.2100067138672,213.2100067138672,51152700.0,0.0,0.0
2026-03-09,AMZN,210.4499969482422,213.82000732421875,207.11000061035156,213.49000549316406,213.49000549316406,54642900.0,0.0,0.0
2026-03-10,AMZN,214.19000244140625,215.64999389648438,212.42999267578125,214.3300018310547,214.3300018310547,35678800.0,0.0,0.0
2026-03-11,AMZN,215.7100067138672,217.0,211.35000610351562,212.64999389648438,212.64999389648438,34199300.0,0.0,0.0
2026-03-12,AMZN,210.38999938964844,211.7100067138672,208.14999389648438,209.52999877929688,209.52999877929688,44349500.0,0.0,0.0
2026-03-13,AMZN,209.61000061035156,210.55999755859375,206.22000122070312,207.6699981689453,207.6699981689453,35662100.0,0.0,0.0
2026-03-16,AMZN,208.35000610351562,212.72000122070312,207.4499969482422,211.74000549316406,211.74000549316406,42209300.0,0.0,0.0
2026-03-17,AMZN,212.82000732421875,215.6999969482422,212.42999267578125,215.1999969482422,215.1999969482422,44969900.0,0.0,0.0
2026-03-18,AMZN,213.92999267578125,215.13999938964844,208.8300018310547,209.8699951171875,209.8699951171875,37846600.0,0.0,0.0
2026-03-19,AMZN,207.05999755859375,209.1199951171875,206.0500030517578,208.75999450683594,208.75999450683594,36440600.0,0.0,0.0
2026-03-20,AMZN,207.39999389648438,207.5399932861328,204.32000732421875,205.3699951171875,205.3699951171875,63694600.0,0.0,0.0
2026-03-23,AMZN,209.7899932861328,212.8000030517578,209.50999450683594,210.13999938964844,210.13999938964844,44277400.0,0.0,0.0
2026-03-24,AMZN,207.9499969482422,209.35000610351562,206.63999938964844,207.24000549316406,207.24000549316406,35351400.0,0.0,0.0
2026-03-25,AMZN,211.55999755859375,213.07000732421875,209.89999389648438,211.7100067138672,211.7100067138672,36388800.0,0.0,0.0
2026-03-26,AMZN,210.61000061035156,212.88999938964844,207.1199951171875,207.5399932861328,207.5399932861328,46746000.0,0.0,0.0
2026-03-27,AMZN,206.4600067138672,206.60000610351562,199.13999938964844,199.33999633789062,199.33999633789062,56009800.0,0.0,0.0
2026-03-30,AMZN,201.47999572753906,203.8000030517578,199.97999572753906,200.9499969482422,200.9499969482422,46373800.0,0.0,0.0
2026-03-31,AMZN,204.85000610351562,210.27999877929688,204.13999938964844,208.27000427246094,208.27000427246094,58470100.0,0.0,0.0
2026-04-01,AMZN,210.44000244140625,213.5800018310547,208.19000244140625,210.57000732421875,210.57000732421875,45955400.0,0.0,0.0
2026-04-02,AMZN,206.5399932861328,212.2100067138672,204.89999389648438,209.77000427246094,209.77000427246094,31453000.0,0.0,0.0
2026-04-06,AMZN,209.8000030517578,212.9499969482422,209.58999633789062,212.7899932861328,212.7899932861328,25385500.0,0.0,0.0
2026-04-07,AMZN,211.24000549316406,213.97000122070312,209.0800018310547,213.77000427246094,213.77000427246094,28154600.0,0.0,0.0
2026-04-08,AMZN,223.7899932861328,226.10000610351562,219.6199951171875,221.25,221.25,51092700.0,0.0,0.0
2026-04-09,AMZN,225.22999572753906,233.8000030517578,223.27000427246094,233.64999389648438,233.64999389648438,65964200.0,0.0,0.0
2026-04-10,AMZN,235.3000030517578,240.42999267578125,235.2100067138672,238.3800048828125,238.3800048828125,56912800.0,0.0,0.0
2026-04-13,AMZN,237.4499969482422,240.0,235.75,239.88999938964844,239.88999938964844,42166200.0,0.0,0.0
2026-04-14,AMZN,241.77999877929688,252.17999267578125,241.77999877929688,249.02000427246094,249.02000427246094,72685000.0,0.0,0.0
2026-04-15,AMZN,249.25,250.44000244140625,247.1999969482422,248.5,248.5,43045200.0,0.0,0.0
2026-04-16,AMZN,248.50999450683594,250.0,244.1999969482422,249.6999969482422,249.6999969482422,41895700.0,0.0,0.0
2026-04-17,AMZN,254.99000549316406,256.17999267578125,250.11000061035156,250.55999755859375,250.55999755859375,52029300.0,0.0,0.0
2026-04-20,AMZN,249.19000244140625,250.17999267578125,245.3699951171875,248.27999877929688,248.27999877929688,39463100.0,0.0,0.0
2026-04-21,AMZN,255.08999633789062,255.08999633789062,249.10000610351562,249.91000366210938,249.91000366210938,42922400.0,0.0,0.0
2026-04-22,AMZN,252.44000244140625,255.94000244140625,250.3300018310547,255.36000061035156,255.36000061035156,36065100.0,0.0,0.0
2026-04-23,AMZN,255.38999938964844,258.7900085449219,253.07000732421875,255.0800018310547,255.0800018310547,39091400.0,0.0,0.0
2026-04-24,AMZN,259.9800109863281,264.5,257.69000244140625,263.989990234375,263.989990234375,53777400.0,0.0,0.0
2026-04-27,AMZN,263.4599914550781,264.1499938964844,260.3399963378906,261.1199951171875,261.1199951171875,44906800.0,0.0,0.0
2026-04-28,AMZN,258.3900146484375,261.0299987792969,256.6300048828125,259.70001220703125,259.70001220703125,42204400.0,0.0,0.0
2026-04-29,AMZN,257.989990234375,265.9100036621094,257.70001220703125,263.0400085449219,263.0400085449219,72367900.0,0.0,0.0
2026-04-30,AMZN,273.1700134277344,273.8800048828125,256.1600036621094,265.05999755859375,265.05999755859375,100974900.0,0.0,0.0
2026-05-01,AMZN,265.5799865722656,273.32000732421875,262.739990234375,268.260009765625,268.260009765625,50825200.0,0.0,0.0
2026-05-04,AMZN,268.79998779296875,276.1000061035156,268.79998779296875,272.04998779296875,272.04998779296875,49083700.0,0.0,0.0
2026-05-05,AMZN,276.0799865722656,278.55999755859375,272.3800048828125,273.54998779296875,273.54998779296875,41908500.0,0.0,0.0
2026-05-06,AMZN,272.8900146484375,277.79998779296875,272.2099914550781,274.989990234375,274.989990234375,44552000.0,0.0,0.0
2026-05-07,AMZN,275.0199890136719,276.6300048828125,270.489990234375,271.1700134277344,271.1700134277344,35892900.0,0.0,0.0
2026-05-08,AMZN,271.6300048828125,274.0,269.95001220703125,272.67999267578125,272.67999267578125,34732700.0,0.0,0.0
2026-05-11,AMZN,269.8399963378906,273.6300048828125,268.4800109863281,268.989990234375,268.989990234375,38176700.0,0.0,0.0
2026-05-12,AMZN,266.7099914550781,267.6499938964844,262.6300048828125,265.82000732421875,265.82000732421875,36776200.0,0.0,0.0
2026-05-13,AMZN,264.42999267578125,270.7200012207031,263.20001220703125,270.1300048828125,270.1300048828125,39670900.0,0.0,0.0
2026-05-14,AMZN,269.1499938964844,270.7799987792969,266.6300048828125,267.2200012207031,267.2200012207031,31338400.0,0.0,0.0
2026-05-15,AMZN,262.5,264.3599853515625,260.8900146484375,264.1400146484375,264.1400146484375,40770300.0,0.0,0.0
2026-05-18,AMZN,263.8699951171875,268.8500061035156,262.5299987792969,264.8599853515625,264.8599853515625,33690800.0,0.0,0.0
2026-05-19,AMZN,262.0400085449219,262.25,255.19000244140625,259.3399963378906,259.3399963378906,40340700.0,0.0,0.0
2026-05-20,AMZN,260.04998779296875,265.5799865722656,259.5299987792969,265.010009765625,265.010009765625,34933200.0,0.0,0.0
2026-05-21,AMZN,263.5,269.489990234375,261.3699951171875,268.4599914550781,268.4599914550781,36591700.0,0.0,0.0
2026-05-22,AMZN,268.6600036621094,269.7900085449219,266.239990234375,266.32000732421875,266.32000732421875,27535500.0,0.0,0.0
2026-05-26,AMZN,267.94000244140625,269.29998779296875,262.07000732421875,265.2900085449219,265.2900085449219,38028100.0,0.0,0.0
2026-05-27,AMZN,266.1499938964844,272.4100036621094,265.70001220703125,271.8500061035156,271.8500061035156,40061900.0,0.0,0.0
2026-05-28,AMZN,272.2699890136719,274.5,267.44000244140625,274.0,274.0,40630400.0,0.0,0.0
2026-05-29,AMZN,271.2900085449219,274.75,269.6400146484375,270.6400146484375,270.6400146484375,54749600.0,0.0,0.0
2026-06-01,AMZN,266.2900085449219,266.6300048828125,260.70001220703125,261.260009765625,261.260009765625,53604400.0,0.0,0.0
2026-06-02,AMZN,257.1600036621094,261.20001220703125,254.3699951171875,256.5199890136719,256.5199890136719,41811000.0,0.0,0.0
2026-06-03,AMZN,254.6999969482422,257.0899963378906,247.7100067138672,250.02000427246094,250.02000427246094,51394200.0,0.0,0.0
2026-06-04,AMZN,253.1199951171875,255.8300018310547,251.75,253.7899932861328,253.7899932861328,35609800.0,0.0,0.0
2026-06-05,AMZN,254.25999450683594,256.3800048828125,245.77999877929688,246.02999877929688,246.02999877929688,55607800.0,0.0,0.0
2026-06-08,AMZN,246.67999267578125,249.4199981689453,243.36000061035156,245.22000122070312,245.22000122070312,33899500.0,0.0,0.0
2026-06-09,AMZN,247.72999572753906,250.42999267578125,240.39999389648438,244.19000244140625,244.19000244140625,44425400.0,0.0,0.0
2026-06-10,AMZN,243.61000061035156,244.07000732421875,237.4499969482422,238.0,238.0,38590200.0,0.0,0.0
2026-06-11,AMZN,237.92999267578125,242.13999938964844,235.17999267578125,241.50999450683594,241.50999450683594,41335400.0,0.0,0.0
2026-06-12,AMZN,243.2100067138672,243.36000061035156,233.58999633789062,238.5500030517578,238.5500030517578,51186600.0,0.0,0.0
2026-06-15,AMZN,245.02000427246094,247.80999755859375,244.72999572753906,246.02000427246094,246.02000427246094,41711600.0,0.0,0.0
2026-06-16,AMZN,248.0,249.50999450683594,245.4499969482422,246.0,246.0,35187400.0,0.0,0.0
2026-06-17,AMZN,244.89999389648438,245.91000366210938,236.0,237.5,237.5,44780800.0,0.0,0.0
2026-06-18,AMZN,240.1199951171875,245.72999572753906,236.02000427246094,244.38999938964844,244.38999938964844,75624400.0,0.0,0.0
2026-06-22,AMZN,240.0800018310547,242.0,232.24000549316406,232.7899932861328,232.7899932861328,68388500.0,0.0,0.0
2026-06-23,AMZN,232.5500030517578,236.8699951171875,232.0,234.11000061035156,234.11000061035156,60492600.0,0.0,0.0
2026-06-24,AMZN,233.85000610351562,242.4199981689453,232.9499969482422,234.27000427246094,234.27000427246094,70282600.0,0.0,0.0
2026-06-25,AMZN,232.02000427246094,232.32000732421875,225.5500030517578,227.00999450683594,227.00999450683594,77674100.0,0.0,0.0
2026-06-26,AMZN,227.2100067138672,233.89999389648438,226.1300048828125,232.69000244140625,232.69000244140625,248372100.0,0.0,0.0
2026-06-29,AMZN,234.22000122070312,249.7100067138672,233.8000030517578,240.13999938964844,240.13999938964844,77619200.0,0.0,0.0
2026-06-30,AMZN,237.35000610351562,241.5399932861328,237.1699981689453,238.33999633789062,238.33999633789062,66228300.0,0.0,0.0
2026-07-01,AMZN,239.75,244.89999389648438,234.89999389648438,241.6999969482422,241.6999969482422,53829900.0,0.0,0.0
2026-07-02,AMZN,241.61000061035156,246.72000122070312,241.0800018310547,242.6699981689453,242.6699981689453,48246400.0,0.0,0.0
2026-07-06,AMZN,243.8000030517578,246.0399932861328,240.8800048828125,244.16000366210938,244.16000366210938,40044000.0,0.0,0.0
2026-07-07,AMZN,246.97999572753906,248.92999267578125,242.6999969482422,245.97999572753906,245.97999572753906,40579600.0,0.0,0.0
2026-07-08,AMZN,244.27000427246094,244.8000030517578,240.52000427246094,243.6199951171875,243.6199951171875,29653000.0,0.0,0.0
2026-07-09,AMZN,239.82000732421875,247.5,238.25,247.0399932861328,247.0399932861328,38091700.0,0.0,0.0
2026-07-10,AMZN,249.5500030517578,251.02999877929688,244.41000366210938,245.33999633789062,245.33999633789062,31654000.0,0.0,0.0
2026-07-13,AMZN,244.67999267578125,249.64999389648438,244.17999267578125,247.30999755859375,247.30999755859375,34636100.0,0.0,0.0
2026-07-14,AMZN,245.5500030517578,248.55999755859375,243.8000030517578,247.49000549316406,247.49000549316406,30108100.0,0.0,0.0
2026-07-15,AMZN,249.75,256.4800109863281,249.75,254.9600067138672,254.9600067138672,45240600.0,0.0,0.0
2026-07-16,AMZN,255.1199951171875,258.0799865722656,248.0,249.88999938964844,249.88999938964844,45343700.0,0.0,0.0
2026-07-17,AMZN,244.4600067138672,250.24000549316406,243.58999633789062,247.22999572753906,247.22999572753906,43572400.0,0.0,0.0
2026-07-20,AMZN,248.75999450683594,252.88999938964844,248.0,249.99000549316406,249.99000549316406,32406500.0,0.0,0.0
2026-07-21,AMZN,249.11000061035156,249.33999633789062,246.4199981689453,247.5500030517578,247.5500030517578,27732100.0,0.0,0.0
2026-07-22,AMZN,248.27000427246094,248.4499969482422,242.4499969482422,244.85000610351562,244.85000610351562,34112700.0,0.0,0.0
2026-07-23,AMZN,236.25999450683594,238.35000610351562,232.0500030517578,233.66000366210938,233.66000366210938,47465300.0,0.0,0.0
2026-07-24,AMZN,234.3800048828125,234.9499969482422,231.33999633789062,232.11000061035156,232.11000061035156,35017400.0,0.0,0.0
2026-07-27,AMZN,235.6699981689453,235.88999938964844,230.99000549316406,231.38999938964844,231.38999938964844,34999500.0,0.0,0.0
2026-07-28,AMZN,232.85000610351562,233.11000061035156,228.10000610351562,230.86000061035156,230.86000061035156,44521600.0,0.0,0.0
2026-07-29,AMZN,229.32000732421875,232.82000732421875,226.16000366210938,226.64999389648438,226.64999389648438,44957500.0,0.0,0.0
2026-07-30,AMZN,233.35000610351562,239.82000732421875,231.05999755859375,235.5,235.5,101839800.0,0.0,0.0
2026-07-31,AMZN,265.0,273.2300109863281,262.010009765625,271.5799865722656,271.5799865722656,129054800.0,0.0,0.0
2026-08-03,AMZN,278.2900085449219,287.20001220703125,278.0,284.0199890136719,284.0199890136719,90830200.0,0.0,0.0
2026-08-04,AMZN,276.05999755859375,281.07000732421875,275.82000732421875,277.4200134277344,277.4200134277344,69748100.0,0.0,0.0
2026-08-05,AMZN,281.5899963378906,282.7900085449219,270.7300109863281,272.6499938964844,272.6499938964844,45119800.0,0.0,0.0
2026-08-06,AMZN,272.7699890136719,275.4800109863281,271.05999755859375,272.260009765625,272.260009765625,30672900.0,0.0,0.0
2026-08-07,AMZN,272.8699951171875,278.30999755859375,272.75,274.4800109863281,274.4800109863281,33861400.0,0.0,0.0
2026-08-10,AMZN,274.010009765625,280.1400146484375,273.6000061035156,278.0899963378906,278.0899963378906,35731900.0,0.0,0.0
2026-08-11,AMZN,278.69000244140625,278.8399963378906,271.3599853515625,272.2699890136719,272.2699890136719,31895700.0,0.0,0.0
2026-08-12,AMZN,273.17999267578125,273.4599914550781,267.1000061035156,267.2799987792969,267.2799987792969,29941100.0,0.0,0.0
2026-08-13,AMZN,267.239990234375,269.5799865722656,264.7099914550781,265.1300048828125,265.1300048828125,32170200.0,0.0,0.0
2026-08-14,AMZN,264.8800048828125,265.80999755859375,262.4200134277344,262.6499938964844,262.6499938964844,27251700.0,0.0,0.0
2026-08-17,AMZN,265.44000244140625,265.75,258.3399963378906,261.30999755859375,261.30999755859375,43896500.0,0.0,0.0
2026-08-18,AMZN,260.6300048828125,262.17999267578125,257.7300109863281,259.45001220703125,259.45001220703125,33171300.0,0.0,0.0
2026-08-19,AMZN,260.8500061035156,266.3999938964844,258.5799865722656,265.8399963378906,265.8399963378906,35762400.0,0.0,0.0
2026-08-20,AMZN,263.1600036621094,263.8399963378906,259.5199890136719,260.1099853515625,260.1099853515625,28374100.0,0.0,0.0
2026-08-21,AMZN,260.739990234375,261.0899963378906,257.0400085449219,258.6300048828125,258.6300048828125,35723000.0,0.0,0.0
2026-08-24,AMZN,259.6000061035156,263.32000732421875,259.04998779296875,262.07000732421875,262.07000732421875,28070500.0,0.0,0.0
2026-08-25,AMZN,262.510009765625,263.8900146484375,259.8299865722656,261.05999755859375,261.05999755859375,25550200.0,0.0,0.0
2026-08-26,AMZN,261.2799987792969,262.04998779296875,258.239990234375,260.2799987792969,260.2799987792969,21528400.0,0.0,0.0
2026-08-27,AMZN,259.2300109863281,259.6600036621094,255.02000427246094,256.260009765625,256.260009765625,35927800.0,0.0,0.0
2026-08-28,AMZN,258.32000732421875,267.55999755859375,257.7799987792969,266.42999267578125,266.42999267578125,49547400.0,0.0,0.0
2026-08-31,AMZN,263.8299865722656,264.3599853515625,257.1199951171875,259.7699890136719,259.7699890136719,46089400.0,0.0,0.0
2026-09-01,AMZN,254.8300018310547,255.82000732421875,251.92999267578125,254.9199981689453,254.9199981689453,31700100.0,0.0,0.0
2026-09-02,AMZN,254.25999450683594,256.239990234375,253.39999389648438,254.97999572753906,254.97999572753906,24013300.0,0.0,0.0
2026-09-03,AMZN,256.20001220703125,259.5,256.0,258.8999938964844,258.8999938964844,26891500.0,0.0,0.0
2026-09-04,AMZN,259.07000732421875,261.1199951171875,255.2899932861328,258.510009765625,258.510009765625,30749900.0,0.0,0.0
2026-09-08,AMZN,256.67999267578125,257.989990234375,254.75,256.9700012207031,256.9700012207031,29398000.0,0.0,0.0
2026-09-09,AMZN,253.1199951171875,254.69000244140625,250.64999389648438,252.39999389648438,252.39999389648438,33055500.0,0.0,0.0
2026-09-10,AMZN,250.11000061035156,253.14999389648438,249.5800018310547,251.88999938964844,251.88999938964844,25484800.0,0.0,0.0
2026-09-11,AMZN,254.08999633789062,257.5899963378906,253.13999938964844,256.7799987792969,256.7799987792969,26724100.0,0.0,0.0
2026-09-14,AMZN,253.14999389648438,255.9499969482422,250.74000549316406,253.5399932861328,253.5399932861328,34352800.0,0.0,0.0
2026-09-15,AMZN,252.24000549316406,253.27000427246094,247.22000122070312,248.4199981689453,248.4199981689453,36275400.0,0.0,0.0
2026-09-16,AMZN,248.10000610351562,249.25999450683594,244.3000030517578,245.9600067138672,245.9600067138672,33488500.0,0.0,0.0
2026-09-17,AMZN,251.07000732421875,252.72999572753906,249.24000549316406,251.19000244140625,251.19000244140625,30438800.0,0.0,0.0
2026-09-18,AMZN,252.9199981689453,255.42999267578125,251.8800048828125,253.7100067138672,253.7100067138672,52274700.0,0.0,0.0
2026-09-21,AMZN,256.3999938964844,259.489990234375,253.60000610351562,258.45001220703125,258.45001220703125,42979400.0,0.0,0.0
2026-09-22,AMZN,255.11000061035156,259.0,253.77999877929688,254.97999572753906,254.97999572753906,41982600.0,0.0,0.0
2026-09-23,AMZN,253.0,253.99000549316406,247.75999450683594,249.27000427246094,249.27000427246094,44209200.0,0.0,0.0
2026-09-24,AMZN,246.02000427246094,250.42999267578125,245.60000610351562,249.3800048828125,249.3800048828125,33040100.0,0.0,0.0
2026-09-25,AMZN,248.55999755859375,250.8800048828125,247.17999267578125,249.6699981689453,249.6699981689453,34263900.0,0.0,0.0
2026-09-28,AMZN,246.6300048828125,247.77000427246094,244.72999572753906,246.14999389648438,246.14999389648438,32596700.0,0.0,0.0
2026-09-29,AMZN,246.7100067138672,248.83999633789062,245.13999938964844,246.6699981689453,246.6699981689453,33730400.0,0.0,0.0
2026-09-30,AMZN,246.7899932861328,252.44000244140625,246.0800018310547,249.14999389648438,249.14999389648438,41913100.0,0.0,0.0
2026-10-01,AMZN,251.61000061035156,251.8300018310547,246.1199951171875,248.22999572753906,248.22999572753906,33243900.0,0.0,0.0
2026-10-02,AMZN,251.27999877929688,253.5576934814453,250.0200958251953,,,33047205.0,0.0,0.0
2020-01-02,GOOGL,,,,,,,0.0,0.0
2020-01-03,GOOGL,,,,,,,0.0,0.0
2020-01-06,GOOGL,,,,,,,0.0,0.0
2020-01-07,GOOGL,,,,,,,0.0,0.0
2020-01-08,GOOGL,,,,,,,0.0,0.0
2020-01-09,GOOGL,,,,,,,0.0,0.0
2020-01-10,GOOGL,,,,,,,0.0,0.0
2020-01-13,GOOGL,,,,,,,0.0,0.0
2020-01-14,GOOGL,,,,,,,0.0,0.0
2020-01-15,GOOGL,,,,,,,0.0,0.0
2020-01-16,GOOGL,,,,,,,0.0,0.0
2020-01-17,GOOGL,,,,,,,0.0,0.0
2020-01-21,GOOGL,,,,,,,0.0,0.0
2020-01-22,GOOGL,,,,,,,0.0,0.0
2020-01-23,GOOGL,,,,,,,0.0,0.0
2020-01-24,GOOGL,,,,,,,0.0,0.0
2020-01-27,GOOGL,,,,,,,0.0,0.0
2020-01-28,GOOGL,,,,,,,0.0,0.0
2020-01-29,GOOGL,,,,,,,0.0,0.0
2020-01-30,GOOGL,,,,,,,0.0,0.0
2020-01-31,GOOGL,,,,,,,0.0,0.0
2020-02-03,GOOGL,,,,,,,0.0,0.0
2020-02-04,GOOGL,,,,,,,0.0,0.0
2020-02-05,GOOGL,,,,,,,0.0,0.0
2020-02-06,GOOGL,,,,,,,0.0,0.0
2020-02-07,GOOGL,,,,,,,0.0,0.0
2020-02-10,GOOGL,,,,,,,0.0,0.0
2020-02-11,GOOGL,,,,,,,0.0,0.0
2020-02-12,GOOGL,,,,,,,0.0,0.0
2020-02-13,GOOGL,,,,,,,0.0,0.0
2020-02-14,GOOGL,,,,,,,0.0,0.0
2020-02-18,GOOGL,,,,,,,0.0,0.0
2020-02-19,GOOGL,,,,,,,0.0,0.0
2020-02-20,GOOGL,,,,,,,0.0,0.0
2020-02-21,GOOGL,,,,,,,0.0,0.0
2020-02-24,GOOGL,,,,,,,0.0,0.0
2020-02-25,GOOGL,,,,,,,0.0,0.0
2020-02-26,GOOGL,,,,,,,0.0,0.0
2020-02-27,GOOGL,,,,,,,0.0,0.0
2020-02-28,GOOGL,,,,,,,0.0,0.0
2020-03-02,GOOGL,,,,,,,0.0,0.0
2020-03-03,GOOGL,,,,,,,0.0,0.0
2020-03-04,GOOGL,,,,,,,0.0,0.0
2020-03-05,GOOGL,,,,,,,0.0,0.0
2020-03-06,GOOGL,,,,,,,0.0,0.0
2020-03-09,GOOGL,,,,,,,0.0,0.0
2020-03-10,GOOGL,,,,,,,0.0,0.0
2020-03-11,GOOGL,,,,,,,0.0,0.0
2020-03-12,GOOGL,,,,,,,0.0,0.0
2020-03-13,GOOGL,,,,,,,0.0,0.0
2020-03-16,GOOGL,,,,,,,0.0,0.0
2020-03-17,GOOGL,,,,,,,0.0,0.0
2020-03-18,GOOGL,,,,,,,0.0,0.0
2020-03-19,GOOGL,,,,,,,0.0,0.0
2020-03-20,GOOGL,,,,,,,0.0,0.0
2020-03-23,GOOGL,,,,,,,0.0,0.0
2020-03-24,GOOGL,,,,,,,0.0,0.0
2020-03-25,GOOGL,,,,,,,0.0,0.0
2020-03-26,GOOGL,,,,,,,0.0,0.0
2020-03-27,GOOGL,,,,,,,0.0,0.0
2020-03-30,GOOGL,,,,,,,0.0,0.0
2020-03-31,GOOGL,,,,,,,0.0,0.0
2020-04-01,GOOGL,,,,,,,0.0,0.0
2020-04-02,GOOGL,,,,,,,0.0,0.0
2020-04-03,GOOGL,,,,,,,0.0,0.0
2020-04-06,GOOGL,,,,,,,0.0,0.0
2020-04-07,GOOGL,,,,,,,0.0,0.0
2020-04-08,GOOGL,,,,,,,0.0,0.0
2020-04-09,GOOGL,,,,,,,0.0,0.0
2020-04-13,GOOGL,,,,,,,0.0,0.0
2020-04-14,GOOGL,,,,,,,0.0,0.0
2020-04-15,GOOGL,,,,,,,0.0,0.0
2020-04-16,GOOGL,,,,,,,0.0,0.0
2020-04-17,GOOGL,,,,,,,0.0,0.0
2020-04-20,GOOGL,,,,,,,0.0,0.0
2020-04-21,GOOGL,,,,,,,0.0,0.0
2020-04-22,GOOGL,,,,,,,0.0,0.0
2020-04-23,GOOGL,,,,,,,0.0,0.0
2020-04-24,GOOGL,,,,,,,0.0,0.0
2020-04-27,GOOGL,,,,,,,0.0,0.0
2020-04-28,GOOGL,,,,,,,0.0,0.0
2020-04-29,GOOGL,,,,,,,0.0,0.0
2020-04-30,GOOGL,,,,,,,0.0,0.0
2020-05-01,GOOGL,,,,,,,0.0,0.0
2020-05-04,GOOGL,,,,,,,0.0,0.0
2020-05-05,GOOGL,,,,,,,0.0,0.0
2020-05-06,GOOGL,,,,,,,0.0,0.0
2020-05-07,GOOGL,,,,,,,0.0,0.0
2020-05-08,GOOGL,,,,,,,0.0,0.0
2020-05-11,GOOGL,,,,,,,0.0,0.0
2020-05-12,GOOGL,,,,,,,0.0,0.0
2020-05-13,GOOGL,,,,,,,0.0,0.0
2020-05-14,GOOGL,,,,,,,0.0,0.0
2020-05-15,GOOGL,,,,,,,0.0,0.0
2020-05-18,GOOGL,,,,,,,0.0,0.0
2020-05-19,GOOGL,,,,,,,0.0,0.0
2020-05-20,GOOGL,,,,,,,0.0,0.0
2020-05-21,GOOGL,,,,,,,0.0,0.0
2020-05-22,GOOGL,,,,,,,0.0,0.0
2020-05-26,GOOGL,,,,,,,0.0,0.0
2020-05-27,GOOGL,,,,,,,0.0,0.0
2020-05-28,GOOGL,,,,,,,0.0,0.0
2020-05-29,GOOGL,,,,,,,0.0,0.0
2020-06-01,GOOGL,,,,,,,0.0,0.0
2020-06-02,GOOGL,,,,,,,0.0,0.0
2020-06-03,GOOGL,,,,,,,0.0,0.0
2020-06-04,GOOGL,,,,,,,0.0,0.0
2020-06-05,GOOGL,,,,,,,0.0,0.0
2020-06-08,GOOGL,,,,,,,0.0,0.0
2020-06-09,GOOGL,,,,,,,0.0,0.0
2020-06-10,GOOGL,,,,,,,0.0,0.0
2020-06-11,GOOGL,,,,,,,0.0,0.0
2020-06-12,GOOGL,,,,,,,0.0,0.0
2020-06-15,GOOGL,,,,,,,0.0,0.0
2020-06-16,GOOGL,,,,,,,0.0,0.0
2020-06-17,GOOGL,,,,,,,0.0,0.0
2020-06-18,GOOGL,,,,,,,0.0,0.0
2020-06-19,GOOGL,,,,,,,0.0,0.0
2020-06-22,GOOGL,,,,,,,0.0,0.0
2020-06-23,GOOGL,,,,,,,0.0,0.0
2020-06-24,GOOGL,,,,,,,0.0,0.0
2020-06-25,GOOGL,,,,,,,0.0,0.0
2020-06-26,GOOGL,,,,,,,0.0,0.0
2020-06-29,GOOGL,,,,,,,0.0,0.0
2020-06-30,GOOGL,,,,,,,0.0,0.0
2020-07-01,GOOGL,,,,,,,0.0,0.0
2020-07-02,GOOGL,,,,,,,0.0,0.0
2020-07-06,GOOGL,,,,,,,0.0,0.0
2020-07-07,GOOGL,,,,,,,0.0,0.0
2020-07-08,GOOGL,,,,,,,0.0,0.0
2020-07-09,GOOGL,,,,,,,0.0,0.0
2020-07-10,GOOGL,,,,,,,0.0,0.0
2020-07-13,GOOGL,,,,,,,0.0,0.0
2020-07-14,GOOGL,,,,,,,0.0,0.0
2020-07-15,GOOGL,,,,,,,0.0,0.0
2020-07-16,GOOGL,,,,,,,0.0,0.0
2020-07-17,GOOGL,,,,,,,0.0,0.0
2020-07-20,GOOGL,,,,,,,0.0,0.0
2020-07-21,GOOGL,,,,,,,0.0,0.0
2020-07-22,GOOGL,,,,,,,0.0,0.0
2020-07-23,GOOGL,,,,,,,0.0,0.0
2020-07-24,GOOGL,,,,,,,0.0,0.0
2020-07-27,GOOGL,,,,,,,0.0,0.0
2020-07-28,GOOGL,,,,,,,0.0,0.0
2020-07-29,GOOGL,,,,,,,0.0,0.0
2020-07-30,GOOGL,,,,,,,0.0,0.0
2020-07-31,GOOGL,,,,,,,0.0,0.0
2020-08-03,GOOGL,,,,,,,0.0,0.0
2020-08-04,GOOGL,,,,,,,0.0,0.0
2020-08-05,GOOGL,,,,,,,0.0,0.0
2020-08-06,GOOGL,,,,,,,0.0,0.0
2020-08-07,GOOGL,,,,,,,0.0,0.0
2020-08-10,GOOGL,,,,,,,0.0,0.0
2020-08-11,GOOGL,,,,,,,0.0,0.0
2020-08-12,GOOGL,,,,,,,0.0,0.0
2020-08-13,GOOGL,,,,,,,0.0,0.0
2020-08-14,GOOGL,,,,,,,0.0,0.0
2020-08-17,GOOGL,,,,,,,0.0,0.0
2020-08-18,GOOGL,,,,,,,0.0,0.0
2020-08-19,GOOGL,,,,,,,0.0,0.0
2020-08-20,GOOGL,,,,,,,0.0,0.0
2020-08-21,GOOGL,,,,,,,0.0,0.0
2020-08-24,GOOGL,,,,,,,0.0,0.0
2020-08-25,GOOGL,,,,,,,0.0,0.0
2020-08-26,GOOGL,,,,,,,0.0,0.0
2020-08-27,GOOGL,,,,,,,0.0,0.0
2020-08-28,GOOGL,,,,,,,0.0,0.0
2020-08-31,GOOGL,,,,,,,0.0,0.0
2020-09-01,GOOGL,,,,,,,0.0,0.0
2020-09-02,GOOGL,,,,,,,0.0,0.0
2020-09-03,GOOGL,,,,,,,0.0,0.0
2020-09-04,GOOGL,,,,,,,0.0,0.0
2020-09-08,GOOGL,,,,,,,0.0,0.0
2020-09-09,GOOGL,,,,,,,0.0,0.0
2020-09-10,GOOGL,,,,,,,0.0,0.0
2020-09-11,GOOGL,,,,,,,0.0,0.0
2020-09-14,GOOGL,,,,,,,0.0,0.0
2020-09-15,GOOGL,,,,,,,0.0,0.0
2020-09-16,GOOGL,,,,,,,0.0,0.0
2020-09-17,GOOGL,,,,,,,0.0,0.0
2020-09-18,GOOGL,,,,,,,0.0,0.0
2020-09-21,GOOGL,,,,,,,0.0,0.0
2020-09-22,GOOGL,,,,,,,0.0,0.0
2020-09-23,GOOGL,,,,,,,0.0,0.0
2020-09-24,GOOGL,,,,,,,0.0,0.0
2020-09-25,GOOGL,,,,,,,0.0,0.0
2020-09-28,GOOGL,,,,,,,0.0,0.0
2020-09-29,GOOGL,,,,,,,0.0,0.0
2020-09-30,GOOGL,,,,,,,0.0,0.0
2020-10-01,GOOGL,,,,,,,0.0,0.0
2020-10-02,GOOGL,,,,,,,0.0,0.0
2020-10-05,GOOGL,,,,,,,0.0,0.0
2020-10-06,GOOGL,,,,,,,0.0,0.0
2020-10-07,GOOGL,,,,,,,0.0,0.0
2020-10-08,GOOGL,,,,,,,0.0,0.0
2020-10-09,GOOGL,,,,,,,0.0,0.0
2020-10-12,GOOGL,,,,,,,0.0,0.0
2020-10-13,GOOGL,,,,,,,0.0,0.0
2020-10-14,GOOGL,,,,,,,0.0,0.0
2020-10-15,GOOGL,,,,,,,0.0,0.0
2020-10-16,GOOGL,,,,,,,0.0,0.0
2020-10-19,GOOGL,,,,,,,0.0,0.0
2020-10-20,GOOGL,,,,,,,0.0,0.0
2020-10-21,GOOGL,,,,,,,0.0,0.0
2020-10-22,GOOGL,,,,,,,0.0,0.0
2020-10-23,GOOGL,,,,,,,0.0,0.0
2020-10-26,GOOGL,,,,,,,0.0,0.0
2020-10-27,GOOGL,,,,,,,0.0,0.0
2020-10-28,GOOGL,,,,,,,0.0,0.0
2020-10-29,GOOGL,,,,,,,0.0,0.0
2020-10-30,GOOGL,,,,,,,0.0,0.0
2020-11-02,GOOGL,,,,,,,0.0,0.0
2020-11-03,GOOGL,,,,,,,0.0,0.0
2020-11-04,GOOGL,,,,,,,0.0,0.0
2020-11-05,GOOGL,,,,,,,0.0,0.0
2020-11-06,GOOGL,,,,,,,0.0,0.0
2020-11-09,GOOGL,,,,,,,0.0,0.0
2020-11-10,GOOGL,,,,,,,0.0,0.0
2020-11-11,GOOGL,,,,,,,0.0,0.0
2020-11-12,GOOGL,,,,,,,0.0,0.0
2020-11-13,GOOGL,,,,,,,0.0,0.0
2020-11-16,GOOGL,,,,,,,0.0,0.0
2020-11-17,GOOGL,,,,,,,0.0,0.0
2020-11-18,GOOGL,,,,,,,0.0,0.0
2020-11-19,GOOGL,,,,,,,0.0,0.0
2020-11-20,GOOGL,,,,,,,0.0,0.0
2020-11-23,GOOGL,,,,,,,0.0,0.0
2020-11-24,GOOGL,,,,,,,0.0,0.0
2020-11-25,GOOGL,,,,,,,0.0,0.0
2020-11-27,GOOGL,,,,,,,0.0,0.0
2020-11-30,GOOGL,,,,,,,0.0,0.0
2020-12-01,GOOGL,,,,,,,0.0,0.0
2020-12-02,GOOGL,,,,,,,0.0,0.0
2020-12-03,GOOGL,,,,,,,0.0,0.0
2020-12-04,GOOGL,,,,,,,0.0,0.0
2020-12-07,GOOGL,,,,,,,0.0,0.0
2020-12-08,GOOGL,,,,,,,0.0,0.0
2020-12-09,GOOGL,,,,,,,0.0,0.0
2020-12-10,GOOGL,,,,,,,0.0,0.0
2020-12-11,GOOGL,,,,,,,0.0,0.0
2020-12-14,GOOGL,,,,,,,0.0,0.0
2020-12-15,GOOGL,,,,,,,0.0,0.0
2020-12-16,GOOGL,,,,,,,0.0,0.0
2020-12-17,GOOGL,,,,,,,0.0,0.0
2020-12-18,GOOGL,,,,,,,0.0,0.0
2020-12-21,GOOGL,,,,,,,0.0,0.0
2020-12-22,GOOGL,,,,,,,0.0,0.0
2020-12-23,GOOGL,,,,,,,0.0,0.0
2020-12-24,GOOGL,,,,,,,0.0,0.0
2020-12-28,GOOGL,,,,,,,0.0,0.0
2020-12-29,GOOGL,,,,,,,0.0,0.0
2020-12-30,GOOGL,,,,,,,0.0,0.0
2020-12-31,GOOGL,,,,,,,0.0,0.0
2021-01-04,GOOGL,,,,,,,0.0,0.0
2021-01-05,GOOGL,,,,,,,0.0,0.0
2021-01-06,GOOGL,,,,,,,0.0,0.0
2021-01-07,GOOGL,,,,,,,0.0,0.0
2021-01-08,GOOGL,,,,,,,0.0,0.0
2021-01-11,GOOGL,,,,,,,0.0,0.0
2021-01-12,GOOGL,,,,,,,0.0,0.0
2021-01-13,GOOGL,,,,,,,0.0,0.0
2021-01-14,GOOGL,,,,,,,0.0,0.0
2021-01-15,GOOGL,,,,,,,0.0,0.0
2021-01-19,GOOGL,,,,,,,0.0,0.0
2021-01-20,GOOGL,,,,,,,0.0,0.0
2021-01-21,GOOGL,,,,,,,0.0,0.0
2021-01-22,GOOGL,,,,,,,0.0,0.0
2021-01-25,GOOGL,,,,,,,0.0,0.0
2021-01-26,GOOGL,,,,,,,0.0,0.0
2021-01-27,GOOGL,,,,,,,0.0,0.0
2021-01-28,GOOGL,,,,,,,0.0,0.0
2021-01-29,GOOGL,,,,,,,0.0,0.0
2021-02-01,GOOGL,,,,,,,0.0,0.0
2021-02-02,GOOGL,,,,,,,0.0,0.0
2021-02-03,GOOGL,,,,,,,0.0,0.0
2021-02-04,GOOGL,,,,,,,0.0,0.0
2021-02-05,GOOGL,,,,,,,0.0,0.0
2021-02-08,GOOGL,,,,,,,0.0,0.0
2021-02-09,GOOGL,,,,,,,0.0,0.0
2021-02-10,GOOGL,,,,,,,0.0,0.0
2021-02-11,GOOGL,,,,,,,0.0,0.0
2021-02-12,GOOGL,,,,,,,0.0,0.0
2021-02-16,GOOGL,,,,,,,0.0,0.0
2021-02-17,GOOGL,,,,,,,0.0,0.0
2021-02-18,GOOGL,,,,,,,0.0,0.0
2021-02-19,GOOGL,,,,,,,0.0,0.0
2021-02-22,GOOGL,,,,,,,0.0,0.0
2021-02-23,GOOGL,,,,,,,0.0,0.0
2021-02-24,GOOGL,,,,,,,0.0,0.0
2021-02-25,GOOGL,,,,,,,0.0,0.0
2021-02-26,GOOGL,,,,,,,0.0,0.0
2021-03-01,GOOGL,,,,,,,0.0,0.0
2021-03-02,GOOGL,,,,,,,0.0,0.0
2021-03-03,GOOGL,,,,,,,0.0,0.0
2021-03-04,GOOGL,,,,,,,0.0,0.0
2021-03-05,GOOGL,,,,,,,0.0,0.0
2021-03-08,GOOGL,,,,,,,0.0,0.0
2021-03-09,GOOGL,,,,,,,0.0,0.0
2021-03-10,GOOGL,,,,,,,0.0,0.0
2021-03-11,GOOGL,,,,,,,0.0,0.0
2021-03-12,GOOGL,,,,,,,0.0,0.0
2021-03-15,GOOGL,,,,,,,0.0,0.0
2021-03-16,GOOGL,,,,,,,0.0,0.0
2021-03-17,GOOGL,,,,,,,0.0,0.0
2021-03-18,GOOGL,,,,,,,0.0,0.0
2021-03-19,GOOGL,,,,,,,0.0,0.0
2021-03-22,GOOGL,,,,,,,0.0,0.0
2021-03-23,GOOGL,,,,,,,0.0,0.0
2021-03-24,GOOGL,,,,,,,0.0,0.0
2021-03-25,GOOGL,,,,,,,0.0,0.0
2021-03-26,GOOGL,,,,,,,0.0,0.0
2021-03-29,GOOGL,,,,,,,0.0,0.0
2021-03-30,GOOGL,,,,,,,0.0,0.0
2021-03-31,GOOGL,,,,,,,0.0,0.0
2021-04-01,GOOGL,,,,,,,0.0,0.0
2021-04-05,GOOGL,,,,,,,0.0,0.0
2021-04-06,GOOGL,,,,,,,0.0,0.0
2021-04-07,GOOGL,,,,,,,0.0,0.0
2021-04-08,GOOGL,,,,,,,0.0,0.0
2021-04-09,GOOGL,,,,,,,0.0,0.0
2021-04-12,GOOGL,,,,,,,0.0,0.0
2021-04-13,GOOGL,,,,,,,0.0,0.0
2021-04-14,GOOGL,,,,,,,0.0,0.0
2021-04-15,GOOGL,,,,,,,0.0,0.0
2021-04-16,GOOGL,,,,,,,0.0,0.0
2021-04-19,GOOGL,,,,,,,0.0,0.0
2021-04-20,GOOGL,,,,,,,0.0,0.0
2021-04-21,GOOGL,,,,,,,0.0,0.0
2021-04-22,GOOGL,,,,,,,0.0,0.0
2021-04-23,GOOGL,,,,,,,0.0,0.0
2021-04-26,GOOGL,,,,,,,0.0,0.0
2021-04-27,GOOGL,,,,,,,0.0,0.0
2021-04-28,GOOGL,,,,,,,0.0,0.0
2021-04-29,GOOGL,,,,,,,0.0,0.0
2021-04-30,GOOGL,,,,,,,0.0,0.0
2021-05-03,GOOGL,,,,,,,0.0,0.0
2021-05-04,GOOGL,,,,,,,0.0,0.0
2021-05-05,GOOGL,,,,,,,0.0,0.0
2021-05-06,GOOGL,,,,,,,0.0,0.0
2021-05-07,GOOGL,,,,,,,0.0,0.0
2021-05-10,GOOGL,,,,,,,0.0,0.0
2021-05-11,GOOGL,,,,,,,0.0,0.0
2021-05-12,GOOGL,,,,,,,0.0,0.0
2021-05-13,GOOGL,,,,,,,0.0,0.0
2021-05-14,GOOGL,,,,,,,0.0,0.0
2021-05-17,GOOGL,,,,,,,0.0,0.0
2021-05-18,GOOGL,,,,,,,0.0,0.0
2021-05-19,GOOGL,,,,,,,0.0,0.0
2021-05-20,GOOGL,,,,,,,0.0,0.0
2021-05-21,GOOGL,,,,,,,0.0,0.0
2021-05-24,GOOGL,,,,,,,0.0,0.0
2021-05-25,GOOGL,,,,,,,0.0,0.0
2021-05-26,GOOGL,,,,,,,0.0,0.0
2021-05-27,GOOGL,,,,,,,0.0,0.0
2021-05-28,GOOGL,,,,,,,0.0,0.0
2021-06-01,GOOGL,,,,,,,0.0,0.0
2021-06-02,GOOGL,,,,,,,0.0,0.0
2021-06-03,GOOGL,,,,,,,0.0,0.0
2021-06-04,GOOGL,,,,,,,0.0,0.0
2021-06-07,GOOGL,,,,,,,0.0,0.0
2021-06-08,GOOGL,,,,,,,0.0,0.0
2021-06-09,GOOGL,,,,,,,0.0,0.0
2021-06-10,GOOGL,,,,,,,0.0,0.0
2021-06-11,GOOGL,,,,,,,0.0,0.0
2021-06-14,GOOGL,,,,,,,0.0,0.0
2021-06-15,GOOGL,,,,,,,0.0,0.0
2021-06-16,GOOGL,,,,,,,0.0,0.0
2021-06-17,GOOGL,,,,,,,0.0,0.0
2021-06-18,GOOGL,,,,,,,0.0,0.0
2021-06-21,GOOGL,,,,,,,0.0,0.0
2021-06-22,GOOGL,,,,,,,0.0,0.0
2021-06-23,GOOGL,,,,,,,0.0,0.0
2021-06-24,GOOGL,,,,,,,0.0,0.0
2021-06-25,GOOGL,,,,,,,0.0,0.0
2021-06-28,GOOGL,,,,,,,0.0,0.0
2021-06-29,GOOGL,,,,,,,0.0,0.0
2021-06-30,GOOGL,,,,,,,0.0,0.0
2021-07-01,GOOGL,,,,,,,0.0,0.0
2021-07-02,GOOGL,,,,,,,0.0,0.0
2021-07-06,GOOGL,,,,,,,0.0,0.0
2021-07-07,GOOGL,,,,,,,0.0,0.0
2021-07-08,GOOGL,,,,,,,0.0,0.0
2021-07-09,GOOGL,,,,,,,0.0,0.0
2021-07-12,GOOGL,,,,,,,0.0,0.0
2021-07-13,GOOGL,,,,,,,0.0,0.0
2021-07-14,GOOGL,,,,,,,0.0,0.0
2021-07-15,GOOGL,,,,,,,0.0,0.0
2021-07-16,GOOGL,,,,,,,0.0,0.0
2021-07-19,GOOGL,,,,,,,0.0,0.0
2021-07-20,GOOGL,,,,,,,0.0,0.0
2021-07-21,GOOGL,,,,,,,0.0,0.0
2021-07-22,GOOGL,,,,,,,0.0,0.0
2021-07-23,GOOGL,,,,,,,0.0,0.0
2021-07-26,GOOGL,,,,,,,0.0,0.0
2021-07-27,GOOGL,,,,,,,0.0,0.0
2021-07-28,GOOGL,,,,,,,0.0,0.0
2021-07-29,GOOGL,,,,,,,0.0,0.0
2021-07-30,GOOGL,,,,,,,0.0,0.0
2021-08-02,GOOGL,,,,,,,0.0,0.0
2021-08-03,GOOGL,,,,,,,0.0,0.0
2021-08-04,GOOGL,,,,,,,0.0,0.0
2021-08-05,GOOGL,,,,,,,0.0,0.0
2021-08-06,GOOGL,,,,,,,0.0,0.0
2021-08-09,GOOGL,,,,,,,0.0,0.0
2021-08-10,GOOGL,,,,,,,0.0,0.0
2021-08-11,GOOGL,,,,,,,0.0,0.0
2021-08-12,GOOGL,,,,,,,0.0,0.0
2021-08-13,GOOGL,,,,,,,0.0,0.0
2021-08-16,GOOGL,,,,,,,0.0,0.0
2021-08-17,GOOGL,,,,,,,0.0,0.0
2021-08-18,GOOGL,,,,,,,0.0,0.0
2021-08-19,GOOGL,,,,,,,0.0,0.0
2021-08-20,GOOGL,,,,,,,0.0,0.0
2021-08-23,GOOGL,,,,,,,0.0,0.0
2021-08-24,GOOGL,,,,,,,0.0,0.0
2021-08-25,GOOGL,,,,,,,0.0,0.0
2021-08-26,GOOGL,,,,,,,0.0,0.0
2021-08-27,GOOGL,,,,,,,0.0,0.0
2021-08-30,GOOGL,,,,,,,0.0,0.0
2021-08-31,GOOGL,,,,,,,0.0,0.0
2021-09-01,GOOGL,,,,,,,0.0,0.0
2021-09-02,GOOGL,,,,,,,0.0,0.0
2021-09-03,GOOGL,,,,,,,0.0,0.0
2021-09-07,GOOGL,,,,,,,0.0,0.0
2021-09-08,GOOGL,,,,,,,0.0,0.0
2021-09-09,GOOGL,,,,,,,0.0,0.0
2021-09-10,GOOGL,,,,,,,0.0,0.0
2021-09-13,GOOGL,,,,,,,0.0,0.0
2021-09-14,GOOGL,,,,,,,0.0,0.0
2021-09-15,GOOGL,,,,,,,0.0,0.0
2021-09-16,GOOGL,,,,,,,0.0,0.0
2021-09-17,GOOGL,,,,,,,0.0,0.0
2021-09-20,GOOGL,,,,,,,0.0,0.0
2021-09-21,GOOGL,,,,,,,0.0,0.0
2021-09-22,GOOGL,,,,,,,0.0,0.0
2021-09-23,GOOGL,,,,,,,0.0,0.0
2021-09-24,GOOGL,,,,,,,0.0,0.0
2021-09-27,GOOGL,,,,,,,0.0,0.0
2021-09-28,GOOGL,,,,,,,0.0,0.0
2021-09-29,GOOGL,,,,,,,0.0,0.0
2021-09-30,GOOGL,,,,,,,0.0,0.0
2021-10-01,GOOGL,,,,,,,0.0,0.0
2021-10-04,GOOGL,,,,,,,0.0,0.0
2021-10-05,GOOGL,,,,,,,0.0,0.0
2021-10-06,GOOGL,,,,,,,0.0,0.0
2021-10-07,GOOGL,,,,,,,0.0,0.0
2021-10-08,GOOGL,,,,,,,0.0,0.0
2021-10-11,GOOGL,,,,,,,0.0,0.0
2021-10-12,GOOGL,,,,,,,0.0,0.0
2021-10-13,GOOGL,,,,,,,0.0,0.0
2021-10-14,GOOGL,,,,,,,0.0,0.0
2021-10-15,GOOGL,,,,,,,0.0,0.0
2021-10-18,GOOGL,,,,,,,0.0,0.0
2021-10-19,GOOGL,,,,,,,0.0,0.0
2021-10-20,GOOGL,,,,,,,0.0,0.0
2021-10-21,GOOGL,,,,,,,0.0,0.0
2021-10-22,GOOGL,,,,,,,0.0,0.0
2021-10-25,GOOGL,,,,,,,0.0,0.0
2021-10-26,GOOGL,,,,,,,0.0,0.0
2021-10-27,GOOGL,,,,,,,0.0,0.0
2021-10-28,GOOGL,,,,,,,0.0,0.0
2021-10-29,GOOGL,,,,,,,0.0,0.0
2021-11-01,GOOGL,,,,,,,0.0,0.0
2021-11-02,GOOGL,,,,,,,0.0,0.0
2021-11-03,GOOGL,,,,,,,0.0,0.0
2021-11-04,GOOGL,,,,,,,0.0,0.0
2021-11-05,GOOGL,,,,,,,0.0,0.0
2021-11-08,GOOGL,,,,,,,0.0,0.0
2021-11-09,GOOGL,,,,,,,0.0,0.0
2021-11-10,GOOGL,,,,,,,0.0,0.0
2021-11-11,GOOGL,,,,,,,0.0,0.0
2021-11-12,GOOGL,,,,,,,0.0,0.0
2021-11-15,GOOGL,,,,,,,0.0,0.0
2021-11-16,GOOGL,,,,,,,0.0,0.0
2021-11-17,GOOGL,,,,,,,0.0,0.0
2021-11-18,GOOGL,,,,,,,0.0,0.0
2021-11-19,GOOGL,,,,,,,0.0,0.0
2021-11-22,GOOGL,,,,,,,0.0,0.0
2021-11-23,GOOGL,,,,,,,0.0,0.0
2021-11-24,GOOGL,,,,,,,0.0,0.0
2021-11-26,GOOGL,,,,,,,0.0,0.0
2021-11-29,GOOGL,,,,,,,0.0,0.0
2021-11-30,GOOGL,,,,,,,0.0,0.0
2021-12-01,GOOGL,,,,,,,0.0,0.0
2021-12-02,GOOGL,,,,,,,0.0,0.0
2021-12-03,GOOGL,,,,,,,0.0,0.0
2021-12-06,GOOGL,,,,,,,0.0,0.0
2021-12-07,GOOGL,,,,,,,0.0,0.0
2021-12-08,GOOGL,,,,,,,0.0,0.0
2021-12-09,GOOGL,,,,,,,0.0,0.0
2021-12-10,GOOGL,,,,,,,0.0,0.0
2021-12-13,GOOGL,,,,,,,0.0,0.0
2021-12-14,GOOGL,,,,,,,0.0,0.0
2021-12-15,GOOGL,,,,,,,0.0,0.0
2021-12-16,GOOGL,,,,,,,0.0,0.0
2021-12-17,GOOGL,,,,,,,0.0,0.0
2021-12-20,GOOGL,,,,,,,0.0,0.0
2021-12-21,GOOGL,,,,,,,0.0,0.0
2021-12-22,GOOGL,,,,,,,0.0,0.0
2021-12-23,GOOGL,,,,,,,0.0,0.0
2021-12-27,GOOGL,,,,,,,0.0,0.0
2021-12-28,GOOGL,,,,,,,0.0,0.0
2021-12-29,GOOGL,,,,,,,0.0,0.0
2021-12-30,GOOGL,,,,,,,0.0,0.0
2021-12-31,GOOGL,,,,,,,0.0,0.0
2022-01-03,GOOGL,,,,,,,0.0,0.0
2022-01-04,GOOGL,,,,,,,0.0,0.0
2022-01-05,GOOGL,,,,,,,0.0,0.0
2022-01-06,GOOGL,,,,,,,0.0,0.0
2022-01-07,GOOGL,,,,,,,0.0,0.0
2022-01-10,GOOGL,,,,,,,0.0,0.0
2022-01-11,GOOGL,,,,,,,0.0,0.0
2022-01-12,GOOGL,,,,,,,0.0,0.0
2022-01-13,GOOGL,,,,,,,0.0,0.0
2022-01-14,GOOGL,,,,,,,0.0,0.0
2022-01-18,GOOGL,,,,,,,0.0,0.0
2022-01-19,GOOGL,,,,,,,0.0,0.0
2022-01-20,GOOGL,,,,,,,0.0,0.0
2022-01-21,GOOGL,,,,,,,0.0,0.0
2022-01-24,GOOGL,,,,,,,0.0,0.0
2022-01-25,GOOGL,,,,,,,0.0,0.0
2022-01-26,GOOGL,,,,,,,0.0,0.0
2022-01-27,GOOGL,,,,,,,0.0,0.0
2022-01-28,GOOGL,,,,,,,0.0,0.0
2022-01-31,GOOGL,,,,,,,0.0,0.0
2022-02-01,GOOGL,,,,,,,0.0,0.0
2022-02-02,GOOGL,,,,,,,0.0,0.0
2022-02-03,GOOGL,,,,,,,0.0,0.0
2022-02-04,GOOGL,,,,,,,0.0,0.0
2022-02-07,GOOGL,,,,,,,0.0,0.0
2022-02-08,GOOGL,,,,,,,0.0,0.0
2022-02-09,GOOGL,,,,,,,0.0,0.0
2022-02-10,GOOGL,,,,,,,0.0,0.0
2022-02-11,GOOGL,,,,,,,0.0,0.0
2022-02-14,GOOGL,,,,,,,0.0,0.0
2022-02-15,GOOGL,,,,,,,0.0,0.0
2022-02-16,GOOGL,,,,,,,0.0,0.0
2022-02-17,GOOGL,,,,,,,0.0,0.0
2022-02-18,GOOGL,,,,,,,0.0,0.0
2022-02-22,GOOGL,,,,,,,0.0,0.0
2022-02-23,GOOGL,,,,,,,0.0,0.0
2022-02-24,GOOGL,,,,,,,0.0,0.0
2022-02-25,GOOGL,,,,,,,0.0,0.0
2022-02-28,GOOGL,,,,,,,0.0,0.0
2022-03-01,GOOGL,,,,,,,0.0,0.0
2022-03-02,GOOGL,,,,,,,0.0,0.0
2022-03-03,GOOGL,,,,,,,0.0,0.0
2022-03-04,GOOGL,,,,,,,0.0,0.0
2022-03-07,GOOGL,,,,,,,0.0,0.0
2022-03-08,GOOGL,,,,,,,0.0,0.0
2022-03-09,GOOGL,,,,,,,0.0,0.0
2022-03-10,GOOGL,,,,,,,0.0,0.0
2022-03-11,GOOGL,,,,,,,0.0,0.0
2022-03-14,GOOGL,,,,,,,0.0,0.0
2022-03-15,GOOGL,,,,,,,0.0,0.0
2022-03-16,GOOGL,,,,,,,0.0,0.0
2022-03-17,GOOGL,,,,,,,0.0,0.0
2022-03-18,GOOGL,,,,,,,0.0,0.0
2022-03-21,GOOGL,,,,,,,0.0,0.0
2022-03-22,GOOGL,,,,,,,0.0,0.0
2022-03-23,GOOGL,,,,,,,0.0,0.0
2022-03-24,GOOGL,,,,,,,0.0,0.0
2022-03-25,GOOGL,,,,,,,0.0,0.0
2022-03-28,GOOGL,,,,,,,0.0,0.0
2022-03-29,GOOGL,,,,,,,0.0,0.0
2022-03-30,GOOGL,,,,,,,0.0,0.0
2022-03-31,GOOGL,,,,,,,0.0,0.0
2022-04-01,GOOGL,,,,,,,0.0,0.0
2022-04-04,GOOGL,,,,,,,0.0,0.0
2022-04-05,GOOGL,,,,,,,0.0,0.0
2022-04-06,GOOGL,,,,,,,0.0,0.0
2022-04-07,GOOGL,,,,,,,0.0,0.0
2022-04-08,GOOGL,,,,,,,0.0,0.0
2022-04-11,GOOGL,,,,,,,0.0,0.0
2022-04-12,GOOGL,,,,,,,0.0,0.0
2022-04-13,GOOGL,,,,,,,0.0,0.0
2022-04-14,GOOGL,,,,,,,0.0,0.0
2022-04-18,GOOGL,,,,,,,0.0,0.0
2022-04-19,GOOGL,,,,,,,0.0,0.0
2022-04-20,GOOGL,,,,,,,0.0,0.0
2022-04-21,GOOGL,,,,,,,0.0,0.0
2022-04-22,GOOGL,,,,,,,0.0,0.0
2022-04-25,GOOGL,,,,,,,0.0,0.0
2022-04-26,GOOGL,,,,,,,0.0,0.0
2022-04-27,GOOGL,,,,,,,0.0,0.0
2022-04-28,GOOGL,,,,,,,0.0,0.0
2022-04-29,GOOGL,,,,,,,0.0,0.0
2022-05-02,GOOGL,,,,,,,0.0,0.0
2022-05-03,GOOGL,,,,,,,0.0,0.0
2022-05-04,GOOGL,,,,,,,0.0,0.0
2022-05-05,GOOGL,,,,,,,0.0,0.0
2022-05-06,GOOGL,,,,,,,0.0,0.0
2022-05-09,GOOGL,,,,,,,0.0,0.0
2022-05-10,GOOGL,,,,,,,0.0,0.0
2022-05-11,GOOGL,,,,,,,0.0,0.0
2022-05-12,GOOGL,,,,,,,0.0,0.0
2022-05-13,GOOGL,,,,,,,0.0,0.0
2022-05-16,GOOGL,,,,,,,0.0,0.0
2022-05-17,GOOGL,,,,,,,0.0,0.0
2022-05-18,GOOGL,,,,,,,0.0,0.0
2022-05-19,GOOGL,,,,,,,0.0,0.0
2022-05-20,GOOGL,,,,,,,0.0,0.0
2022-05-23,GOOGL,,,,,,,0.0,0.0
2022-05-24,GOOGL,,,,,,,0.0,0.0
2022-05-25,GOOGL,,,,,,,0.0,0.0
2022-05-26,GOOGL,,,,,,,0.0,0.0
2022-05-27,GOOGL,,,,,,,0.0,0.0
2022-05-31,GOOGL,,,,,,,0.0,0.0
2022-06-01,GOOGL,,,,,,,0.0,0.0
2022-06-02,GOOGL,,,,,,,0.0,0.0
2022-06-03,GOOGL,,,,,,,0.0,0.0
2022-06-06,GOOGL,,,,,,,0.0,0.0
2022-06-07,GOOGL,,,,,,,0.0,0.0
2022-06-08,GOOGL,,,,,,,0.0,0.0
2022-06-09,GOOGL,,,,,,,0.0,0.0
2022-06-10,GOOGL,,,,,,,0.0,0.0
2022-06-13,GOOGL,,,,,,,0.0,0.0
2022-06-14,GOOGL,,,,,,,0.0,0.0
2022-06-15,GOOGL,,,,,,,0.0,0.0
2022-06-16,GOOGL,,,,,,,0.0,0.0
2022-06-17,GOOGL,,,,,,,0.0,0.0
2022-06-21,GOOGL,,,,,,,0.0,0.0
2022-06-22,GOOGL,,,,,,,0.0,0.0
2022-06-23,GOOGL,,,,,,,0.0,0.0
2022-06-24,GOOGL,,,,,,,0.0,0.0
2022-06-27,GOOGL,,,,,,,0.0,0.0
2022-06-28,GOOGL,,,,,,,0.0,0.0
2022-06-29,GOOGL,,,,,,,0.0,0.0
2022-06-30,GOOGL,,,,,,,0.0,0.0
2022-07-01,GOOGL,,,,,,,0.0,0.0
2022-07-05,GOOGL,,,,,,,0.0,0.0
2022-07-06,GOOGL,,,,,,,0.0,0.0
2022-07-07,GOOGL,,,,,,,0.0,0.0
2022-07-08,GOOGL,,,,,,,0.0,0.0
2022-07-11,GOOGL,,,,,,,0.0,0.0
2022-07-12,GOOGL,,,,,,,0.0,0.0
2022-07-13,GOOGL,,,,,,,0.0,0.0
2022-07-14,GOOGL,,,,,,,0.0,0.0
2022-07-15,GOOGL,,,,,,,0.0,0.0
2022-07-18,GOOGL,,,,,,,0.0,0.0
2022-07-19,GOOGL,,,,,,,0.0,0.0
2022-07-20,GOOGL,,,,,,,0.0,0.0
2022-07-21,GOOGL,,,,,,,0.0,0.0
2022-07-22,GOOGL,,,,,,,0.0,0.0
2022-07-25,GOOGL,,,,,,,0.0,0.0
2022-07-26,GOOGL,,,,,,,0.0,0.0
2022-07-27,GOOGL,,,,,,,0.0,0.0
2022-07-28,GOOGL,,,,,,,0.0,0.0
2022-07-29,GOOGL,,,,,,,0.0,0.0
2022-08-01,GOOGL,,,,,,,0.0,0.0
2022-08-02,GOOGL,,,,,,,0.0,0.0
2022-08-03,GOOGL,,,,,,,0.0,0.0
2022-08-04,GOOGL,,,,,,,0.0,0.0
2022-08-05,GOOGL,,,,,,,0.0,0.0
2022-08-08,GOOGL,,,,,,,0.0,0.0
2022-08-09,GOOGL,,,,,,,0.0,0.0
2022-08-10,GOOGL,,,,,,,0.0,0.0
2022-08-11,GOOGL,,,,,,,0.0,0.0
2022-08-12,GOOGL,,,,,,,0.0,0.0
2022-08-15,GOOGL,,,,,,,0.0,0.0
2022-08-16,GOOGL,,,,,,,0.0,0.0
2022-08-17,GOOGL,,,,,,,0.0,0.0
2022-08-18,GOOGL,,,,,,,0.0,0.0
2022-08-19,GOOGL,,,,,,,0.0,0.0
2022-08-22,GOOGL,,,,,,,0.0,0.0
2022-08-23,GOOGL,,,,,,,0.0,0.0
2022-08-24,GOOGL,,,,,,,0.0,0.0
2022-08-25,GOOGL,,,,,,,0.0,0.0
2022-08-26,GOOGL,,,,,,,0.0,0.0
2022-08-29,GOOGL,,,,,,,0.0,0.0
2022-08-30,GOOGL,,,,,,,0.0,0.0
2022-08-31,GOOGL,,,,,,,0.0,0.0
2022-09-01,GOOGL,,,,,,,0.0,0.0
2022-09-02,GOOGL,,,,,,,0.0,0.0
2022-09-06,GOOGL,,,,,,,0.0,0.0
2022-09-07,GOOGL,,,,,,,0.0,0.0
2022-09-08,GOOGL,,,,,,,0.0,0.0
2022-09-09,GOOGL,,,,,,,0.0,0.0
2022-09-12,GOOGL,,,,,,,0.0,0.0
2022-09-13,GOOGL,,,,,,,0.0,0.0
2022-09-14,GOOGL,,,,,,,0.0,0.0
2022-09-15,GOOGL,,,,,,,0.0,0.0
2022-09-16,GOOGL,,,,,,,0.0,0.0
2022-09-19,GOOGL,,,,,,,0.0,0.0
2022-09-20,GOOGL,,,,,,,0.0,0.0
2022-09-21,GOOGL,,,,,,,0.0,0.0
2022-09-22,GOOGL,,,,,,,0.0,0.0
2022-09-23,GOOGL,,,,,,,0.0,0.0
2022-09-26,GOOGL,,,,,,,0.0,0.0
2022-09-27,GOOGL,,,,,,,0.0,0.0
2022-09-28,GOOGL,,,,,,,0.0,0.0
2022-09-29,GOOGL,,,,,,,0.0,0.0
2022-09-30,GOOGL,,,,,,,0.0,0.0
2022-10-03,GOOGL,,,,,,,0.0,0.0
2022-10-04,GOOGL,,,,,,,0.0,0.0
2022-10-05,GOOGL,,,,,,,0.0,0.0
2022-10-06,GOOGL,,,,,,,0.0,0.0
2022-10-07,GOOGL,,,,,,,0.0,0.0
2022-10-10,GOOGL,,,,,,,0.0,0.0
2022-10-11,GOOGL,,,,,,,0.0,0.0
2022-10-12,GOOGL,,,,,,,0.0,0.0
2022-10-13,GOOGL,,,,,,,0.0,0.0
2022-10-14,GOOGL,,,,,,,0.0,0.0
2022-10-17,GOOGL,,,,,,,0.0,0.0
2022-10-18,GOOGL,,,,,,,0.0,0.0
2022-10-19,GOOGL,,,,,,,0.0,0.0
2022-10-20,GOOGL,,,,,,,0.0,0.0
2022-10-21,GOOGL,,,,,,,0.0,0.0
2022-10-24,GOOGL,,,,,,,0.0,0.0
2022-10-25,GOOGL,,,,,,,0.0,0.0
2022-10-26,GOOGL,,,,,,,0.0,0.0
2022-10-27,GOOGL,,,,,,,0.0,0.0
2022-10-28,GOOGL,,,,,,,0.0,0.0
2022-10-31,GOOGL,,,,,,,0.0,0.0
2022-11-01,GOOGL,,,,,,,0.0,0.0
2022-11-02,GOOGL,,,,,,,0.0,0.0
2022-11-03,GOOGL,,,,,,,0.0,0.0
2022-11-04,GOOGL,,,,,,,0.0,0.0
2022-11-07,GOOGL,,,,,,,0.0,0.0
2022-11-08,GOOGL,,,,,,,0.0,0.0
2022-11-09,GOOGL,,,,,,,0.0,0.0
2022-11-10,GOOGL,,,,,,,0.0,0.0
2022-11-11,GOOGL,,,,,,,0.0,0.0
2022-11-14,GOOGL,,,,,,,0.0,0.0
2022-11-15,GOOGL,,,,,,,0.0,0.0
2022-11-16,GOOGL,,,,,,,0.0,0.0
2022-11-17,GOOGL,,,,,,,0.0,0.0
2022-11-18,GOOGL,,,,,,,0.0,0.0
2022-11-21,GOOGL,,,,,,,0.0,0.0
2022-11-22,GOOGL,,,,,,,0.0,0.0
2022-11-23,GOOGL,,,,,,,0.0,0.0
2022-11-25,GOOGL,,,,,,,0.0,0.0
2022-11-28,GOOGL,,,,,,,0.0,0.0
2022-11-29,GOOGL,,,,,,,0.0,0.0
2022-11-30,GOOGL,,,,,,,0.0,0.0
2022-12-01,GOOGL,,,,,,,0.0,0.0
2022-12-02,GOOGL,,,,,,,0.0,0.0
2022-12-05,GOOGL,,,,,,,0.0,0.0
2022-12-06,GOOGL,,,,,,,0.0,0.0
2022-12-07,GOOGL,,,,,,,0.0,0.0
2022-12-08,GOOGL,,,,,,,0.0,0.0
2022-12-09,GOOGL,,,,,,,0.0,0.0
2022-12-12,GOOGL,,,,,,,0.0,0.0
2022-12-13,GOOGL,,,,,,,0.0,0.0
2022-12-14,GOOGL,,,,,,,0.0,0.0
2022-12-15,GOOGL,,,,,,,0.0,0.0
2022-12-16,GOOGL,,,,,,,0.0,0.0
2022-12-19,GOOGL,,,,,,,0.0,0.0
2022-12-20,GOOGL,,,,,,,0.0,0.0
2022-12-21,GOOGL,,,,,,,0.0,0.0
2022-12-22,GOOGL,,,,,,,0.0,0.0
2022-12-23,GOOGL,,,,,,,0.0,0.0
2022-12-27,GOOGL,,,,,,,0.0,0.0
2022-12-28,GOOGL,,,,,,,0.0,0.0
2022-12-29,GOOGL,,,,,,,0.0,0.0
2022-12-30,GOOGL,,,,,,,0.0,0.0
2023-01-03,GOOGL,,,,,,,0.0,0.0
2023-01-04,GOOGL,,,,,,,0.0,0.0
2023-01-05,GOOGL,,,,,,,0.0,0.0
2023-01-06,GOOGL,,,,,,,0.0,0.0
2023-01-09,GOOGL,,,,,,,0.0,0.0
2023-01-10,GOOGL,,,,,,,0.0,0.0
2023-01-11,GOOGL,,,,,,,0.0,0.0
2023-01-12,GOOGL,,,,,,,0.0,0.0
2023-01-13,GOOGL,,,,,,,0.0,0.0
2023-01-17,GOOGL,,,,,,,0.0,0.0
2023-01-18,GOOGL,,,,,,,0.0,0.0
2023-01-19,GOOGL,,,,,,,0.0,0.0
2023-01-20,GOOGL,,,,,,,0.0,0.0
2023-01-23,GOOGL,,,,,,,0.0,0.0
2023-01-24,GOOGL,,,,,,,0.0,0.0
2023-01-25,GOOGL,,,,,,,0.0,0.0
2023-01-26,GOOGL,,,,,,,0.0,0.0
2023-01-27,GOOGL,,,,,,,0.0,0.0
2023-01-30,GOOGL,,,,,,,0.0,0.0
2023-01-31,GOOGL,,,,,,,0.0,0.0
2023-02-01,GOOGL,,,,,,,0.0,0.0
2023-02-02,GOOGL,,,,,,,0.0,0.0
2023-02-03,GOOGL,,,,,,,0.0,0.0
2023-02-06,GOOGL,,,,,,,0.0,0.0
2023-02-07,GOOGL,,,,,,,0.0,0.0
2023-02-08,GOOGL,,,,,,,0.0,0.0
2023-02-09,GOOGL,,,,,,,0.0,0.0
2023-02-10,GOOGL,,,,,,,0.0,0.0
2023-02-13,GOOGL,,,,,,,0.0,0.0
2023-02-14,GOOGL,,,,,,,0.0,0.0
2023-02-15,GOOGL,,,,,,,0.0,0.0
2023-02-16,GOOGL,,,,,,,0.0,0.0
2023-02-17,GOOGL,,,,,,,0.0,0.0
2023-02-21,GOOGL,,,,,,,0.0,0.0
2023-02-22,GOOGL,,,,,,,0.0,0.0
2023-02-23,GOOGL,,,,,,,0.0,0.0
2023-02-24,GOOGL,,,,,,,0.0,0.0
2023-02-27,GOOGL,,,,,,,0.0,0.0
2023-02-28,GOOGL,,,,,,,0.0,0.0
2023-03-01,GOOGL,,,,,,,0.0,0.0
2023-03-02,GOOGL,,,,,,,0.0,0.0
2023-03-03,GOOGL,,,,,,,0.0,0.0
2023-03-06,GOOGL,,,,,,,0.0,0.0
2023-03-07,GOOGL,,,,,,,0.0,0.0
2023-03-08,GOOGL,,,,,,,0.0,0.0
2023-03-09,GOOGL,,,,,,,0.0,0.0
2023-03-10,GOOGL,,,,,,,0.0,0.0
2023-03-13,GOOGL,,,,,,,0.0,0.0
2023-03-14,GOOGL,,,,,,,0.0,0.0
2023-03-15,GOOGL,,,,,,,0.0,0.0
2023-03-16,GOOGL,,,,,,,0.0,0.0
2023-03-17,GOOGL,,,,,,,0.0,0.0
2023-03-20,GOOGL,,,,,,,0.0,0.0
2023-03-21,GOOGL,,,,,,,0.0,0.0
2023-03-22,GOOGL,,,,,,,0.0,0.0
2023-03-23,GOOGL,,,,,,,0.0,0.0
2023-03-24,GOOGL,,,,,,,0.0,0.0
2023-03-27,GOOGL,,,,,,,0.0,0.0
2023-03-28,GOOGL,,,,,,,0.0,0.0
2023-03-29,GOOGL,,,,,,,0.0,0.0
2023-03-30,GOOGL,,,,,,,0.0,0.0
2023-03-31,GOOGL,,,,,,,0.0,0.0
2023-04-03,GOOGL,,,,,,,0.0,0.0
2023-04-04,GOOGL,,,,,,,0.0,0.0
2023-04-05,GOOGL,,,,,,,0.0,0.0
2023-04-06,GOOGL,,,,,,,0.0,0.0
2023-04-10,GOOGL,,,,,,,0.0,0.0
2023-04-11,GOOGL,,,,,,,0.0,0.0
2023-04-12,GOOGL,,,,,,,0.0,0.0
2023-04-13,GOOGL,,,,,,,0.0,0.0
2023-04-14,GOOGL,,,,,,,0.0,0.0
2023-04-17,GOOGL,,,,,,,0.0,0.0
2023-04-18,GOOGL,,,,,,,0.0,0.0
2023-04-19,GOOGL,,,,,,,0.0,0.0
2023-04-20,GOOGL,,,,,,,0.0,0.0
2023-04-21,GOOGL,,,,,,,0.0,0.0
2023-04-24,GOOGL,,,,,,,0.0,0.0
2023-04-25,GOOGL,,,,,,,0.0,0.0
2023-04-26,GOOGL,,,,,,,0.0,0.0
2023-04-27,GOOGL,,,,,,,0.0,0.0
2023-04-28,GOOGL,,,,,,,0.0,0.0
2023-05-01,GOOGL,,,,,,,0.0,0.0
2023-05-02,GOOGL,,,,,,,0.0,0.0
2023-05-03,GOOGL,,,,,,,0.0,0.0
2023-05-04,GOOGL,,,,,,,0.0,0.0
2023-05-05,GOOGL,,,,,,,0.0,0.0
2023-05-08,GOOGL,,,,,,,0.0,0.0
2023-05-09,GOOGL,,,,,,,0.0,0.0
2023-05-10,GOOGL,,,,,,,0.0,0.0
2023-05-11,GOOGL,,,,,,,0.0,0.0
2023-05-12,GOOGL,,,,,,,0.0,0.0
2023-05-15,GOOGL,,,,,,,0.0,0.0
2023-05-16,GOOGL,,,,,,,0.0,0.0
2023-05-17,GOOGL,,,,,,,0.0,0.0
2023-05-18,GOOGL,,,,,,,0.0,0.0
2023-05-19,GOOGL,,,,,,,0.0,0.0
2023-05-22,GOOGL,,,,,,,0.0,0.0
2023-05-23,GOOGL,,,,,,,0.0,0.0
2023-05-24,GOOGL,,,,,,,0.0,0.0
2023-05-25,GOOGL,,,,,,,0.0,0.0
2023-05-26,GOOGL,,,,,,,0.0,0.0
2023-05-30,GOOGL,,,,,,,0.0,0.0
2023-05-31,GOOGL,,,,,,,0.0,0.0
2023-06-01,GOOGL,,,,,,,0.0,0.0
2023-06-02,GOOGL,,,,,,,0.0,0.0
2023-06-05,GOOGL,,,,,,,0.0,0.0
2023-06-06,GOOGL,,,,,,,0.0,0.0
2023-06-07,GOOGL,,,,,,,0.0,0.0
2023-06-08,GOOGL,,,,,,,0.0,0.0
2023-06-09,GOOGL,,,,,,,0.0,0.0
2023-06-12,GOOGL,,,,,,,0.0,0.0
2023-06-13,GOOGL,,,,,,,0.0,0.0
2023-06-14,GOOGL,,,,,,,0.0,0.0
2023-06-15,GOOGL,,,,,,,0.0,0.0
2023-06-16,GOOGL,,,,,,,0.0,0.0
2023-06-20,GOOGL,,,,,,,0.0,0.0
2023-06-21,GOOGL,,,,,,,0.0,0.0
2023-06-22,GOOGL,,,,,,,0.0,0.0
2023-06-23,GOOGL,,,,,,,0.0,0.0
2023-06-26,GOOGL,,,,,,,0.0,0.0
2023-06-27,GOOGL,,,,,,,0.0,0.0
2023-06-28,GOOGL,,,,,,,0.0,0.0
2023-06-29,GOOGL,,,,,,,0.0,0.0
2023-06-30,GOOGL,,,,,,,0.0,0.0
2023-07-03,GOOGL,,,,,,,0.0,0.0
2023-07-05,GOOGL,,,,,,,0.0,0.0
2023-07-06,GOOGL,,,,,,,0.0,0.0
2023-07-07,GOOGL,,,,,,,0.0,0.0
2023-07-10,GOOGL,,,,,,,0.0,0.0
2023-07-11,GOOGL,,,,,,,0.0,0.0
2023-07-12,GOOGL,,,,,,,0.0,0.0
2023-07-13,GOOGL,,,,,,,0.0,0.0
2023-07-14,GOOGL,,,,,,,0.0,0.0
2023-07-17,GOOGL,,,,,,,0.0,0.0
2023-07-18,GOOGL,,,,,,,0.0,0.0
2023-07-19,GOOGL,,,,,,,0.0,0.0
2023-07-20,GOOGL,,,,,,,0.0,0.0
2023-07-21,GOOGL,,,,,,,0.0,0.0
2023-07-24,GOOGL,,,,,,,0.0,0.0
2023-07-25,GOOGL,,,,,,,0.0,0.0
2023-07-26,GOOGL,,,,,,,0.0,0.0
2023-07-27,GOOGL,,,,,,,0.0,0.0
2023-07-28,GOOGL,,,,,,,0.0,0.0
2023-07-31,GOOGL,,,,,,,0.0,0.0
2023-08-01,GOOGL,,,,,,,0.0,0.0
2023-08-02,GOOGL,,,,,,,0.0,0.0
2023-08-03,GOOGL,,,,,,,0.0,0.0
2023-08-04,GOOGL,,,,,,,0.0,0.0
2023-08-07,GOOGL,,,,,,,0.0,0.0
2023-08-08,GOOGL,,,,,,,0.0,0.0
2023-08-09,GOOGL,,,,,,,0.0,0.0
2023-08-10,GOOGL,,,,,,,0.0,0.0
2023-08-11,GOOGL,,,,,,,0.0,0.0
2023-08-14,GOOGL,,,,,,,0.0,0.0
2023-08-15,GOOGL,,,,,,,0.0,0.0
2023-08-16,GOOGL,,,,,,,0.0,0.0
2023-08-17,GOOGL,,,,,,,0.0,0.0
2023-08-18,GOOGL,,,,,,,0.0,0.0
2023-08-21,GOOGL,,,,,,,0.0,0.0
2023-08-22,GOOGL,,,,,,,0.0,0.0
2023-08-23,GOOGL,,,,,,,0.0,0.0
2023-08-24,GOOGL,,,,,,,0.0,0.0
2023-08-25,GOOGL,,,,,,,0.0,0.0
2023-08-28,GOOGL,,,,,,,0.0,0.0
2023-08-29,GOOGL,,,,,,,0.0,0.0
2023-08-30,GOOGL,,,,,,,0.0,0.0
2023-08-31,GOOGL,,,,,,,0.0,0.0
2023-09-01,GOOGL,,,,,,,0.0,0.0
2023-09-05,GOOGL,,,,,,,0.0,0.0
2023-09-06,GOOGL,,,,,,,0.0,0.0
2023-09-07,GOOGL,,,,,,,0.0,0.0
2023-09-08,GOOGL,,,,,,,0.0,0.0
2023-09-11,GOOGL,,,,,,,0.0,0.0
2023-09-12,GOOGL,,,,,,,0.0,0.0
2023-09-13,GOOGL,,,,,,,0.0,0.0
2023-09-14,GOOGL,,,,,,,0.0,0.0
2023-09-15,GOOGL,,,,,,,0.0,0.0
2023-09-18,GOOGL,,,,,,,0.0,0.0
2023-09-19,GOOGL,,,,,,,0.0,0.0
2023-09-20,GOOGL,,,,,,,0.0,0.0
2023-09-21,GOOGL,,,,,,,0.0,0.0
2023-09-22,GOOGL,,,,,,,0.0,0.0
2023-09-25,GOOGL,,,,,,,0.0,0.0
2023-09-26,GOOGL,,,,,,,0.0,0.0
2023-09-27,GOOGL,,,,,,,0.0,0.0
2023-09-28,GOOGL,,,,,,,0.0,0.0
2023-09-29,GOOGL,,,,,,,0.0,0.0
2023-10-02,GOOGL,,,,,,,0.0,0.0
2023-10-03,GOOGL,,,,,,,0.0,0.0
2023-10-04,GOOGL,,,,,,,0.0,0.0
2023-10-05,GOOGL,,,,,,,0.0,0.0
2023-10-06,GOOGL,,,,,,,0.0,0.0
2023-10-09,GOOGL,,,,,,,0.0,0.0
2023-10-10,GOOGL,,,,,,,0.0,0.0
2023-10-11,GOOGL,,,,,,,0.0,0.0
2023-10-12,GOOGL,,,,,,,0.0,0.0
2023-10-13,GOOGL,,,,,,,0.0,0.0
2023-10-16,GOOGL,,,,,,,0.0,0.0
2023-10-17,GOOGL,,,,,,,0.0,0.0
2023-10-18,GOOGL,,,,,,,0.0,0.0
2023-10-19,GOOGL,,,,,,,0.0,0.0
2023-10-20,GOOGL,,,,,,,0.0,0.0
2023-10-23,GOOGL,,,,,,,0.0,0.0
2023-10-24,GOOGL,,,,,,,0.0,0.0
2023-10-25,GOOGL,,,,,,,0.0,0.0
2023-10-26,GOOGL,,,,,,,0.0,0.0
2023-10-27,GOOGL,,,,,,,0.0,0.0
2023-10-30,GOOGL,,,,,,,0.0,0.0
2023-10-31,GOOGL,,,,,,,0.0,0.0
2023-11-01,GOOGL,,,,,,,0.0,0.0
2023-11-02,GOOGL,,,,,,,0.0,0.0
2023-11-03,GOOGL,,,,,,,0.0,0.0
2023-11-06,GOOGL,,,,,,,0.0,0.0
2023-11-07,GOOGL,,,,,,,0.0,0.0
2023-11-08,GOOGL,,,,,,,0.0,0.0
2023-11-09,GOOGL,,,,,,,0.0,0.0
2023-11-10,GOOGL,,,,,,,0.0,0.0
2023-11-13,GOOGL,,,,,,,0.0,0.0
2023-11-14,GOOGL,,,,,,,0.0,0.0
2023-11-15,GOOGL,,,,,,,0.0,0.0
2023-11-16,GOOGL,,,,,,,0.0,0.0
2023-11-17,GOOGL,,,,,,,0.0,0.0
2023-11-20,GOOGL,,,,,,,0.0,0.0
2023-11-21,GOOGL,,,,,,,0.0,0.0
2023-11-22,GOOGL,,,,,,,0.0,0.0
2023-11-24,GOOGL,,,,,,,0.0,0.0
2023-11-27,GOOGL,,,,,,,0.0,0.0
2023-11-28,GOOGL,,,,,,,0.0,0.0
2023-11-29,GOOGL,,,,,,,0.0,0.0
2023-11-30,GOOGL,,,,,,,0.0,0.0
2023-12-01,GOOGL,,,,,,,0.0,0.0
2023-12-04,GOOGL,,,,,,,0.0,0.0
2023-12-05,GOOGL,,,,,,,0.0,0.0
2023-12-06,GOOGL,,,,,,,0.0,0.0
2023-12-07,GOOGL,,,,,,,0.0,0.0
2023-12-08,GOOGL,,,,,,,0.0,0.0
2023-12-11,GOOGL,,,,,,,0.0,0.0
2023-12-12,GOOGL,,,,,,,0.0,0.0
2023-12-13,GOOGL,,,,,,,0.0,0.0
2023-12-14,GOOGL,,,,,,,0.0,0.0
2023-12-15,GOOGL,,,,,,,0.0,0.0
2023-12-18,GOOGL,,,,,,,0.0,0.0
2023-12-19,GOOGL,,,,,,,0.0,0.0
2023-12-20,GOOGL,,,,,,,0.0,0.0
2023-12-21,GOOGL,,,,,,,0.0,0.0
2023-12-22,GOOGL,,,,,,,0.0,0.0
2023-12-26,GOOGL,,,,,,,0.0,0.0
2023-12-27,GOOGL,,,,,,,0.0,0.0
2023-12-28,GOOGL,,,,,,,0.0,0.0
2023-12-29,GOOGL,,,,,,,0.0,0.0
2024-01-02,GOOGL,,,,,,,0.0,0.0
2024-01-03,GOOGL,,,,,,,0.0,0.0
2024-01-04,GOOGL,,,,,,,0.0,0.0
2024-01-05,GOOGL,,,,,,,0.0,0.0
2024-01-08,GOOGL,,,,,,,0.0,0.0
2024-01-09,GOOGL,,,,,,,0.0,0.0
2024-01-10,GOOGL,,,,,,,0.0,0.0
2024-01-11,GOOGL,,,,,,,0.0,0.0
2024-01-12,GOOGL,,,,,,,0.0,0.0
2024-01-16,GOOGL,,,,,,,0.0,0.0
2024-01-17,GOOGL,,,,,,,0.0,0.0
2024-01-18,GOOGL,,,,,,,0.0,0.0
2024-01-19,GOOGL,,,,,,,0.0,0.0
2024-01-22,GOOGL,,,,,,,0.0,0.0
2024-01-23,GOOGL,,,,,,,0.0,0.0
2024-01-24,GOOGL,,,,,,,0.0,0.0
2024-01-25,GOOGL,,,,,,,0.0,0.0
2024-01-26,GOOGL,,,,,,,0.0,0.0
2024-01-29,GOOGL,,,,,,,0.0,0.0
2024-01-30,GOOGL,,,,,,,0.0,0.0
2024-01-31,GOOGL,,,,,,,0.0,0.0
2024-02-01,GOOGL,,,,,,,0.0,0.0
2024-02-02,GOOGL,,,,,,,0.0,0.0
2024-02-05,GOOGL,,,,,,,0.0,0.0
2024-02-06,GOOGL,,,,,,,0.0,0.0
2024-02-07,GOOGL,,,,,,,0.0,0.0
2024-02-08,GOOGL,,,,,,,0.0,0.0
2024-02-09,GOOGL,,,,,,,0.0,0.0
2024-02-12,GOOGL,,,,,,,0.0,0.0
2024-02-13,GOOGL,,,,,,,0.0,0.0
2024-02-14,GOOGL,,,,,,,0.0,0.0
2024-02-15,GOOGL,,,,,,,0.0,0.0
2024-02-16,GOOGL,,,,,,,0.0,0.0
2024-02-20,GOOGL,,,,,,,0.0,0.0
2024-02-21,GOOGL,,,,,,,0.0,0.0
2024-02-22,GOOGL,,,,,,,0.0,0.0
2024-02-23,GOOGL,,,,,,,0.0,0.0
2024-02-26,GOOGL,,,,,,,0.0,0.0
2024-02-27,GOOGL,,,,,,,0.0,0.0
2024-02-28,GOOGL,,,,,,,0.0,0.0
2024-02-29,GOOGL,,,,,,,0.0,0.0
2024-03-01,GOOGL,,,,,,,0.0,0.0
2024-03-04,GOOGL,,,,,,,0.0,0.0
2024-03-05,GOOGL,,,,,,,0.0,0.0
2024-03-06,GOOGL,,,,,,,0.0,0.0
2024-03-07,GOOGL,,,,,,,0.0,0.0
2024-03-08,GOOGL,,,,,,,0.0,0.0
2024-03-11,GOOGL,,,,,,,0.0,0.0
2024-03-12,GOOGL,,,,,,,0.0,0.0
2024-03-13,GOOGL,,,,,,,0.0,0.0
2024-03-14,GOOGL,,,,,,,0.0,0.0
2024-03-15,GOOGL,,,,,,,0.0,0.0
2024-03-18,GOOGL,,,,,,,0.0,0.0
2024-03-19,GOOGL,,,,,,,0.0,0.0
2024-03-20,GOOGL,,,,,,,0.0,0.0
2024-03-21,GOOGL,,,,,,,0.0,0.0
2024-03-22,GOOGL,,,,,,,0.0,0.0
2024-03-25,GOOGL,,,,,,,0.0,0.0
2024-03-26,GOOGL,,,,,,,0.0,0.0
2024-03-27,GOOGL,,,,,,,0.0,0.0
2024-03-28,GOOGL,,,,,,,0.0,0.0
2024-04-01,GOOGL,,,,,,,0.0,0.0
2024-04-02,GOOGL,,,,,,,0.0,0.0
2024-04-03,GOOGL,,,,,,,0.0,0.0
2024-04-04,GOOGL,,,,,,,0.0,0.0
2024-04-05,GOOGL,,,,,,,0.0,0.0
2024-04-08,GOOGL,,,,,,,0.0,0.0
2024-04-09,GOOGL,,,,,,,0.0,0.0
2024-04-10,GOOGL,,,,,,,0.0,0.0
2024-04-11,GOOGL,,,,,,,0.0,0.0
2024-04-12,GOOGL,,,,,,,0.0,0.0
2024-04-15,GOOGL,,,,,,,0.0,0.0
2024-04-16,GOOGL,,,,,,,0.0,0.0
2024-04-17,GOOGL,,,,,,,0.0,0.0
2024-04-18,GOOGL,,,,,,,0.0,0.0
2024-04-19,GOOGL,,,,,,,0.0,0.0
2024-04-22,GOOGL,,,,,,,0.0,0.0
2024-04-23,GOOGL,,,,,,,0.0,0.0
2024-04-24,GOOGL,,,,,,,0.0,0.0
2024-04-25,GOOGL,,,,,,,0.0,0.0
2024-04-26,GOOGL,,,,,,,0.0,0.0
2024-04-29,GOOGL,,,,,,,0.0,0.0
2024-04-30,GOOGL,,,,,,,0.0,0.0
2024-05-01,GOOGL,,,,,,,0.0,0.0
2024-05-02,GOOGL,,,,,,,0.0,0.0
2024-05-03,GOOGL,,,,,,,0.0,0.0
2024-05-06,GOOGL,,,,,,,0.0,0.0
2024-05-07,GOOGL,,,,,,,0.0,0.0
2024-05-08,GOOGL,,,,,,,0.0,0.0
2024-05-09,GOOGL,,,,,,,0.0,0.0
2024-05-10,GOOGL,,,,,,,0.0,0.0
2024-05-13,GOOGL,,,,,,,0.0,0.0
2024-05-14,GOOGL,,,,,,,0.0,0.0
2024-05-15,GOOGL,,,,,,,0.0,0.0
2024-05-16,GOOGL,,,,,,,0.0,0.0
2024-05-17,GOOGL,,,,,,,0.0,0.0
2024-05-20,GOOGL,,,,,,,0.0,0.0
2024-05-21,GOOGL,,,,,,,0.0,0.0
2024-05-22,GOOGL,,,,,,,0.0,0.0
2024-05-23,GOOGL,,,,,,,0.0,0.0
2024-05-24,GOOGL,,,,,,,0.0,0.0
2024-05-28,GOOGL,,,,,,,0.0,0.0
2024-05-29,GOOGL,,,,,,,0.0,0.0
2024-05-30,GOOGL,,,,,,,0.0,0.0
2024-05-31,GOOGL,,,,,,,0.0,0.0
2024-06-03,GOOGL,,,,,,,0.0,0.0
2024-06-04,GOOGL,,,,,,,0.0,0.0
2024-06-05,GOOGL,,,,,,,0.0,0.0
2024-06-06,GOOGL,,,,,,,0.0,0.0
2024-06-07,GOOGL,,,,,,,0.0,0.0
2024-06-10,GOOGL,,,,,,,0.0,0.0
2024-06-11,GOOGL,,,,,,,0.0,0.0
2024-06-12,GOOGL,,,,,,,0.0,0.0
2024-06-13,GOOGL,,,,,,,0.0,0.0
2024-06-14,GOOGL,,,,,,,0.0,0.0
2024-06-17,GOOGL,,,,,,,0.0,0.0
2024-06-18,GOOGL,,,,,,,0.0,0.0
2024-06-20,GOOGL,,,,,,,0.0,0.0
2024-06-21,GOOGL,,,,,,,0.0,0.0
2024-06-24,GOOGL,,,,,,,0.0,0.0
2024-06-25,GOOGL,,,,,,,0.0,0.0
2024-06-26,GOOGL,,,,,,,0.0,0.0
2024-06-27,GOOGL,,,,,,,0.0,0.0
2024-06-28,GOOGL,,,,,,,0.0,0.0
2024-07-01,GOOGL,,,,,,,0.0,0.0
2024-07-02,GOOGL,,,,,,,0.0,0.0
2024-07-03,GOOGL,,,,,,,0.0,0.0
2024-07-05,GOOGL,,,,,,,0.0,0.0
2024-07-08,GOOGL,,,,,,,0.0,0.0
2024-07-09,GOOGL,,,,,,,0.0,0.0
2024-07-10,GOOGL,,,,,,,0.0,0.0
2024-07-11,GOOGL,,,,,,,0.0,0.0
2024-07-12,GOOGL,,,,,,,0.0,0.0
2024-07-15,GOOGL,,,,,,,0.0,0.0
2024-07-16,GOOGL,,,,,,,0.0,0.0
2024-07-17,GOOGL,,,,,,,0.0,0.0
2024-07-18,GOOGL,,,,,,,0.0,0.0
2024-07-19,GOOGL,,,,,,,0.0,0.0
2024-07-22,GOOGL,,,,,,,0.0,0.0
2024-07-23,GOOGL,,,,,,,0.0,0.0
2024-07-24,GOOGL,,,,,,,0.0,0.0
2024-07-25,GOOGL,,,,,,,0.0,0.0
2024-07-26,GOOGL,,,,,,,0.0,0.0
2024-07-29,GOOGL,,,,,,,0.0,0.0
2024-07-30,GOOGL,,,,,,,0.0,0.0
2024-07-31,GOOGL,,,,,,,0.0,0.0
2024-08-01,GOOGL,,,,,,,0.0,0.0
2024-08-02,GOOGL,,,,,,,0.0,0.0
2024-08-05,GOOGL,,,,,,,0.0,0.0
2024-08-06,GOOGL,,,,,,,0.0,0.0
2024-08-07,GOOGL,,,,,,,0.0,0.0
2024-08-08,GOOGL,,,,,,,0.0,0.0
2024-08-09,GOOGL,,,,,,,0.0,0.0
2024-08-12,GOOGL,,,,,,,0.0,0.0
2024-08-13,GOOGL,,,,,,,0.0,0.0
2024-08-14,GOOGL,,,,,,,0.0,0.0
2024-08-15,GOOGL,,,,,,,0.0,0.0
2024-08-16,GOOGL,,,,,,,0.0,0.0
2024-08-19,GOOGL,,,,,,,0.0,0.0
2024-08-20,GOOGL,,,,,,,0.0,0.0
2024-08-21,GOOGL,,,,,,,0.0,0.0
2024-08-22,GOOGL,,,,,,,0.0,0.0
2024-08-23,GOOGL,,,,,,,0.0,0.0
2024-08-26,GOOGL,,,,,,,0.0,0.0
2024-08-27,GOOGL,,,,,,,0.0,0.0
2024-08-28,GOOGL,,,,,,,0.0,0.0
2024-08-29,GOOGL,,,,,,,0.0,0.0
2024-08-30,GOOGL,,,,,,,0.0,0.0
2024-09-03,GOOGL,,,,,,,0.0,0.0
2024-09-04,GOOGL,,,,,,,0.0,0.0
2024-09-05,GOOGL,,,,,,,0.0,0.0
2024-09-06,GOOGL,,,,,,,0.0,0.0
2024-09-09,GOOGL,,,,,,,0.0,0.0
2024-09-10,GOOGL,,,,,,,0.0,0.0
2024-09-11,GOOGL,,,,,,,0.0,0.0
2024-09-12,GOOGL,,,,,,,0.0,0.0
2024-09-13,GOOGL,,,,,,,0.0,0.0
2024-09-16,GOOGL,,,,,,,0.0,0.0
2024-09-17,GOOGL,,,,,,,0.0,0.0
2024-09-18,GOOGL,,,,,,,0.0,0.0
2024-09-19,GOOGL,,,,,,,0.0,0.0
2024-09-20,GOOGL,,,,,,,0.0,0.0
2024-09-23,GOOGL,,,,,,,0.0,0.0
2024-09-24,GOOGL,,,,,,,0.0,0.0
2024-09-25,GOOGL,,,,,,,0.0,0.0
2024-09-26,GOOGL,,,,,,,0.0,0.0
2024-09-27,GOOGL,,,,,,,0.0,0.0
2024-09-30,GOOGL,,,,,,,0.0,0.0
2024-10-01,GOOGL,,,,,,,0.0,0.0
2024-10-02,GOOGL,,,,,,,0.0,0.0
2024-10-03,GOOGL,,,,,,,0.0,0.0
2024-10-04,GOOGL,,,,,,,0.0,0.0
2024-10-07,GOOGL,,,,,,,0.0,0.0
2024-10-08,GOOGL,,,,,,,0.0,0.0
2024-10-09,GOOGL,,,,,,,0.0,0.0
2024-10-10,GOOGL,,,,,,,0.0,0.0
2024-10-11,GOOGL,,,,,,,0.0,0.0
2024-10-14,GOOGL,,,,,,,0.0,0.0
2024-10-15,GOOGL,,,,,,,0.0,0.0
2024-10-16,GOOGL,,,,,,,0.0,0.0
2024-10-17,GOOGL,,,,,,,0.0,0.0
2024-10-18,GOOGL,,,,,,,0.0,0.0
2024-10-21,GOOGL,,,,,,,0.0,0.0
2024-10-22,GOOGL,,,,,,,0.0,0.0
2024-10-23,GOOGL,,,,,,,0.0,0.0
2024-10-24,GOOGL,,,,,,,0.0,0.0
2024-10-25,GOOGL,,,,,,,0.0,0.0
2024-10-28,GOOGL,,,,,,,0.0,0.0
2024-10-29,GOOGL,,,,,,,0.0,0.0
2024-10-30,GOOGL,,,,,,,0.0,0.0
2024-10-31,GOOGL,,,,,,,0.0,0.0
2024-11-01,GOOGL,,,,,,,0.0,0.0
2024-11-04,GOOGL,,,,,,,0.0,0.0
2024-11-05,GOOGL,,,,,,,0.0,0.0
2024-11-06,GOOGL,,,,,,,0.0,0.0
2024-11-07,GOOGL,,,,,,,0.0,0.0
2024-11-08,GOOGL,,,,,,,0.0,0.0
2024-11-11,GOOGL,,,,,,,0.0,0.0
2024-11-12,GOOGL,,,,,,,0.0,0.0
2024-11-13,GOOGL,,,,,,,0.0,0.0
2024-11-14,GOOGL,,,,,,,0.0,0.0
2024-11-15,GOOGL,,,,,,,0.0,0.0
2024-11-18,GOOGL,,,,,,,0.0,0.0
2024-11-19,GOOGL,,,,,,,0.0,0.0
2024-11-20,GOOGL,,,,,,,0.0,0.0
2024-11-21,GOOGL,,,,,,,0.0,0.0
2024-11-22,GOOGL,,,,,,,0.0,0.0
2024-11-25,GOOGL,,,,,,,0.0,0.0
2024-11-26,GOOGL,,,,,,,0.0,0.0
2024-11-27,GOOGL,,,,,,,0.0,0.0
2024-11-29,GOOGL,,,,,,,0.0,0.0
2024-12-02,GOOGL,,,,,,,0.0,0.0
2024-12-03,GOOGL,,,,,,,0.0,0.0
2024-12-04,GOOGL,,,,,,,0.0,0.0
2024-12-05,GOOGL,,,,,,,0.0,0.0
2024-12-06,GOOGL,,,,,,,0.0,0.0
2024-12-09,GOOGL,,,,,,,0.0,0.0
2024-12-10,GOOGL,,,,,,,0.0,0.0
2024-12-11,GOOGL,,,,,,,0.0,0.0
2024-12-12,GOOGL,,,,,,,0.0,0.0
2024-12-13,GOOGL,,,,,,,0.0,0.0
2024-12-16,GOOGL,,,,,,,0.0,0.0
2024-12-17,GOOGL,,,,,,,0.0,0.0
2024-12-18,GOOGL,,,,,,,0.0,0.0
2024-12-19,GOOGL,,,,,,,0.0,0.0
2024-12-20,GOOGL,,,,,,,0.0,0.0
2024-12-23,GOOGL,,,,,,,0.0,0.0
2024-12-24,GOOGL,,,,,,,0.0,0.0
2024-12-26,GOOGL,,,,,,,0.0,0.0
2024-12-27,GOOGL,,,,,,,0.0,0.0
2024-12-30,GOOGL,,,,,,,0.0,0.0
2024-12-31,GOOGL,,,,,,,0.0,0.0
2025-01-02,GOOGL,,,,,,,0.0,0.0
2025-01-03,GOOGL,,,,,,,0.0,0.0
2025-01-06,GOOGL,,,,,,,0.0,0.0
2025-01-07,GOOGL,,,,,,,0.0,0.0
2025-01-08,GOOGL,,,,,,,0.0,0.0
2025-01-10,GOOGL,,,,,,,0.0,0.0
2025-01-13,GOOGL,,,,,,,0.0,0.0
2025-01-14,GOOGL,,,,,,,0.0,0.0
2025-01-15,GOOGL,,,,,,,0.0,0.0
2025-01-16,GOOGL,,,,,,,0.0,0.0
2025-01-17,GOOGL,,,,,,,0.0,0.0
2025-01-21,GOOGL,,,,,,,0.0,0.0
2025-01-22,GOOGL,,,,,,,0.0,0.0
2025-01-23,GOOGL,,,,,,,0.0,0.0
2025-01-24,GOOGL,,,,,,,0.0,0.0
2025-01-27,GOOGL,,,,,,,0.0,0.0
2025-01-28,GOOGL,,,,,,,0.0,0.0
2025-01-29,GOOGL,,,,,,,0.0,0.0
2025-01-30,GOOGL,,,,,,,0.0,0.0
2025-01-31,GOOGL,,,,,,,0.0,0.0
2025-02-03,GOOGL,,,,,,,0.0,0.0
2025-02-04,GOOGL,,,,,,,0.0,0.0
2025-02-05,GOOGL,,,,,,,0.0,0.0
2025-02-06,GOOGL,,,,,,,0.0,0.0
2025-02-07,GOOGL,,,,,,,0.0,0.0
2025-02-10,GOOGL,,,,,,,0.0,0.0
2025-02-11,GOOGL,,,,,,,0.0,0.0
2025-02-12,GOOGL,,,,,,,0.0,0.0
2025-02-13,GOOGL,,,,,,,0.0,0.0
2025-02-14,GOOGL,,,,,,,0.0,0.0
2025-02-18,GOOGL,,,,,,,0.0,0.0
2025-02-19,GOOGL,,,,,,,0.0,0.0
2025-02-20,GOOGL,,,,,,,0.0,0.0
2025-02-21,GOOGL,,,,,,,0.0,0.0
2025-02-24,GOOGL,,,,,,,0.0,0.0
2025-02-25,GOOGL,,,,,,,0.0,0.0
2025-02-26,GOOGL,,,,,,,0.0,0.0
2025-02-27,GOOGL,,,,,,,0.0,0.0
2025-02-28,GOOGL,,,,,,,0.0,0.0
2025-03-03,GOOGL,,,,,,,0.0,0.0
2025-03-04,GOOGL,,,,,,,0.0,0.0
2025-03-05,GOOGL,,,,,,,0.0,0.0
2025-03-06,GOOGL,,,,,,,0.0,0.0
2025-03-07,GOOGL,,,,,,,0.0,0.0
2025-03-10,GOOGL,,,,,,,0.0,0.0
2025-03-11,GOOGL,,,,,,,0.0,0.0
2025-03-12,GOOGL,,,,,,,0.0,0.0
2025-03-13,GOOGL,,,,,,,0.0,0.0
2025-03-14,GOOGL,,,,,,,0.0,0.0
2025-03-17,GOOGL,,,,,,,0.0,0.0
2025-03-18,GOOGL,,,,,,,0.0,0.0
2025-03-19,GOOGL,,,,,,,0.0,0.0
2025-03-20,GOOGL,,,,,,,0.0,0.0
2025-03-21,GOOGL,,,,,,,0.0,0.0
2025-03-24,GOOGL,,,,,,,0.0,0.0
2025-03-25,GOOGL,,,,,,,0.0,0.0
2025-03-26,GOOGL,,,,,,,0.0,0.0
2025-03-27,GOOGL,,,,,,,0.0,0.0
2025-03-28,GOOGL,,,,,,,0.0,0.0
2025-03-31,GOOGL,,,,,,,0.0,0.0
2025-04-01,GOOGL,,,,,,,0.0,0.0
2025-04-02,GOOGL,,,,,,,0.0,0.0
2025-04-03,GOOGL,,,,,,,0.0,0.0
2025-04-04,GOOGL,,,,,,,0.0,0.0
2025-04-07,GOOGL,,,,,,,0.0,0.0
2025-04-08,GOOGL,,,,,,,0.0,0.0
2025-04-09,GOOGL,,,,,,,0.0,0.0
2025-04-10,GOOGL,,,,,,,0.0,0.0
2025-04-11,GOOGL,,,,,,,0.0,0.0
2025-04-14,GOOGL,,,,,,,0.0,0.0
2025-04-15,GOOGL,,,,,,,0.0,0.0
2025-04-16,GOOGL,,,,,,,0.0,0.0
2025-04-17,GOOGL,,,,,,,0.0,0.0
2025-04-21,GOOGL,,,,,,,0.0,0.0
2025-04-22,GOOGL,,,,,,,0.0,0.0
2025-04-23,GOOGL,,,,,,,0.0,0.0
2025-04-24,GOOGL,,,,,,,0.0,0.0
2025-04-25,GOOGL,,,,,,,0.0,0.0
2025-04-28,GOOGL,,,,,,,0.0,0.0
2025-04-29,GOOGL,,,,,,,0.0,0.0
2025-04-30,GOOGL,,,,,,,0.0,0.0
2025-05-01,GOOGL,,,,,,,0.0,0.0
2025-05-02,GOOGL,,,,,,,0.0,0.0
2025-05-05,GOOGL,,,,,,,0.0,0.0
2025-05-06,GOOGL,,,,,,,0.0,0.0
2025-05-07,GOOGL,,,,,,,0.0,0.0
2025-05-08,GOOGL,,,,,,,0.0,0.0
2025-05-09,GOOGL,,,,,,,0.0,0.0
2025-05-12,GOOGL,,,,,,,0.0,0.0
2025-05-13,GOOGL,,,,,,,0.0,0.0
2025-05-14,GOOGL,,,,,,,0.0,0.0
2025-05-15,GOOGL,,,,,,,0.0,0.0
2025-05-16,GOOGL,,,,,,,0.0,0.0
2025-05-19,GOOGL,,,,,,,0.0,0.0
2025-05-20,GOOGL,,,,,,,0.0,0.0
2025-05-21,GOOGL,,,,,,,0.0,0.0
2025-05-22,GOOGL,,,,,,,0.0,0.0
2025-05-23,GOOGL,,,,,,,0.0,0.0
2025-05-27,GOOGL,,,,,,,0.0,0.0
2025-05-28,GOOGL,,,,,,,0.0,0.0
2025-05-29,GOOGL,,,,,,,0.0,0.0
2025-05-30,GOOGL,,,,,,,0.0,0.0
2025-06-02,GOOGL,,,,,,,0.0,0.0
2025-06-03,GOOGL,,,,,,,0.0,0.0
2025-06-04,GOOGL,,,,,,,0.0,0.0
2025-06-05,GOOGL,,,,,,,0.0,0.0
2025-06-06,GOOGL,,,,,,,0.0,0.0
2025-06-09,GOOGL,,,,,,,0.0,0.0
2025-06-10,GOOGL,,,,,,,0.0,0.0
2025-06-11,GOOGL,,,,,,,0.0,0.0
2025-06-12,GOOGL,,,,,,,0.0,0.0
2025-06-13,GOOGL,,,,,,,0.0,0.0
2025-06-16,GOOGL,,,,,,,0.0,0.0
2025-06-17,GOOGL,,,,,,,0.0,0.0
2025-06-18,GOOGL,,,,,,,0.0,0.0
2025-06-20,GOOGL,,,,,,,0.0,0.0
2025-06-23,GOOGL,,,,,,,0.0,0.0
2025-06-24,GOOGL,,,,,,,0.0,0.0
2025-06-25,GOOGL,,,,,,,0.0,0.0
2025-06-26,GOOGL,,,,,,,0.0,0.0
2025-06-27,GOOGL,,,,,,,0.0,0.0
2025-06-30,GOOGL,,,,,,,0.0,0.0
2025-07-01,GOOGL,,,,,,,0.0,0.0
2025-07-02,GOOGL,,,,,,,0.0,0.0
2025-07-03,GOOGL,,,,,,,0.0,0.0
2025-07-07,GOOGL,,,,,,,0.0,0.0
2025-07-08,GOOGL,,,,,,,0.0,0.0
2025-07-09,GOOGL,,,,,,,0.0,0.0
2025-07-10,GOOGL,,,,,,,0.0,0.0
2025-07-11,GOOGL,,,,,,,0.0,0.0
2025-07-14,GOOGL,,,,,,,0.0,0.0
2025-07-15,GOOGL,,,,,,,0.0,0.0
2025-07-16,GOOGL,,,,,,,0.0,0.0
2025-07-17,GOOGL,,,,,,,0.0,0.0
2025-07-18,GOOGL,,,,,,,0.0,0.0
2025-07-21,GOOGL,,,,,,,0.0,0.0
2025-07-22,GOOGL,,,,,,,0.0,0.0
2025-07-23,GOOGL,,,,,,,0.0,0.0
2025-07-24,GOOGL,,,,,,,0.0,0.0
2025-07-25,GOOGL,,,,,,,0.0,0.0
2025-07-28,GOOGL,,,,,,,0.0,0.0
2025-07-29,GOOGL,,,,,,,0.0,0.0
2025-07-30,GOOGL,,,,,,,0.0,0.0
2025-07-31,GOOGL,,,,,,,0.0,0.0
2025-08-01,GOOGL,,,,,,,0.0,0.0
2025-08-04,GOOGL,,,,,,,0.0,0.0
2025-08-05,GOOGL,,,,,,,0.0,0.0
2025-08-06,GOOGL,,,,,,,0.0,0.0
2025-08-07,GOOGL,,,,,,,0.0,0.0
2025-08-08,GOOGL,,,,,,,0.0,0.0
2025-08-11,GOOGL,,,,,,,0.0,0.0
2025-08-12,GOOGL,,,,,,,0.0,0.0
2025-08-13,GOOGL,,,,,,,0.0,0.0
2025-08-14,GOOGL,,,,,,,0.0,0.0
2025-08-15,GOOGL,,,,,,,0.0,0.0
2025-08-18,GOOGL,,,,,,,0.0,0.0
2025-08-19,GOOGL,,,,,,,0.0,0.0
2025-08-20,GOOGL,,,,,,,0.0,0.0
2025-08-21,GOOGL,,,,,,,0.0,0.0
2025-08-22,GOOGL,,,,,,,0.0,0.0
2025-08-25,GOOGL,,,,,,,0.0,0.0
2025-08-26,GOOGL,,,,,,,0.0,0.0
2025-08-27,GOOGL,,,,,,,0.0,0.0
2025-08-28,GOOGL,,,,,,,0.0,0.0
2025-08-29,GOOGL,,,,,,,0.0,0.0
2025-09-02,GOOGL,,,,,,,0.0,0.0
2025-09-03,GOOGL,,,,,,,0.0,0.0
2025-09-04,GOOGL,,,,,,,0.0,0.0
2025-09-05,GOOGL,,,,,,,0.0,0.0
2025-09-08,GOOGL,,,,,,,0.0,0.0
2025-09-09,GOOGL,,,,,,,0.0,0.0
2025-09-10,GOOGL,,,,,,,0.0,0.0
2025-09-11,GOOGL,,,,,,,0.0,0.0
2025-09-12,GOOGL,,,,,,,0.0,0.0
2025-09-15,GOOGL,,,,,,,0.0,0.0
2025-09-16,GOOGL,,,,,,,0.0,0.0
2025-09-17,GOOGL,,,,,,,0.0,0.0
2025-09-18,GOOGL,,,,,,,0.0,0.0
2025-09-19,GOOGL,,,,,,,0.0,0.0
2025-09-22,GOOGL,,,,,,,0.0,0.0
2025-09-23,GOOGL,,,,,,,0.0,0.0
2025-09-24,GOOGL,,,,,,,0.0,0.0
2025-09-25,GOOGL,,,,,,,0.0,0.0
2025-09-26,GOOGL,,,,,,,0.0,0.0
2025-09-29,GOOGL,,,,,,,0.0,0.0
2025-09-30,GOOGL,,,,,,,0.0,0.0
2025-10-01,GOOGL,,,,,,,0.0,0.0
2025-10-02,GOOGL,,,,,,,0.0,0.0
2025-10-03,GOOGL,,,,,,,0.0,0.0
2025-10-06,GOOGL,,,,,,,0.0,0.0
2025-10-07,GOOGL,,,,,,,0.0,0.0
2025-10-08,GOOGL,,,,,,,0.0,0.0
2025-10-09,GOOGL,,,,,,,0.0,0.0
2025-10-10,GOOGL,,,,,,,0.0,0.0
2025-10-13,GOOGL,,,,,,,0.0,0.0
2025-10-14,GOOGL,,,,,,,0.0,0.0
2025-10-15,GOOGL,,,,,,,0.0,0.0
2025-10-16,GOOGL,,,,,,,0.0,0.0
2025-10-17,GOOGL,,,,,,,0.0,0.0
2025-10-20,GOOGL,,,,,,,0.0,0.0
2025-10-21,GOOGL,,,,,,,0.0,0.0
2025-10-22,GOOGL,,,,,,,0.0,0.0
2025-10-23,GOOGL,,,,,,,0.0,0.0
2025-10-24,GOOGL,,,,,,,0.0,0.0
2025-10-27,GOOGL,,,,,,,0.0,0.0
2025-10-28,GOOGL,,,,,,,0.0,0.0
2025-10-29,GOOGL,,,,,,,0.0,0.0
2025-10-30,GOOGL,,,,,,,0.0,0.0
2025-10-31,GOOGL,,,,,,,0.0,0.0
2025-11-03,GOOGL,,,,,,,0.0,0.0
2025-11-04,GOOGL,,,,,,,0.0,0.0
2025-11-05,GOOGL,,,,,,,0.0,0.0
2025-11-06,GOOGL,,,,,,,0.0,0.0
2025-11-07,GOOGL,,,,,,,0.0,0.0
2025-11-10,GOOGL,,,,,,,0.0,0.0
2025-11-11,GOOGL,,,,,,,0.0,0.0
2025-11-12,GOOGL,,,,,,,0.0,0.0
2025-11-13,GOOGL,,,,,,,0.0,0.0
2025-11-14,GOOGL,,,,,,,0.0,0.0
2025-11-17,GOOGL,,,,,,,0.0,0.0
2025-11-18,GOOGL,,,,,,,0.0,0.0
2025-11-19,GOOGL,,,,,,,0.0,0.0
2025-11-20,GOOGL,,,,,,,0.0,0.0
2025-11-21,GOOGL,,,,,,,0.0,0.0
2025-11-24,GOOGL,,,,,,,0.0,0.0
2025-11-25,GOOGL,,,,,,,0.0,0.0
2025-11-26,GOOGL,,,,,,,0.0,0.0
2025-11-28,GOOGL,,,,,,,0.0,0.0
2025-12-01,GOOGL,,,,,,,0.0,0.0
2025-12-02,GOOGL,,,,,,,0.0,0.0
2025-12-03,GOOGL,,,,,,,0.0,0.0
2025-12-04,GOOGL,,,,,,,0.0,0.0
2025-12-05,GOOGL,,,,,,,0.0,0.0
2025-12-08,GOOGL,,,,,,,0.0,0.0
2025-12-09,GOOGL,,,,,,,0.0,0.0
2025-12-10,GOOGL,,,,,,,0.0,0.0
2025-12-11,GOOGL,,,,,,,0.0,0.0
2025-12-12,GOOGL,,,,,,,0.0,0.0
2025-12-15,GOOGL,,,,,,,0.0,0.0
2025-12-16,GOOGL,,,,,,,0.0,0.0
2025-12-17,GOOGL,,,,,,,0.0,0.0
2025-12-18,GOOGL,,,,,,,0.0,0.0
2025-12-19,GOOGL,,,,,,,0.0,0.0
2025-12-22,GOOGL,,,,,,,0.0,0.0
2025-12-23,GOOGL,,,,,,,0.0,0.0
2025-12-24,GOOGL,,,,,,,0.0,0.0
2025-12-26,GOOGL,,,,,,,0.0,0.0
2025-12-29,GOOGL,,,,,,,0.0,0.0
2025-12-30,GOOGL,,,,,,,0.0,0.0
2025-12-31,GOOGL,,,,,,,0.0,0.0
2026-01-02,GOOGL,,,,,,,0.0,0.0
2026-01-05,GOOGL,,,,,,,0.0,0.0
2026-01-06,GOOGL,,,,,,,0.0,0.0
2026-01-07,GOOGL,,,,,,,0.0,0.0
2026-01-08,GOOGL,,,,,,,0.0,0.0
2026-01-09,GOOGL,,,,,,,0.0,0.0
2026-01-12,GOOGL,,,,,,,0.0,0.0
2026-01-13,GOOGL,,,,,,,0.0,0.0
2026-01-14,GOOGL,,,,,,,0.0,0.0
2026-01-15,GOOGL,,,,,,,0.0,0.0
2026-01-16,GOOGL,,,,,,,0.0,0.0
2026-01-20,GOOGL,,,,,,,0.0,0.0
2026-01-21,GOOGL,,,,,,,0.0,0.0
2026-01-22,GOOGL,,,,,,,0.0,0.0
2026-01-23,GOOGL,,,,,,,0.0,0.0
2026-01-26,GOOGL,,,,,,,0.0,0.0
2026-01-27,GOOGL,,,,,,,0.0,0.0
2026-01-28,GOOGL,,,,,,,0.0,0.0
2026-01-29,GOOGL,,,,,,,0.0,0.0
2026-01-30,GOOGL,,,,,,,0.0,0.0
2026-02-02,GOOGL,,,,,,,0.0,0.0
2026-02-03,GOOGL,,,,,,,0.0,0.0
2026-02-04,GOOGL,,,,,,,0.0,0.0
2026-02-05,GOOGL,,,,,,,0.0,0.0
2026-02-06,GOOGL,,,,,,,0.0,0.0
2026-02-09,GOOGL,,,,,,,0.0,0.0
2026-02-10,GOOGL,,,,,,,0.0,0.0
2026-02-11,GOOGL,,,,,,,0.0,0.0
2026-02-12,GOOGL,,,,,,,0.0,0.0
2026-02-13,GOOGL,,,,,,,0.0,0.0
2026-02-17,GOOGL,,,,,,,0.0,0.0
2026-02-18,GOOGL,,,,,,,0.0,0.0
2026-02-19,GOOGL,,,,,,,0.0,0.0
2026-02-20,GOOGL,,,,,,,0.0,0.0
2026-02-23,GOOGL,,,,,,,0.0,0.0
2026-02-24,GOOGL,,,,,,,0.0,0.0
2026-02-25,GOOGL,,,,,,,0.0,0.0
2026-02-26,GOOGL,,,,,,,0.0,0.0
2026-02-27,GOOGL,,,,,,,0.0,0.0
2026-03-02,GOOGL,,,,,,,0.0,0.0
2026-03-03,GOOGL,,,,,,,0.0,0.0
2026-03-04,GOOGL,,,,,,,0.0,0.0
2026-03-05,GOOGL,,,,,,,0.0,0.0
2026-03-06,GOOGL,,,,,,,0.0,0.0
2026-03-09,GOOGL,,,,,,,0.0,0.0
2026-03-10,GOOGL,,,,,,,0.0,0.0
2026-03-11,GOOGL,,,,,,,0.0,0.0
2026-03-12,GOOGL,,,,,,,0.0,0.0
2026-03-13,GOOGL,,,,,,,0.0,0.0
2026-03-16,GOOGL,,,,,,,0.0,0.0
2026-03-17,GOOGL,,,,,,,0.0,0.0
2026-03-18,GOOGL,,,,,,,0.0,0.0
2026-03-19,GOOGL,,,,,,,0.0,0.0
2026-03-20,GOOGL,,,,,,,0.0,0.0
2026-03-23,GOOGL,,,,,,,0.0,0.0
2026-03-24,GOOGL,,,,,,,0.0,0.0
2026-03-25,GOOGL,,,,,,,0.0,0.0
2026-03-26,GOOGL,,,,,,,0.0,0.0
2026-03-27,GOOGL,,,,,,,0.0,0.0
2026-03-30,GOOGL,,,,,,,0.0,0.0
2026-03-31,GOOGL,,,,,,,0.0,0.0
2026-04-01,GOOGL,,,,,,,0.0,0.0
2026-04-02,GOOGL,,,,,,,0.0,0.0
2026-04-06,GOOGL,,,,,,,0.0,0.0
2026-04-07,GOOGL,,,,,,,0.0,0.0
2026-04-08,GOOGL,,,,,,,0.0,0.0
2026-04-09,GOOGL,,,,,,,0.0,0.0
2026-04-10,GOOGL,,,,,,,0.0,0.0
2026-04-13,GOOGL,,,,,,,0.0,0.0
2026-04-14,GOOGL,,,,,,,0.0,0.0
2026-04-15,GOOGL,,,,,,,0.0,0.0
2026-04-16,GOOGL,,,,,,,0.0,0.0
2026-04-17,GOOGL,,,,,,,0.0,0.0
2026-04-20,GOOGL,,,,,,,0.0,0.0
2026-04-21,GOOGL,,,,,,,0.0,0.0
2026-04-22,GOOGL,,,,,,,0.0,0.0
2026-04-23,GOOGL,,,,,,,0.0,0.0
2026-04-24,GOOGL,,,,,,,0.0,0.0
2026-04-27,GOOGL,,,,,,,0.0,0.0
2026-04-28,GOOGL,,,,,,,0.0,0.0
2026-04-29,GOOGL,,,,,,,0.0,0.0
2026-04-30,GOOGL,,,,,,,0.0,0.0
2026-05-01,GOOGL,,,,,,,0.0,0.0
2026-05-04,GOOGL,,,,,,,0.0,0.0
2026-05-05,GOOGL,,,,,,,0.0,0.0
2026-05-06,GOOGL,,,,,,,0.0,0.0
2026-05-07,GOOGL,,,,,,,0.0,0.0
2026-05-08,GOOGL,,,,,,,0.0,0.0
2026-05-11,GOOGL,,,,,,,0.0,0.0
2026-05-12,GOOGL,,,,,,,0.0,0.0
2026-05-13,GOOGL,,,,,,,0.0,0.0
2026-05-14,GOOGL,,,,,,,0.0,0.0
2026-05-15,GOOGL,,,,,,,0.0,0.0
2026-05-18,GOOGL,,,,,,,0.0,0.0
2026-05-19,GOOGL,,,,,,,0.0,0.0
2026-05-20,GOOGL,,,,,,,0.0,0.0
2026-05-21,GOOGL,,,,,,,0.0,0.0
2026-05-22,GOOGL,,,,,,,0.0,0.0
2026-05-26,GOOGL,,,,,,,0.0,0.0
2026-05-27,GOOGL,,,,,,,0.0,0.0
2026-05-28,GOOGL,,,,,,,0.0,0.0
2026-05-29,GOOGL,,,,,,,0.0,0.0
2026-06-01,GOOGL,,,,,,,0.0,0.0
2026-06-02,GOOGL,,,,,,,0.0,0.0
2026-06-03,GOOGL,,,,,,,0.0,0.0
2026-06-04,GOOGL,,,,,,,0.0,0.0
2026-06-05,GOOGL,,,,,,,0.0,0.0
2026-06-08,GOOGL,,,,,,,0.0,0.0
2026-06-09,GOOGL,,,,,,,0.0,0.0
2026-06-10,GOOGL,,,,,,,0.0,0.0
2026-06-11,GOOGL,,,,,,,0.0,0.0
2026-06-12,GOOGL,,,,,,,0.0,0.0
2026-06-15,GOOGL,,,,,,,0.0,0.0
2026-06-16,GOOGL,,,,,,,0.0,0.0
2026-06-17,GOOGL,,,,,,,0.0,0.0
2026-06-18,GOOGL,,,,,,,0.0,0.0
2026-06-22,GOOGL,,,,,,,0.0,0.0
2026-06-23,GOOGL,,,,,,,0.0,0.0
2026-06-24,GOOGL,,,,,,,0.0,0.0
2026-06-25,GOOGL,,,,,,,0.0,0.0
2026-06-26,GOOGL,,,,,,,0.0,0.0
2026-06-29,GOOGL,,,,,,,0.0,0.0
2026-06-30,GOOGL,,,,,,,0.0,0.0
2026-07-01,GOOGL,,,,,,,0.0,0.0
2026-07-02,GOOGL,,,,,,,0.0,0.0
2026-07-06,GOOGL,,,,,,,0.0,0.0
2026-07-07,GOOGL,,,,,,,0.0,0.0
2026-07-08,GOOGL,,,,,,,0.0,0.0
2026-07-09,GOOGL,,,,,,,0.0,0.0
2026-07-10,GOOGL,,,,,,,0.0,0.0
2026-07-13,GOOGL,,,,,,,0.0,0.0
2026-07-14,GOOGL,,,,,,,0.0,0.0
2026-07-15,GOOGL,,,,,,,0.0,0.0
2026-07-16,GOOGL,,,,,,,0.0,0.0
2026-07-17,GOOGL,,,,,,,0.0,0.0
2026-07-20,GOOGL,,,,,,,0.0,0.0
2026-07-21,GOOGL,,,,,,,0.0,0.0
2026-07-22,GOOGL,,,,,,,0.0,0.0
2026-07-23,GOOGL,,,,,,,0.0,0.0
2026-07-24,GOOGL,,,,,,,0.0,0.0
2026-07-27,GOOGL,,,,,,,0.0,0.0
2026-07-28,GOOGL,,,,,,,0.0,0.0
2026-07-29,GOOGL,,,,,,,0.0,0.0
2026-07-30,GOOGL,,,,,,,0.0,0.0
2026-07-31,GOOGL,,,,,,,0.0,0.0
2026-08-03,GOOGL,,,,,,,0.0,0.0
2026-08-04,GOOGL,,,,,,,0.0,0.0
2026-08-05,GOOGL,,,,,,,0.0,0.0
2026-08-06,GOOGL,,,,,,,0.0,0.0
2026-08-07,GOOGL,,,,,,,0.0,0.0
2026-08-10,GOOGL,,,,,,,0.0,0.0
2026-08-11,GOOGL,,,,,,,0.0,0.0
2026-08-12,GOOGL,,,,,,,0.0,0.0
2026-08-13,GOOGL,,,,,,,0.0,0.0
2026-08-14,GOOGL,,,,,,,0.0,0.0
2026-08-17,GOOGL,,,,,,,0.0,0.0
2026-08-18,GOOGL,,,,,,,0.0,0.0
2026-08-19,GOOGL,,,,,,,0.0,0.0
2026-08-20,GOOGL,,,,,,,0.0,0.0
2026-08-21,GOOGL,,,,,,,0.0,0.0
2026-08-24,GOOGL,,,,,,,0.0,0.0
2026-08-25,GOOGL,,,,,,,0.0,0.0
2026-08-26,GOOGL,,,,,,,0.0,0.0
2026-08-27,GOOGL,,,,,,,0.0,0.0
2026-08-28,GOOGL,,,,,,,0.0,0.0
2026-08-31,GOOGL,,,,,,,0.0,0.0
2026-09-01,GOOGL,,,,,,,0.0,0.0
2026-09-02,GOOGL,,,,,,,0.0,0.0
2026-09-03,GOOGL,,,,,,,0.0,0.0
2026-09-04,GOOGL,,,,,,,0.0,0.0
2026-09-08,GOOGL,,,,,,,0.0,0.0
2026-09-09,GOOGL,,,,,,,0.0,0.0
2026-09-10,GOOGL,,,,,,,0.0,0.0
2026-09-11,GOOGL,,,,,,,0.0,0.0
2026-09-14,GOOGL,,,,,,,0.0,0.0
2026-09-15,GOOGL,,,,,,,0.0,0.0
2026-09-16,GOOGL,,,,,,,0.0,0.0
2026-09-17,GOOGL,,,,,,,0.0,0.0
2026-09-18,GOOGL,,,,,,,0.0,0.0
2026-09-21,GOOGL,,,,,,,0.0,0.0
2026-09-22,GOOGL,,,,,,,0.0,0.0
2026-09-23,GOOGL,,,,,,,0.0,0.0
2026-09-24,GOOGL,,,,,,,0.0,0.0
2026-09-25,GOOGL,,,,,,,0.0,0.0
2026-09-28,GOOGL,,,,,,,0.0,0.0
2026-09-29,GOOGL,,,,,,,0.0,0.0
2026-09-30,GOOGL,,,,,,,0.0,0.0
2026-10-01,GOOGL,,,,,,,0.0,0.0
2026-10-02,GOOGL,,,,,,,0.0,0.0
2020-01-02,MSFT,158.77999877929688,160.72999572753906,158.3300018310547,160.6199951171875,151.5442657470703,22622100.0,0.0,0.0
2020-01-03,MSFT,158.32000732421875,159.9499969482422,158.05999755859375,158.6199951171875,149.65725708007812,21116200.0,0.0,0.0
2020-01-06,MSFT,157.0800018310547,159.10000610351562,156.50999450683594,159.02999877929688,150.04409790039062,20813700.0,0.0,0.0
2020-01-07,MSFT,159.32000732421875,159.6699981689453,157.32000732421875,157.5800018310547,148.67601013183594,21634100.0,0.0,0.0
2020-01-08,MSFT,158.92999267578125,160.8000030517578,157.9499969482422,160.08999633789062,151.04421997070312,27746500.0,0.0,0.0
2020-01-09,MSFT,161.83999633789062,162.22000122070312,161.02999877929688,162.08999633789062,152.93116760253906,21385000.0,0.0,0.0
2020-01-10,MSFT,162.82000732421875,163.22000122070312,161.17999267578125,161.33999633789062,152.2235565185547,20725900.0,0.0,0.0
2020-01-13,MSFT,161.75999450683594,163.30999755859375,161.25999450683594,163.27999877929688,154.0539093017578,21626500.0,0.0,0.0
2020-01-14,MSFT,163.38999938964844,163.60000610351562,161.72000122070312,162.1300048828125,152.96896362304688,23477400.0,0.0,0.0
2020-01-15,MSFT,162.6199951171875,163.94000244140625,162.57000732421875,163.17999267578125,153.95960998535156,21417900.0,0.0,0.0
2020-01-16,MSFT,164.35000610351562,166.24000549316406,164.02999877929688,166.1699981689453,156.78065490722656,23865400.0,0.0,0.0
2020-01-17,MSFT,167.4199981689453,167.47000122070312,165.42999267578125,167.10000610351562,157.65814208984375,34371700.0,0.0,0.0
2020-01-21,MSFT,166.67999267578125,168.19000244140625,166.42999267578125,166.5,157.09202575683594,29517200.0,0.0,0.0
2020-01-22,MSFT,167.39999389648438,167.49000549316406,165.67999267578125,165.6999969482422,156.33721923828125,24138800.0,0.0,0.0
2020-01-23,MSFT,166.19000244140625,166.8000030517578,165.27000427246094,166.72000122070312,157.2996368408203,19680800.0,0.0,0.0
2020-01-24,MSFT,167.50999450683594,167.52999877929688,164.4499969482422,165.0399932861328,155.71450805664062,24918100.0,0.0,0.0
2020-01-27,MSFT,161.14999389648438,163.3800048828125,160.1999969482422,162.27999877929688,153.11044311523438,32078100.0,0.0,0.0
2020-01-28,MSFT,163.77999877929688,165.75999450683594,163.07000732421875,165.4600067138672,156.11074829101562,24899900.0,0.0,0.0
2020-01-29,MSFT,167.83999633789062,168.75,165.69000244140625,168.0399932861328,158.54501342773438,34754500.0,0.0,0.0
2020-01-30,MSFT,174.0500030517578,174.0500030517578,170.7899932861328,172.77999877929688,163.01719665527344,51597500.0,0.0,0.0
2020-01-31,MSFT,172.2100067138672,172.39999389648438,169.5800018310547,170.22999572753906,160.61123657226562,36142700.0,0.0,0.0
2020-02-03,MSFT,170.42999267578125,174.5,170.39999389648438,174.3800048828125,164.52674865722656,30107000.0,0.0,0.0
2020-02-04,MSFT,177.13999938964844,180.63999938964844,176.30999755859375,180.1199951171875,169.9424285888672,36433300.0,0.0,0.0
2020-02-05,MSFT,184.02999877929688,184.1999969482422,178.41000366210938,179.89999389648438,169.73484802246094,39186300.0,0.0,0.0
2020-02-06,MSFT,180.97000122070312,183.82000732421875,180.05999755859375,183.6300048828125,173.25411987304688,27751400.0,0.0,0.0
2020-02-07,MSFT,182.85000610351562,185.6300048828125,182.47999572753906,183.88999938964844,173.49940490722656,33529100.0,0.0,0.0
2020-02-10,MSFT,183.5800018310547,188.83999633789062,183.25,188.6999969482422,178.03758239746094,35844300.0,0.0,0.0
2020-02-11,MSFT,190.64999389648438,190.6999969482422,183.5,184.44000244140625,174.018310546875,53159900.0,0.0,0.0
2020-02-12,MSFT,185.5800018310547,185.85000610351562,181.85000610351562,184.7100067138672,174.2730712890625,47062900.0,0.0,0.0
2020-02-13,MSFT,183.0800018310547,186.22999572753906,182.8699951171875,183.7100067138672,173.32958984375,35295800.0,0.0,0.0
2020-02-14,MSFT,183.25,185.41000366210938,182.64999389648438,185.35000610351562,174.87693786621094,23149500.0,0.0,0.0
2020-02-18,MSFT,185.61000061035156,187.6999969482422,185.5,187.22999572753906,176.65069580078125,27792200.0,0.0,0.0
2020-02-19,MSFT,188.05999755859375,188.17999267578125,186.47000122070312,187.27999877929688,177.18043518066406,29997500.0,0.51,0.0
2020-02-20,MSFT,186.9499969482422,187.25,181.10000610351562,184.4199981689453,174.47471618652344,36862400.0,0.0,0.0
2020-02-21,MSFT,183.1699981689453,183.5,177.25,178.58999633789062,168.95909118652344,48572600.0,0.0,0.0
2020-02-24,MSFT,167.77000427246094,174.5500030517578,163.22999572753906,170.88999938964844,161.67434692382812,68311100.0,0.0,0.0
2020-02-25,MSFT,174.1999969482422,174.83999633789062,167.64999389648438,168.07000732421875,159.0064697265625,68073300.0,0.0,0.0
2020-02-26,MSFT,169.7100067138672,173.25999450683594,168.2100067138672,170.1699981689453,160.9932098388672,56206100.0,0.0,0.0
2020-02-27,MSFT,163.32000732421875,167.02999877929688,157.97999572753906,158.17999267578125,149.64974975585938,93174900.0,0.0,0.0
2020-02-28,MSFT,152.41000366210938,163.7100067138672,152.0,162.00999450683594,153.273193359375,97012700.0,0.0,0.0
2020-03-02,MSFT,165.30999755859375,172.9199981689453,162.30999755859375,172.7899932861328,163.47190856933594,71030800.0,0.0,0.0
2020-03-03,MSFT,173.8000030517578,175.0,162.25999450683594,164.50999450683594,155.63844299316406,71677000.0,0.0,0.0
2020-03-04,MSFT,168.49000549316406,170.6999969482422,165.6199951171875,170.5500030517578,161.35264587402344,49814400.0,0.0,0.0
2020-03-05,MSFT,166.0500030517578,170.8699951171875,165.69000244140625,166.27000427246094,157.30348205566406,47817300.0,0.0,0.0
2020-03-06,MSFT,162.61000061035156,163.11000061035156,156.0,161.57000732421875,152.8570098876953,72821100.0,0.0,0.0
2020-03-09,MSFT,151.0,157.75,150.0,150.6199951171875,142.49749755859375,70419300.0,0.0,0.0
2020-03-10,MSFT,158.16000366210938,161.02999877929688,152.5800018310547,160.9199981689453,152.2420196533203,65354400.0,0.0,0.0
2020-03-11,MSFT,157.1300048828125,157.6999969482422,151.14999389648438,153.6300048828125,145.34512329101562,56371600.0,0.0,0.0
2020-03-12,MSFT,145.3000030517578,153.47000122070312,138.5800018310547,139.05999755859375,131.56085205078125,93226400.0,0.0,0.0
2020-03-13,MSFT,147.5,161.91000366210938,140.72999572753906,158.8300018310547,150.26470947265625,92727400.0,0.0,0.0
2020-03-16,MSFT,140.0,149.35000610351562,135.0,135.4199981689453,128.11715698242188,87905900.0,0.0,0.0
2020-03-17,MSFT,140.0,147.5,135.0,146.57000732421875,138.66586303710938,81059800.0,0.0,0.0
2020-03-18,MSFT,138.0,146.0,135.02000427246094,140.39999389648438,132.8285675048828,81593200.0,0.0,0.0
2020-03-19,MSFT,142.77000427246094,150.14999389648438,139.0,142.7100067138672,135.01406860351562,85922700.0,0.0,0.0
2020-03-20,MSFT,146.0,147.10000610351562,135.86000061035156,137.35000610351562,129.94309997558594,84866200.0,0.0,0.0
2020-03-23,MSFT,137.00999450683594,140.57000732421875,132.52000427246094,135.97999572753906,128.64695739746094,78975200.0,0.0,0.0
2020-03-24,MSFT,143.75,149.60000610351562,141.27000427246094,148.33999633789062,140.34042358398438,82516700.0,0.0,0.0
2020-03-25,MSFT,148.91000366210938,154.3300018310547,144.44000244140625,146.9199981689453,138.99700927734375,75638200.0,0.0,0.0
2020-03-26,MSFT,148.39999389648438,156.66000366210938,148.3699951171875,156.11000061035156,147.69142150878906,64568100.0,0.0,0.0
2020-03-27,MSFT,151.75,154.88999938964844,149.1999969482422,149.6999969482422,141.62709045410156,57042300.0,0.0,0.0
2020-03-30,MSFT,152.44000244140625,160.60000610351562,150.00999450683594,160.22999572753906,151.58921813964844,63420300.0,0.0,0.0
2020-03-31,MSFT,159.39999389648438,164.77999877929688,156.55999755859375,157.7100067138672,149.20513916015625,77927200.0,0.0,0.0
2020-04-01,MSFT,153.0,157.75,150.82000732421875,152.11000061035156,143.90713500976562,57969900.0,0.0,0.0
2020-04-02,MSFT,151.86000061035156,155.47999572753906,150.36000061035156,155.25999450683594,146.88723754882812,49630700.0,0.0,0.0
2020-04-03,MSFT,155.10000610351562,157.3800048828125,152.19000244140625,153.8300018310547,145.5343780517578,41243300.0,0.0,0.0
2020-04-06,MSFT,160.32000732421875,166.5,157.5800018310547,165.27000427246094,156.35740661621094,67111700.0,0.0,0.0
2020-04-07,MSFT,169.58999633789062,170.0,163.25999450683594,163.49000549316406,154.67340087890625,62769000.0,0.0,0.0
2020-04-08,MSFT,165.6699981689453,166.6699981689453,163.5,165.1300048828125,156.2250213623047,48318200.0,0.0,0.0
2020-04-09,MSFT,166.36000061035156,167.3699951171875,163.3300018310547,165.13999938964844,156.23443603515625,51385100.0,0.0,0.0
2020-04-13,MSFT,164.35000610351562,165.57000732421875,162.3000030517578,165.50999450683594,156.58450317382812,41905300.0,0.0,0.0
2020-04-14,MSFT,169.0,173.75,168.0,173.6999969482422,164.3328094482422,52874300.0,0.0,0.0
2020-04-15,MSFT,171.1999969482422,173.57000732421875,169.24000549316406,171.8800048828125,162.6110076904297,40940800.0,0.0,0.0
2020-04-16,MSFT,174.3000030517578,177.27999877929688,172.89999389648438,177.0399932861328,167.4927215576172,50479600.0,0.0,0.0
2020-04-17,MSFT,179.5,180.0,175.8699951171875,178.60000610351562,168.96859741210938,52765600.0,0.0,0.0
2020-04-20,MSFT,176.6300048828125,178.75,174.99000549316406,175.05999755859375,165.6194305419922,36669600.0,0.0,0.0
2020-04-21,MSFT,173.5,173.6699981689453,166.11000061035156,167.82000732421875,158.76992797851562,56203700.0,0.0,0.0
2020-04-22,MSFT,171.38999938964844,174.0,170.82000732421875,173.52000427246094,164.1625518798828,34620200.0,0.0,0.0
2020-04-23,MSFT,174.11000061035156,175.05999755859375,170.91000366210938,171.4199981689453,162.17579650878906,32790800.0,0.0,0.0
2020-04-24,MSFT,172.05999755859375,174.55999755859375,170.7100067138672,174.5500030517578,165.13699340820312,34277600.0,0.0,0.0
2020-04-27,MSFT,176.58999633789062,176.89999389648438,173.3000030517578,174.0500030517578,164.6639404296875,33194400.0,0.0,0.0
2020-04-28,MSFT,175.58999633789062,175.6699981689453,169.38999938964844,169.80999755859375,160.65257263183594,34392700.0,0.0,0.0
2020-04-29,MSFT,173.22000122070312,177.67999267578125,171.8800048828125,177.42999267578125,167.86166381835938,51286600.0,0.0,0.0
2020-04-30,MSFT,180.0,180.39999389648438,176.22999572753906,179.2100067138672,169.5457000732422,53875900.0,0.0,0.0
2020-05-01,MSFT,175.8000030517578,178.63999938964844,174.00999450683594,174.57000732421875,165.15589904785156,39370500.0,0.0,0.0
2020-05-04,MSFT,174.49000549316406,179.0,173.8000030517578,178.83999633789062,169.19569396972656,30372900.0,0.0,0.0
2020-05-05,MSFT,180.6199951171875,183.64999389648438,179.89999389648438,180.75999450683594,171.01210021972656,36839200.0,0.0,0.0
2020-05-06,MSFT,182.0800018310547,184.1999969482422,181.6300048828125,182.5399932861328,172.6960906982422,32139300.0,0.0,0.0
2020-05-07,MSFT,184.1699981689453,184.5500030517578,182.5800018310547,183.60000610351562,173.69891357421875,28316000.0,0.0,0.0
2020-05-08,MSFT,184.97999572753906,185.0,183.36000061035156,184.67999267578125,174.7206573486328,30877800.0,0.0,0.0
2020-05-11,MSFT,183.14999389648438,187.50999450683594,182.85000610351562,186.74000549316406,176.6696319580078,30892700.0,0.0,0.0
2020-05-12,MSFT,186.8000030517578,187.0399932861328,182.3000030517578,182.50999450683594,172.667724609375,32038200.0,0.0,0.0
2020-05-13,MSFT,182.5500030517578,184.0500030517578,176.5399932861328,179.75,170.05657958984375,44711500.0,0.0,0.0
2020-05-14,MSFT,177.5399932861328,180.69000244140625,175.67999267578125,180.52999877929688,170.7945556640625,41873900.0,0.0,0.0
2020-05-15,MSFT,179.05999755859375,187.05999755859375,177.0,183.16000366210938,173.2826690673828,46610400.0,0.0,0.0
2020-05-18,MSFT,185.75,186.1999969482422,183.9600067138672,184.91000366210938,174.93833923339844,35264500.0,0.0,0.0
2020-05-19,MSFT,185.02999877929688,186.60000610351562,183.49000549316406,183.6300048828125,173.7273712158203,26799100.0,0.0,0.0
2020-05-20,MSFT,184.80999755859375,185.85000610351562,183.94000244140625,185.66000366210938,176.1370391845703,31261300.0,0.51,0.0
2020-05-21,MSFT,185.39999389648438,186.6699981689453,183.2899932861328,183.42999267578125,174.0213623046875,29119500.0,0.0,0.0
2020-05-22,MSFT,183.19000244140625,184.4600067138672,182.5399932861328,183.50999450683594,174.09732055664062,20826900.0,0.0,0.0
2020-05-26,MSFT,186.33999633789062,186.5,181.10000610351562,181.57000732421875,172.25682067871094,36073600.0,0.0,0.0
2020-05-27,MSFT,180.1999969482422,181.99000549316406,176.60000610351562,181.80999755859375,172.48448181152344,39517100.0,0.0,0.0
2020-05-28,MSFT,180.74000549316406,184.14999389648438,180.3800048828125,181.39999389648438,172.09552001953125,33810200.0,0.0,0.0
2020-05-29,MSFT,182.72999572753906,184.27000427246094,180.41000366210938,183.25,173.85067749023438,42130400.0,0.0,0.0
2020-06-01,MSFT,182.5399932861328,183.0,181.4600067138672,182.8300018310547,173.45220947265625,22622400.0,0.0,0.0
2020-06-02,MSFT,184.25,185.0,181.35000610351562,184.91000366210938,175.425537109375,30794600.0,0.0,0.0
2020-06-03,MSFT,184.82000732421875,185.94000244140625,183.5800018310547,185.36000061035156,175.8524169921875,27311000.0,0.0,0.0
2020-06-04,MSFT,184.3000030517578,185.83999633789062,182.3000030517578,182.9199981689453,173.53758239746094,28761800.0,0.0,0.0
2020-06-05,MSFT,182.6199951171875,187.72999572753906,182.00999450683594,187.1999969482422,177.59803771972656,39893600.0,0.0,0.0
2020-06-08,MSFT,185.94000244140625,188.5500030517578,184.44000244140625,188.36000061035156,178.69851684570312,33211600.0,0.0,0.0
2020-06-09,MSFT,188.0,190.6999969482422,187.25999450683594,189.8000030517578,180.06466674804688,29783900.0,0.0,0.0
2020-06-10,MSFT,191.1300048828125,198.52000427246094,191.00999450683594,196.83999633789062,186.7435760498047,43872300.0,0.0,0.0
2020-06-11,MSFT,193.1300048828125,195.75999450683594,186.07000732421875,186.27000427246094,176.7157745361328,52854700.0,0.0,0.0
2020-06-12,MSFT,190.5399932861328,191.72000122070312,185.17999267578125,187.74000549316406,178.11033630371094,43373600.0,0.0,0.0
2020-06-15,MSFT,184.5800018310547,190.82000732421875,184.00999450683594,188.94000244140625,179.248779296875,32770200.0,0.0,0.0
2020-06-16,MSFT,192.88999938964844,195.5800018310547,191.4600067138672,193.57000732421875,183.64132690429688,42556700.0,0.0,0.0
2020-06-17,MSFT,195.02999877929688,196.32000732421875,193.69000244140625,194.24000549316406,184.27696228027344,25687800.0,0.0,0.0
2020-06-18,MSFT,194.0,196.49000549316406,194.0,196.32000732421875,186.25027465820312,23061600.0,0.0,0.0
2020-06-19,MSFT,198.58999633789062,199.2899932861328,194.3699951171875,195.14999389648438,185.14027404785156,44441100.0,0.0,0.0
2020-06-22,MSFT,195.7899932861328,200.75999450683594,195.22999572753906,200.57000732421875,190.2822723388672,32818900.0,0.0,0.0
2020-06-23,MSFT,202.08999633789062,203.9499969482422,201.42999267578125,201.91000366210938,191.5535125732422,30917400.0,0.0,0.0
2020-06-24,MSFT,201.60000610351562,203.25,196.55999755859375,197.83999633789062,187.6923065185547,36740600.0,0.0,0.0
2020-06-25,MSFT,197.8000030517578,200.61000061035156,195.47000122070312,200.33999633789062,190.06410217285156,27803900.0,0.0,0.0
2020-06-26,MSFT,199.72999572753906,199.88999938964844,194.8800048828125,196.3300018310547,186.25975036621094,54675800.0,0.0,0.0
2020-06-29,MSFT,195.77999877929688,198.52999877929688,193.5500030517578,198.44000244140625,188.26153564453125,26701600.0,0.0,0.0
2020-06-30,MSFT,197.8800048828125,204.39999389648438,197.74000549316406,203.50999450683594,193.07144165039062,34310300.0,0.0,0.0
2020-07-01,MSFT,203.13999938964844,206.35000610351562,201.77000427246094,204.6999969482422,194.20046997070312,32061200.0,0.0,0.0
2020-07-02,MSFT,205.67999267578125,208.02000427246094,205.0,206.25999450683594,195.68043518066406,29315800.0,0.0,0.0
2020-07-06,MSFT,208.8300018310547,211.1300048828125,208.08999633789062,210.6999969482422,199.89266967773438,31897600.0,0.0,0.0
2020-07-07,MSFT,210.4499969482422,214.6699981689453,207.99000549316406,208.25,197.56837463378906,33600700.0,0.0,0.0
2020-07-08,MSFT,210.07000732421875,213.25999450683594,208.69000244140625,212.8300018310547,201.9134063720703,33600000.0,0.0,0.0
2020-07-09,MSFT,216.3300018310547,216.3800048828125,211.47000122070312,214.32000732421875,203.32701110839844,33121700.0,0.0,0.0
2020-07-10,MSFT,213.6199951171875,214.0800018310547,211.0800018310547,213.6699981689453,202.71035766601562,26177600.0,0.0,0.0
2020-07-13,MSFT,214.47999572753906,215.8000030517578,206.5,207.07000732421875,196.44888305664062,38135600.0,0.0,0.0
2020-07-14,MSFT,206.1300048828125,208.85000610351562,202.02999877929688,208.35000610351562,197.66322326660156,37591800.0,0.0,0.0
2020-07-15,MSFT,209.55999755859375,211.3300018310547,205.02999877929688,208.0399932861328,197.36912536621094,32179400.0,0.0,0.0
2020-07-16,MSFT,205.39999389648438,205.6999969482422,202.30999755859375,203.9199981689453,193.46046447753906,29940700.0,0.0,0.0
2020-07-17,MSFT,204.47000122070312,205.0399932861328,201.38999938964844,202.8800048828125,192.4738006591797,31635300.0,0.0,0.0
2020-07-20,MSFT,205.0,212.3000030517578,203.00999450683594,211.60000610351562,200.74658203125,36884800.0,0.0,0.0
2020-07-21,MSFT,213.66000366210938,213.94000244140625,208.02999877929688,208.75,198.04266357421875,37990400.0,0.0,0.0
2020-07-22,MSFT,209.1999969482422,212.3000030517578,208.38999938964844,211.75,200.88880920410156,49605700.0,0.0,0.0
2020-07-23,MSFT,207.19000244140625,210.9199981689453,202.14999389648438,202.5399932861328,192.1512451171875,67457000.0,0.0,0.0
2020-07-24,MSFT,200.4199981689453,202.86000061035156,197.50999450683594,201.3000030517578,190.974853515625,39827000.0,0.0,0.0
2020-07-27,MSFT,201.47000122070312,203.97000122070312,200.86000061035156,203.85000610351562,193.39404296875,30160900.0,0.0,0.0
2020-07-28,MSFT,203.61000061035156,204.6999969482422,201.74000549316406,202.02000427246094,191.6579132080078,23251400.0,0.0,0.0
2020-07-29,MSFT,202.5,204.64999389648438,202.00999450683594,204.05999755859375,193.59326171875,19632600.0,0.0,0.0
2020-07-30,MSFT,201.0,204.4600067138672,199.57000732421875,203.89999389648438,193.44146728515625,25079600.0,0.0,0.0
2020-07-31,MSFT,204.39999389648438,205.10000610351562,199.00999450683594,205.00999450683594,194.49449157714844,51044000.0,0.0,0.0
2020-08-03,MSFT,211.52000427246094,217.63999938964844,210.44000244140625,216.5399932861328,205.43309020996094,78983000.0,0.0,0.0
2020-08-04,MSFT,214.1699981689453,214.77000427246094,210.30999755859375,213.2899932861328,202.3498077392578,49280100.0,0.0,0.0
2020-08-05,MSFT,214.89999389648438,215.0,211.57000732421875,212.94000244140625,202.01779174804688,28806400.0,0.0,0.0
2020-08-06,MSFT,212.33999633789062,216.3699951171875,211.5500030517578,216.35000610351562,205.2528839111328,32656800.0,0.0,0.0
2020-08-07,MSFT,214.85000610351562,215.6999969482422,210.92999267578125,212.47999572753906,201.5813751220703,27820400.0,0.0,0.0
2020-08-10,MSFT,211.6699981689453,211.8800048828125,206.35000610351562,208.25,197.56837463378906,36716500.0,0.0,0.0
2020-08-11,MSFT,207.16000366210938,207.64999389648438,203.13999938964844,203.3800048828125,192.9481658935547,36446500.0,0.0,0.0
2020-08-12,MSFT,205.2899932861328,210.27999877929688,204.75,209.19000244140625,198.4601287841797,28013100.0,0.0,0.0
2020-08-13,MSFT,209.44000244140625,211.35000610351562,208.14999389648438,208.6999969482422,197.99526977539062,22588900.0,0.0,0.0
2020-08-14,MSFT,208.75999450683594,209.58999633789062,207.50999450683594,208.89999389648438,198.18499755859375,17958900.0,0.0,0.0
2020-08-17,MSFT,209.60000610351562,211.19000244140625,208.9199981689453,210.27999877929688,199.49423217773438,20184800.0,0.0,0.0
2020-08-18,MSFT,210.52999877929688,212.36000061035156,209.2100067138672,211.49000549316406,200.6421661376953,21336200.0,0.0,0.0
2020-08-19,MSFT,211.49000549316406,212.10000610351562,209.25,209.6999969482422,199.4248809814453,27627600.0,0.51,0.0
2020-08-20,MSFT,209.5399932861328,215.0,208.91000366210938,214.5800018310547,204.06576538085938,26981500.0,0.0,0.0
2020-08-21,MSFT,213.86000061035156,216.25,212.85000610351562,213.02000427246094,202.58216857910156,36249300.0,0.0,0.0
2020-08-24,MSFT,214.7899932861328,215.52000427246094,212.42999267578125,213.69000244140625,203.21937561035156,25460100.0,0.0,0.0
2020-08-25,MSFT,213.10000610351562,216.61000061035156,213.10000610351562,216.47000122070312,205.86312866210938,23043700.0,0.0,0.0
2020-08-26,MSFT,217.8800048828125,222.08999633789062,217.36000061035156,221.14999389648438,210.31382751464844,39600800.0,0.0,0.0
2020-08-27,MSFT,222.88999938964844,231.14999389648438,219.39999389648438,226.5800018310547,215.477783203125,57602200.0,0.0,0.0
2020-08-28,MSFT,228.17999267578125,230.63999938964844,226.5800018310547,228.91000366210938,217.693603515625,26292900.0,0.0,0.0
2020-08-31,MSFT,227.0,228.6999969482422,224.30999755859375,225.52999877929688,214.47926330566406,28774200.0,0.0,0.0
2020-09-01,MSFT,225.50999450683594,227.4499969482422,224.42999267578125,227.27000427246094,216.1339874267578,25725500.0,0.0,0.0
2020-09-02,MSFT,227.97000122070312,232.86000061035156,227.35000610351562,231.64999389648438,220.29934692382812,34080800.0,0.0,0.0
2020-09-03,MSFT,229.27000427246094,229.30999755859375,214.9600067138672,217.3000030517578,206.65248107910156,58400300.0,0.0,0.0
2020-09-04,MSFT,215.10000610351562,218.36000061035156,205.19000244140625,214.25,203.751953125,59664100.0,0.0,0.0
2020-09-08,MSFT,206.5,210.02999877929688,202.1999969482422,202.66000366210938,192.72984313964844,52924300.0,0.0,0.0
2020-09-09,MSFT,207.60000610351562,214.83999633789062,206.6999969482422,211.2899932861328,200.9369659423828,45679000.0,0.0,0.0
2020-09-10,MSFT,213.39999389648438,214.74000549316406,204.11000061035156,205.3699951171875,195.30706787109375,35461500.0,0.0,0.0
2020-09-11,MSFT,207.1999969482422,208.6300048828125,201.24000549316406,204.02999877929688,194.03273010253906,33620100.0,0.0,0.0
2020-09-14,MSFT,204.24000549316406,209.1999969482422,204.02999877929688,205.41000366210938,195.34507751464844,30375800.0,0.0,0.0
2020-09-15,MSFT,208.4199981689453,209.77999877929688,206.92999267578125,208.77999877929688,198.5500030517578,21823900.0,0.0,0.0
2020-09-16,MSFT,210.6199951171875,210.64999389648438,204.63999938964844,205.0500030517578,195.00274658203125,26328100.0,0.0,0.0
2020-09-17,MSFT,200.0500030517578,204.3300018310547,199.9600067138672,202.91000366210938,192.9676055908203,34011300.0,0.0,0.0
2020-09-18,MSFT,202.8000030517578,203.64999389648438,196.25,200.38999938964844,190.57106018066406,55225300.0,0.0,0.0
2020-09-21,MSFT,197.19000244140625,202.7100067138672,196.3800048828125,202.5399932861328,192.61572265625,39839700.0,0.0,0.0
2020-09-22,MSFT,205.05999755859375,208.10000610351562,202.0800018310547,207.4199981689453,197.25660705566406,33517100.0,0.0,0.0
2020-09-23,MSFT,207.89999389648438,208.10000610351562,200.02999877929688,200.58999633789062,190.7612762451172,30803800.0,0.0,0.0
2020-09-24,MSFT,199.85000610351562,205.57000732421875,199.1999969482422,203.19000244140625,193.23385620117188,31202500.0,0.0,0.0
2020-09-25,MSFT,203.5500030517578,209.0399932861328,202.5399932861328,207.82000732421875,197.6370086669922,29437300.0,0.0,0.0
2020-09-28,MSFT,210.8800048828125,212.57000732421875,208.05999755859375,209.44000244140625,199.17762756347656,32004900.0,0.0,0.0
2020-09-29,MSFT,209.35000610351562,210.07000732421875,206.80999755859375,207.25999450683594,197.10440063476562,24221900.0,0.0,0.0
2020-09-30,MSFT,207.72999572753906,211.97999572753906,206.5399932861328,210.3300018310547,200.02401733398438,33829100.0,0.0,0.0
2020-10-01,MSFT,213.49000549316406,213.99000549316406,211.32000732421875,212.4600067138672,202.0496826171875,27158400.0,0.0,0.0
2020-10-02,MSFT,208.0,210.99000549316406,205.5399932861328,206.19000244140625,196.0868682861328,33154800.0,0.0,0.0
2020-10-05,MSFT,207.22000122070312,210.41000366210938,206.97999572753906,210.3800048828125,200.071533203125,21331600.0,0.0,0.0
2020-10-06,MSFT,208.82000732421875,210.17999267578125,204.82000732421875,205.91000366210938,195.82054138183594,28554300.0,0.0,0.0
2020-10-07,MSFT,207.05999755859375,210.11000061035156,206.72000122070312,209.8300018310547,199.54855346679688,25681100.0,0.0,0.0
2020-10-08,MSFT,210.50999450683594,211.19000244140625,208.32000732421875,210.5800018310547,200.26177978515625,19925800.0,0.0,0.0
2020-10-09,MSFT,211.22999572753906,215.86000061035156,211.22999572753906,215.80999755859375,205.23545837402344,26458000.0,0.0,0.0
2020-10-12,MSFT,218.7899932861328,223.86000061035156,216.80999755859375,221.39999389648438,210.55162048339844,40461400.0,0.0,0.0
2020-10-13,MSFT,222.72000122070312,225.2100067138672,220.42999267578125,222.86000061035156,211.9400177001953,28950800.0,0.0,0.0
2020-10-14,MSFT,223.0,224.22000122070312,219.1300048828125,220.86000061035156,210.03805541992188,23421700.0,0.0,0.0
2020-10-15,MSFT,217.10000610351562,220.36000061035156,216.00999450683594,219.66000366210938,208.8968505859375,22733100.0,0.0,0.0
2020-10-16,MSFT,220.14999389648438,222.2899932861328,219.32000732421875,219.66000366210938,208.8968505859375,26057900.0,0.0,0.0
2020-10-19,MSFT,220.4199981689453,222.3000030517578,213.72000122070312,214.22000122070312,203.72341918945312,27625800.0,0.0,0.0
2020-10-20,MSFT,215.8000030517578,217.3699951171875,213.08999633789062,214.64999389648438,204.13233947753906,22753500.0,0.0,0.0
2020-10-21,MSFT,213.1199951171875,216.9199981689453,213.1199951171875,214.8000030517578,204.27499389648438,22724900.0,0.0,0.0
2020-10-22,MSFT,213.92999267578125,216.05999755859375,211.6999969482422,214.88999938964844,204.36058044433594,22351500.0,0.0,0.0
2020-10-23,MSFT,215.02999877929688,216.27999877929688,213.16000366210938,216.22999572753906,205.63490295410156,18879600.0,0.0,0.0
2020-10-26,MSFT,213.85000610351562,216.33999633789062,208.10000610351562,210.0800018310547,199.78627014160156,37111600.0,0.0,0.0
2020-10-27,MSFT,211.58999633789062,214.6699981689453,210.3300018310547,213.25,202.80096435546875,36700300.0,0.0,0.0
2020-10-28,MSFT,207.6699981689453,208.83999633789062,202.10000610351562,202.67999267578125,192.74880981445312,51195600.0,0.0,0.0
2020-10-29,MSFT,204.07000732421875,207.36000061035156,203.3699951171875,204.72000122070312,194.68887329101562,31432600.0,0.0,0.0
2020-10-30,MSFT,203.5,204.2899932861328,199.6199951171875,202.47000122070312,192.54913330078125,36953700.0,0.0,0.0
2020-11-02,MSFT,204.2899932861328,205.27999877929688,200.1199951171875,202.3300018310547,192.41603088378906,30842200.0,0.0,0.0
2020-11-03,MSFT,203.88999938964844,208.1199951171875,203.1199951171875,206.42999267578125,196.3150634765625,27512000.0,0.0,0.0
2020-11-04,MSFT,214.02000427246094,218.32000732421875,212.4199981689453,216.38999938964844,205.7870635986328,42311800.0,0.0,0.0
2020-11-05,MSFT,222.0399932861328,224.1199951171875,221.14999389648438,223.2899932861328,212.34893798828125,36080100.0,0.0,0.0
2020-11-06,MSFT,222.25999450683594,224.36000061035156,218.02999877929688,223.72000122070312,212.75791931152344,25231900.0,0.0,0.0
2020-11-09,MSFT,224.44000244140625,228.1199951171875,217.8800048828125,218.38999938964844,207.68910217285156,44395000.0,0.0,0.0
2020-11-10,MSFT,214.5,216.5,209.72000122070312,211.00999450683594,200.67066955566406,44045100.0,0.0,0.0
2020-11-11,MSFT,212.38999938964844,218.0399932861328,212.1999969482422,216.5500030517578,205.9392547607422,29440800.0,0.0,0.0
2020-11-12,MSFT,217.2100067138672,219.11000061035156,214.4600067138672,215.44000244140625,204.88363647460938,21593900.0,0.0,0.0
2020-11-13,MSFT,216.36000061035156,217.4199981689453,214.16000366210938,216.50999450683594,205.9011993408203,18621100.0,0.0,0.0
2020-11-16,MSFT,214.8699951171875,217.74000549316406,214.52000427246094,217.22999572753906,206.58592224121094,24953300.0,0.0,0.0
2020-11-17,MSFT,216.10000610351562,217.67999267578125,214.0800018310547,214.4600067138672,203.95166015625,24154100.0,0.0,0.0
2020-11-18,MSFT,213.64999389648438,215.1699981689453,210.92999267578125,211.0800018310547,201.2628173828125,28372800.0,0.56,0.0
2020-11-19,MSFT,211.3800048828125,213.02999877929688,209.92999267578125,212.4199981689453,202.54046630859375,24792700.0,0.0,0.0
2020-11-20,MSFT,212.1999969482422,213.2899932861328,210.0,210.38999938964844,200.60488891601562,22843100.0,0.0,0.0
2020-11-23,MSFT,210.9499969482422,212.2899932861328,208.16000366210938,210.11000061035156,200.33792114257812,25683500.0,0.0,0.0
2020-11-24,MSFT,209.58999633789062,214.25,208.86000061035156,213.86000061035156,203.9135284423828,33979700.0,0.0,0.0
2020-11-25,MSFT,215.11000061035156,215.2899932861328,212.4600067138672,213.8699951171875,203.92303466796875,21012900.0,0.0,0.0
2020-11-27,MSFT,214.85000610351562,216.27000427246094,214.0399932861328,215.22999572753906,205.21975708007812,14512200.0,0.0,0.0
2020-11-30,MSFT,214.10000610351562,214.75999450683594,210.83999633789062,214.07000732421875,204.11373901367188,33064800.0,0.0,0.0
2020-12-01,MSFT,214.50999450683594,217.32000732421875,213.35000610351562,216.2100067138672,206.1541748046875,30904500.0,0.0,0.0
2020-12-02,MSFT,214.8800048828125,215.47000122070312,212.8000030517578,215.3699951171875,205.353271484375,23724500.0,0.0,0.0
2020-12-03,MSFT,214.61000061035156,216.3800048828125,213.64999389648438,214.24000549316406,204.27581787109375,25120900.0,0.0,0.0
2020-12-04,MSFT,214.22000122070312,215.3800048828125,213.17999267578125,214.36000061035156,204.39024353027344,24666000.0,0.0,0.0
2020-12-07,MSFT,214.3699951171875,215.5399932861328,212.99000549316406,214.2899932861328,204.323486328125,24620000.0,0.0,0.0
2020-12-08,MSFT,213.97000122070312,216.9499969482422,212.88999938964844,216.00999450683594,205.96353149414062,23284100.0,0.0,0.0
2020-12-09,MSFT,215.16000366210938,215.22999572753906,211.2100067138672,211.8000030517578,201.94931030273438,32440600.0,0.0,0.0
2020-12-10,MSFT,211.77000427246094,213.0800018310547,210.36000061035156,210.52000427246094,200.72886657714844,26733300.0,0.0,0.0
2020-12-11,MSFT,210.0500030517578,213.32000732421875,209.11000061035156,213.25999450683594,203.34140014648438,30979400.0,0.0,0.0
2020-12-14,MSFT,213.10000610351562,216.2100067138672,212.8800048828125,214.1999969482422,204.2377166748047,28798400.0,0.0,0.0
2020-12-15,MSFT,215.1699981689453,215.4199981689453,212.24000549316406,214.1300048828125,204.17095947265625,27000600.0,0.0,0.0
2020-12-16,MSFT,214.75,220.11000061035156,214.72000122070312,219.27999877929688,209.08139038085938,35023300.0,0.0,0.0
2020-12-17,MSFT,219.8699951171875,220.88999938964844,217.9199981689453,219.4199981689453,209.21490478515625,32515800.0,0.0,0.0
2020-12-18,MSFT,218.58999633789062,219.69000244140625,216.02000427246094,218.58999633789062,208.42352294921875,63354900.0,0.0,0.0
2020-12-21,MSFT,217.5500030517578,224.0,217.27999877929688,222.58999633789062,212.23748779296875,37181900.0,0.0,0.0
2020-12-22,MSFT,222.69000244140625,225.6300048828125,221.85000610351562,223.94000244140625,213.5247039794922,22612200.0,0.0,0.0
2020-12-23,MSFT,223.11000061035156,223.55999755859375,220.8000030517578,221.02000427246094,210.74050903320312,18699600.0,0.0,0.0
2020-12-24,MSFT,221.4199981689453,223.61000061035156,221.1999969482422,222.75,212.3900909423828,10550600.0,0.0,0.0
2020-12-28,MSFT,224.4499969482422,226.02999877929688,223.02000427246094,224.9600067138672,214.4972686767578,17933500.0,0.0,0.0
2020-12-29,MSFT,226.30999755859375,227.17999267578125,223.5800018310547,224.14999389648438,213.72494506835938,17403200.0,0.0,0.0
2020-12-30,MSFT,225.22999572753906,225.6300048828125,221.47000122070312,221.67999267578125,211.36976623535156,20272300.0,0.0,0.0
2020-12-31,MSFT,221.6999969482422,223.0,219.67999267578125,222.4199981689453,212.07542419433594,20942100.0,0.0,0.0
2021-01-04,MSFT,222.52999877929688,223.0,214.80999755859375,217.69000244140625,207.56536865234375,37130100.0,0.0,0.0
2021-01-05,MSFT,217.25999450683594,218.52000427246094,215.6999969482422,217.89999389648438,207.76559448242188,23823000.0,0.0,0.0
2021-01-06,MSFT,212.1699981689453,216.49000549316406,211.94000244140625,212.25,202.37841796875,35930700.0,0.0,0.0
2021-01-07,MSFT,214.0399932861328,219.33999633789062,213.7100067138672,218.2899932861328,208.13748168945312,27694500.0,0.0,0.0
2021-01-08,MSFT,218.67999267578125,220.5800018310547,217.02999877929688,219.6199951171875,209.40562438964844,22956200.0,0.0,0.0
2021-01-11,MSFT,218.47000122070312,218.91000366210938,216.72999572753906,217.49000549316406,207.3746795654297,23031300.0,0.0,0.0
2021-01-12,MSFT,216.5,217.10000610351562,213.32000732421875,214.92999267578125,204.93377685546875,23249300.0,0.0,0.0
2021-01-13,MSFT,214.02000427246094,216.75999450683594,213.92999267578125,216.33999633789062,206.27816772460938,20087100.0,0.0,0.0
2021-01-14,MSFT,215.91000366210938,217.4600067138672,212.74000549316406,213.02000427246094,203.112548828125,29480800.0,0.0,0.0
2021-01-15,MSFT,213.52000427246094,214.50999450683594,212.02999877929688,212.64999389648438,202.75979614257812,31746500.0,0.0,0.0
2021-01-19,MSFT,213.75,216.97999572753906,212.6300048828125,216.44000244140625,206.37350463867188,30480900.0,0.0,0.0
2021-01-20,MSFT,217.6999969482422,225.7899932861328,217.2899932861328,224.33999633789062,213.9061279296875,37777300.0,0.0,0.0
2021-01-21,MSFT,224.6999969482422,226.3000030517578,222.4199981689453,224.97000122070312,214.50677490234375,30709400.0,0.0,0.0
2021-01-22,MSFT,227.0800018310547,230.07000732421875,225.8000030517578,225.9499969482422,215.441162109375,30172700.0,0.0,0.0
2021-01-25,MSFT,229.1199951171875,229.77999877929688,224.22000122070312,229.52999877929688,218.8546905517578,33152100.0,0.0,0.0
2021-01-26,MSFT,231.86000061035156,234.17999267578125,230.0800018310547,232.3300018310547,221.52444458007812,49169600.0,0.0,0.0
2021-01-27,MSFT,238.0,240.44000244140625,230.13999938964844,232.89999389648438,222.06796264648438,69870600.0,0.0,0.0
2021-01-28,MSFT,235.61000061035156,242.63999938964844,235.08999633789062,238.92999267578125,227.81752014160156,49111200.0,0.0,0.0
2021-01-29,MSFT,235.99000549316406,238.02000427246094,231.35000610351562,231.9600067138672,221.1717071533203,42503100.0,0.0,0.0
2021-02-01,MSFT,235.05999755859375,242.5,232.42999267578125,239.64999389648438,228.50404357910156,33314200.0,0.0,0.0
2021-02-02,MSFT,241.3000030517578,242.30999755859375,238.69000244140625,239.50999450683594,228.3705291748047,25916300.0,0.0,0.0
2021-02-03,MSFT,239.57000732421875,245.08999633789062,239.25999450683594,243.0,231.6982421875,27158100.0,0.0,0.0
2021-02-04,MSFT,242.66000366210938,243.24000549316406,240.3699951171875,242.00999450683594,230.75424194335938,25296100.0,0.0,0.0
2021-02-05,MSFT,242.22999572753906,243.27999877929688,240.4199981689453,242.1999969482422,230.93544006347656,18054800.0,0.0,0.0
2021-02-08,MSFT,243.14999389648438,243.67999267578125,240.80999755859375,242.47000122070312,231.19287109375,22211900.0,0.0,0.0
2021-02-09,MSFT,241.8699951171875,244.75999450683594,241.3800048828125,243.77000427246094,232.4324188232422,23565000.0,0.0,0.0
2021-02-10,MSFT,245.0,245.9199981689453,240.88999938964844,242.82000732421875,231.52659606933594,22186700.0,0.0,0.0
2021-02-11,MSFT,244.77999877929688,245.14999389648438,242.14999389648438,244.49000549316406,233.1189422607422,15751100.0,0.0,0.0
2021-02-12,MSFT,243.92999267578125,245.3000030517578,242.72999572753906,244.99000549316406,233.59571838378906,16561100.0,0.0,0.0
2021-02-16,MSFT,245.02999877929688,246.1300048828125,242.9199981689453,243.6999969482422,232.36566162109375,26728500.0,0.0,0.0
2021-02-17,MSFT,241.32000732421875,244.30999755859375,240.94000244140625,244.1999969482422,233.37867736816406,21653500.0,0.56,0.0
2021-02-18,MSFT,241.8000030517578,243.92999267578125,240.86000061035156,243.7899932861328,232.98681640625,16925600.0,0.0,0.0
2021-02-19,MSFT,243.75,243.86000061035156,240.17999267578125,240.97000122070312,230.29180908203125,25262600.0,0.0,0.0
2021-02-22,MSFT,237.4199981689453,237.92999267578125,232.39999389648438,234.50999450683594,224.11810302734375,36446900.0,0.0,0.0
2021-02-23,MSFT,230.3300018310547,234.8300018310547,228.72999572753906,233.27000427246094,222.93304443359375,30228700.0,0.0,0.0
2021-02-24,MSFT,230.00999450683594,235.1999969482422,229.0,234.5500030517578,224.1563262939453,26339700.0,0.0,0.0
2021-02-25,MSFT,232.0800018310547,234.58999633789062,227.8800048828125,228.99000549316406,218.8426971435547,39542200.0,0.0,0.0
2021-02-26,MSFT,231.52999877929688,235.3699951171875,229.5399932861328,232.3800048828125,222.08250427246094,37819200.0,0.0,0.0
2021-03-01,MSFT,235.89999389648438,237.47000122070312,233.14999389648438,236.94000244140625,226.44044494628906,25324000.0,0.0,0.0
2021-03-02,MSFT,237.00999450683594,237.3000030517578,233.4499969482422,233.8699951171875,223.50643920898438,22812500.0,0.0,0.0
2021-03-03,MSFT,232.16000366210938,233.5800018310547,227.25999450683594,227.55999755859375,217.47604370117188,34029500.0,0.0,0.0
2021-03-04,MSFT,226.74000549316406,232.49000549316406,224.25999450683594,226.72999572753906,216.682861328125,44727800.0,0.0,0.0
2021-03-05,MSFT,229.52000427246094,233.27000427246094,226.4600067138672,231.60000610351562,221.33705139160156,41872800.0,0.0,0.0
2021-03-08,MSFT,231.3699951171875,233.3699951171875,227.1300048828125,227.38999938964844,217.31361389160156,35267400.0,0.0,0.0
2021-03-09,MSFT,232.8800048828125,235.3800048828125,231.6699981689453,233.77999877929688,223.4204864501953,33080500.0,0.0,0.0
2021-03-10,MSFT,237.0,237.0,232.0399932861328,232.4199981689453,222.12071228027344,29746800.0,0.0,0.0
2021-03-11,MSFT,234.9600067138672,239.1699981689453,234.30999755859375,237.1300048828125,226.6220245361328,29907600.0,0.0,0.0
2021-03-12,MSFT,234.00999450683594,235.82000732421875,233.22999572753906,235.75,225.30311584472656,22653700.0,0.0,0.0
2021-03-15,MSFT,234.9600067138672,235.19000244140625,231.80999755859375,234.80999755859375,224.40480041503906,26034900.0,0.0,0.0
2021-03-16,MSFT,236.27999877929688,240.05999755859375,235.94000244140625,237.7100067138672,227.17628479003906,28092200.0,0.0,0.0
2021-03-17,MSFT,236.14999389648438,238.5500030517578,233.22999572753906,237.0399932861328,226.53594970703125,29562100.0,0.0,0.0
2021-03-18,MSFT,232.55999755859375,234.19000244140625,230.3300018310547,230.72000122070312,220.49606323242188,34833000.0,0.0,0.0
2021-03-19,MSFT,231.02000427246094,232.47000122070312,229.35000610351562,230.35000610351562,220.14242553710938,46430700.0,0.0,0.0
2021-03-22,MSFT,230.27000427246094,236.89999389648438,230.13999938964844,235.99000549316406,225.5325164794922,30127000.0,0.0,0.0
2021-03-23,MSFT,237.49000549316406,241.0500030517578,237.07000732421875,237.5800018310547,227.05203247070312,31638400.0,0.0,0.0
2021-03-24,MSFT,237.85000610351562,238.0,235.32000732421875,235.4600067138672,225.02598571777344,25620100.0,0.0,0.0
2021-03-25,MSFT,235.3000030517578,236.94000244140625,231.57000732421875,232.33999633789062,222.0442352294922,34061900.0,0.0,0.0
2021-03-26,MSFT,231.5500030517578,236.7100067138672,231.5500030517578,236.47999572753906,226.0008087158203,25479900.0,0.0,0.0
2021-03-29,MSFT,236.58999633789062,236.8000030517578,231.8800048828125,235.24000549316406,224.8157501220703,25227500.0,0.0,0.0
2021-03-30,MSFT,233.52999877929688,233.85000610351562,231.10000610351562,231.85000610351562,221.5760040283203,24792000.0,0.0,0.0
2021-03-31,MSFT,232.91000366210938,239.10000610351562,232.38999938964844,235.77000427246094,225.32223510742188,43623500.0,0.0,0.0
2021-04-01,MSFT,238.47000122070312,242.83999633789062,238.0500030517578,242.35000610351562,231.61068725585938,30338000.0,0.0,0.0
2021-04-05,MSFT,242.75999450683594,249.9600067138672,242.6999969482422,249.07000732421875,238.03289794921875,36910600.0,0.0,0.0
2021-04-06,MSFT,247.61000061035156,249.39999389648438,246.8800048828125,247.86000061035156,236.8765106201172,22931900.0,0.0,0.0
2021-04-07,MSFT,247.80999755859375,250.92999267578125,247.19000244140625,249.89999389648438,238.8260955810547,22719800.0,0.0,0.0
2021-04-08,MSFT,252.77000427246094,254.13999938964844,252.0,253.25,242.02767944335938,23625200.0,0.0,0.0
2021-04-09,MSFT,252.8699951171875,255.99000549316406,252.44000244140625,255.85000610351562,244.51246643066406,24326800.0,0.0,0.0
2021-04-12,MSFT,254.7100067138672,257.6700134277344,254.6199951171875,255.91000366210938,244.56980895996094,27148700.0,0.0,0.0
2021-04-13,MSFT,257.260009765625,259.19000244140625,256.8299865722656,258.489990234375,247.03543090820312,23837500.0,0.0,0.0
2021-04-14,MSFT,257.4800109863281,258.8299865722656,255.16000366210938,255.58999633789062,244.26394653320312,23070900.0,0.0,0.0
2021-04-15,MSFT,257.92999267578125,259.92999267578125,257.7300109863281,259.5,248.0006561279297,25627500.0,0.0,0.0
2021-04-16,MSFT,259.4700012207031,261.0,257.6000061035156,260.739990234375,249.18569946289062,24878600.0,0.0,0.0
2021-04-19,MSFT,260.19000244140625,261.4800109863281,257.82000732421875,258.739990234375,247.2743682861328,23209300.0,0.0,0.0
2021-04-20,MSFT,257.82000732421875,260.20001220703125,256.8399963378906,258.260009765625,246.81564331054688,19722900.0,0.0,0.0
2021-04-21,MSFT,258.94000244140625,260.67999267578125,257.25,260.5799865722656,249.03286743164062,24030400.0,0.0,0.0
2021-04-22,MSFT,260.2099914550781,261.7799987792969,255.63999938964844,257.1700134277344,245.77395629882812,25606200.0,0.0,0.0
2021-04-23,MSFT,257.8800048828125,261.510009765625,257.2699890136719,261.1499938964844,249.5775909423828,21462600.0,0.0,0.0
2021-04-26,MSFT,261.6600036621094,262.44000244140625,260.1700134277344,261.54998779296875,249.95989990234375,19763300.0,0.0,0.0
2021-04-27,MSFT,261.5799865722656,263.19000244140625,260.1199951171875,261.9700012207031,250.36123657226562,31014200.0,0.0,0.0
2021-04-28,MSFT,256.0799865722656,256.5400085449219,252.9499969482422,254.55999755859375,243.27960205078125,46903100.0,0.0,0.0
2021-04-29,MSFT,255.4600067138672,256.1000061035156,249.0,252.50999450683594,241.32046508789062,40589000.0,0.0,0.0
2021-04-30,MSFT,249.74000549316406,253.0800018310547,249.60000610351562,252.17999267578125,241.00506591796875,30945100.0,0.0,0.0
2021-05-03,MSFT,253.39999389648438,254.35000610351562,251.1199951171875,251.86000061035156,240.6992645263672,19626600.0,0.0,0.0
2021-05-04,MSFT,250.97000122070312,251.2100067138672,245.75999450683594,247.7899932861328,236.80958557128906,32756100.0,0.0,0.0
2021-05-05,MSFT,249.05999755859375,249.5,245.82000732421875,246.47000122070312,235.5481414794922,21901300.0,0.0,0.0
2021-05-06,MSFT,246.4499969482422,249.86000061035156,244.69000244140625,249.72999572753906,238.66363525390625,26491100.0,0.0,0.0
2021-05-07,MSFT,252.14999389648438,254.3000030517578,251.1699981689453,252.4600067138672,241.2726593017578,27032900.0,0.0,0.0
2021-05-10,MSFT,250.8699951171875,251.72999572753906,247.1199951171875,247.17999267578125,236.22662353515625,29299900.0,0.0,0.0
2021-05-11,MSFT,244.5500030517578,246.60000610351562,242.57000732421875,246.22999572753906,235.31874084472656,33641600.0,0.0,0.0
2021-05-12,MSFT,242.1699981689453,244.3800048828125,238.07000732421875,239.0,228.40916442871094,36684400.0,0.0,0.0
2021-05-13,MSFT,241.8000030517578,245.60000610351562,241.4199981689453,243.02999877929688,232.2605438232422,29624300.0,0.0,0.0
2021-05-14,MSFT,245.5800018310547,249.17999267578125,245.49000549316406,248.14999389648438,237.15362548828125,23901100.0,0.0,0.0
2021-05-17,MSFT,246.5500030517578,246.58999633789062,243.52000427246094,245.17999267578125,234.31527709960938,24970200.0,0.0,0.0
2021-05-18,MSFT,246.27000427246094,246.41000366210938,242.89999389648438,243.0800018310547,232.30828857421875,20168000.0,0.0,0.0
2021-05-19,MSFT,239.30999755859375,243.22999572753906,238.60000610351562,243.1199951171875,232.8830108642578,25739800.0,0.56,0.0
2021-05-20,MSFT,243.9600067138672,247.9499969482422,243.86000061035156,246.47999572753906,236.10157775878906,21800700.0,0.0,0.0
2021-05-21,MSFT,247.57000732421875,248.3300018310547,244.74000549316406,245.1699981689453,234.8467559814453,21863100.0,0.0,0.0
2021-05-24,MSFT,247.7899932861328,251.16000366210938,247.50999450683594,250.77999877929688,240.2205047607422,21411500.0,0.0,0.0
2021-05-25,MSFT,251.77000427246094,252.75,250.82000732421875,251.72000122070312,241.12094116210938,17704300.0,0.0,0.0
2021-05-26,MSFT,251.42999267578125,252.94000244140625,250.75,251.49000549316406,240.90065002441406,17771600.0,0.0,0.0
2021-05-27,MSFT,251.1699981689453,251.47999572753906,249.25,249.30999755859375,238.81240844726562,24426200.0,0.0,0.0
2021-05-28,MSFT,251.0,252.0800018310547,249.55999755859375,249.67999267578125,239.16680908203125,18270200.0,0.0,0.0
2021-06-01,MSFT,251.22999572753906,251.2899932861328,246.9600067138672,247.39999389648438,236.98284912109375,23213300.0,0.0,0.0
2021-06-02,MSFT,248.1300048828125,249.27000427246094,245.83999633789062,247.3000030517578,236.88705444335938,19406700.0,0.0,0.0
2021-06-03,MSFT,245.22000122070312,246.33999633789062,243.0,245.7100067138672,235.364013671875,25307700.0,0.0,0.0
2021-06-04,MSFT,247.75999450683594,251.64999389648438,247.50999450683594,250.7899932861328,240.2301025390625,25281100.0,0.0,0.0
2021-06-07,MSFT,249.97999572753906,254.08999633789062,249.80999755859375,253.80999755859375,243.12295532226562,23079200.0,0.0,0.0
2021-06-08,MSFT,255.16000366210938,256.010009765625,252.50999450683594,252.57000732421875,241.93516540527344,22455000.0,0.0,0.0
2021-06-09,MSFT,253.80999755859375,255.52999877929688,253.2100067138672,253.58999633789062,242.9122314453125,17937600.0,0.0,0.0
2021-06-10,MSFT,254.2899932861328,257.4599914550781,253.6699981689453,257.239990234375,246.40850830078125,24563600.0,0.0,0.0
2021-06-11,MSFT,257.989990234375,258.489990234375,256.6099853515625,257.8900146484375,247.0312042236328,18999700.0,0.0,0.0
2021-06-14,MSFT,257.8999938964844,259.95001220703125,256.79998779296875,259.8900146484375,248.94691467285156,19150500.0,0.0,0.0
2021-06-15,MSFT,259.7699890136719,259.989990234375,257.67999267578125,258.3599853515625,247.48135375976562,18038900.0,0.0,0.0
2021-06-16,MSFT,259.3999938964844,260.5799865722656,254.4199981689453,257.3800048828125,246.54261779785156,27220000.0,0.0,0.0
2021-06-17,MSFT,256.07000732421875,261.75,256.010009765625,260.8999938964844,249.91444396972656,27565500.0,0.0,0.0
2021-06-18,MSFT,259.6300048828125,262.29998779296875,258.75,259.42999267578125,248.50631713867188,37202200.0,0.0,0.0
2021-06-21,MSFT,259.82000732421875,263.5199890136719,257.9200134277344,262.6300048828125,251.57159423828125,26696100.0,0.0,0.0
2021-06-22,MSFT,262.7200012207031,265.7900085449219,262.3999938964844,265.510009765625,254.33026123046875,24694100.0,0.0,0.0
2021-06-23,MSFT,265.989990234375,266.8299865722656,264.42999267578125,265.2699890136719,254.10037231445312,19518700.0,0.0,0.0
2021-06-24,MSFT,266.1600036621094,267.8500061035156,265.4700012207031,266.69000244140625,255.46054077148438,21446900.0,0.0,0.0
2021-06-25,MSFT,266.2300109863281,267.25,264.760009765625,265.0199890136719,253.8609161376953,25611100.0,0.0,0.0
2021-06-28,MSFT,266.19000244140625,268.8999938964844,265.9100036621094,268.7200012207031,257.4051513671875,19590000.0,0.0,0.0
2021-06-29,MSFT,268.8699951171875,271.6499938964844,267.9800109863281,271.3999938964844,259.97222900390625,19937800.0,0.0,0.0
2021-06-30,MSFT,270.69000244140625,271.3599853515625,269.6000061035156,270.8999938964844,259.49334716796875,21656500.0,0.0,0.0
2021-07-01,MSFT,269.6099853515625,271.8399963378906,269.6000061035156,271.6000061035156,260.1639099121094,16725300.0,0.0,0.0
2021-07-02,MSFT,272.82000732421875,278.0,272.5,277.6499938964844,265.95916748046875,26458000.0,0.0,0.0
2021-07-06,MSFT,278.0299987792969,279.3699951171875,274.29998779296875,277.6600036621094,265.9687194824219,31565600.0,0.0,0.0
2021-07-07,MSFT,279.3999938964844,280.69000244140625,277.1499938964844,279.92999267578125,268.14312744140625,23260000.0,0.0,0.0
2021-07-08,MSFT,276.8999938964844,278.7300109863281,274.8699951171875,277.4200134277344,265.73876953125,24618600.0,0.0,0.0
2021-07-09,MSFT,275.7200012207031,278.04998779296875,275.32000732421875,277.94000244140625,266.2369079589844,23916700.0,0.0,0.0
2021-07-12,MSFT,279.1600036621094,279.7699890136719,276.5799865722656,277.32000732421875,265.6430358886719,18931700.0,0.0,0.0
2021-07-13,MSFT,277.5199890136719,282.8500061035156,277.3900146484375,280.9800109863281,269.1489562988281,26120100.0,0.0,0.0
2021-07-14,MSFT,282.3500061035156,283.6600036621094,280.54998779296875,282.510009765625,270.6144714355469,23113700.0,0.0,0.0
2021-07-15,MSFT,282.0,282.510009765625,279.8299865722656,281.0299987792969,269.1968078613281,22604200.0,0.0,0.0
2021-07-16,MSFT,282.07000732421875,284.1000061035156,279.4599914550781,280.75,268.92864990234375,26186800.0,0.0,0.0
2021-07-19,MSFT,278.92999267578125,280.3699951171875,274.45001220703125,277.010009765625,265.3460998535156,32935600.0,0.0,0.0
2021-07-20,MSFT,278.0299987792969,280.9700012207031,276.260009765625,279.32000732421875,267.5588684082031,26259700.0,0.0,0.0
2021-07-21,MSFT,278.8999938964844,281.5199890136719,277.2900085449219,281.3999938964844,269.5511779785156,24364300.0,0.0,0.0
2021-07-22,MSFT,283.8399963378906,286.4200134277344,283.4200134277344,286.1400146484375,274.0917053222656,23384100.0,0.0,0.0
2021-07-23,MSFT,287.3699951171875,289.989990234375,286.5,289.6700134277344,277.4730529785156,22768100.0,0.0,0.0
2021-07-26,MSFT,289.0,289.69000244140625,286.6400146484375,289.04998779296875,276.87908935546875,23176100.0,0.0,0.0
2021-07-27,MSFT,289.42999267578125,289.5799865722656,282.95001220703125,286.5400085449219,274.47479248046875,33604100.0,0.0,0.0
2021-07-28,MSFT,288.989990234375,290.1499938964844,283.8299865722656,286.2200012207031,274.1681823730469,33566900.0,0.0,0.0
2021-07-29,MSFT,286.239990234375,288.6199951171875,286.0799865722656,286.5,274.43646240234375,18168300.0,0.0,0.0
2021-07-30,MSFT,285.1700134277344,286.6600036621094,283.9100036621094,284.9100036621094,272.9134216308594,20944800.0,0.0,0.0
2021-08-02,MSFT,286.3599853515625,286.7699890136719,283.739990234375,284.82000732421875,272.82720947265625,16267400.0,0.0,0.0
2021-08-03,MSFT,285.4200134277344,287.2300109863281,284.0,287.1199951171875,275.03033447265625,17879000.0,0.0,0.0
2021-08-04,MSFT,286.2200012207031,287.5899963378906,284.6499938964844,286.510009765625,274.4460144042969,16191300.0,0.0,0.0
2021-08-05,MSFT,286.8800048828125,289.6300048828125,286.1000061035156,289.5199890136719,277.32928466796875,13900200.0,0.0,0.0
2021-08-06,MSFT,288.510009765625,289.5,287.6199951171875,289.4599914550781,277.2718200683594,16589300.0,0.0,0.0
2021-08-09,MSFT,289.75,291.54998779296875,287.80999755859375,288.3299865722656,276.189453125,16117600.0,0.0,0.0
2021-08-10,MSFT,288.79998779296875,289.25,285.20001220703125,286.44000244140625,274.3790588378906,18616600.0,0.0,0.0
2021-08-11,MSFT,287.2099914550781,288.6600036621094,285.8599853515625,286.95001220703125,274.8675842285156,13955900.0,0.0,0.0
2021-08-12,MSFT,286.6300048828125,289.9700012207031,286.3399963378906,289.80999755859375,277.6070861816406,14561300.0,0.0,0.0
2021-08-13,MSFT,289.4800109863281,292.8999938964844,289.29998779296875,292.8500061035156,280.5191345214844,18249000.0,0.0,0.0
2021-08-16,MSFT,293.19000244140625,294.82000732421875,290.0199890136719,294.6000061035156,282.1954040527344,22507600.0,0.0,0.0
2021-08-17,MSFT,292.3900146484375,293.42999267578125,291.0799865722656,293.0799865722656,280.7393798828125,20075300.0,0.0,0.0
2021-08-18,MSFT,292.0400085449219,294.82000732421875,290.2699890136719,290.7300109863281,279.0215148925781,21813000.0,0.56,0.0
2021-08-19,MSFT,288.69000244140625,297.4700012207031,288.6400146484375,296.7699890136719,284.8182067871094,29850500.0,0.0,0.0
2021-08-20,MSFT,299.7200012207031,305.8399963378906,298.05999755859375,304.3599853515625,292.1025695800781,40817600.0,0.0,0.0
2021-08-23,MSFT,303.25,305.3999938964844,301.8500061035156,304.6499938964844,292.3808288574219,22830200.0,0.0,0.0
2021-08-24,MSFT,305.0199890136719,305.6499938964844,302.0,302.6199951171875,290.4325866699219,18175800.0,0.0,0.0
2021-08-25,MSFT,304.29998779296875,304.5899963378906,300.4200134277344,302.010009765625,289.84722900390625,20006100.0,0.0,0.0
2021-08-26,MSFT,300.989990234375,302.42999267578125,298.95001220703125,299.0899963378906,287.0447998046875,17666100.0,0.0,0.0
2021-08-27,MSFT,298.989990234375,300.8699951171875,296.8299865722656,299.7200012207031,287.6494140625,22605700.0,0.0,0.0
2021-08-30,MSFT,301.1199951171875,304.2200012207031,301.05999755859375,303.5899963378906,291.3636779785156,16348100.0,0.0,0.0
2021-08-31,MSFT,304.4200134277344,304.5,301.5,301.8800048828125,289.7225036621094,26285300.0,0.0,0.0
2021-09-01,MSFT,302.8699951171875,305.19000244140625,301.489990234375,301.8299865722656,289.6744384765625,18983800.0,0.0,0.0
2021-09-02,MSFT,302.20001220703125,303.3599853515625,300.17999267578125,301.1499938964844,289.0218811035156,16285600.0,0.0,0.0
2021-09-03,MSFT,300.989990234375,302.6000061035156,300.260009765625,301.1400146484375,289.0122985839844,14747900.0,0.0,0.0
2021-09-07,MSFT,301.010009765625,301.0899963378906,298.20001220703125,300.17999267578125,288.0909118652344,17180400.0,0.0,0.0
2021-09-08,MSFT,299.7799987792969,300.6099853515625,297.4700012207031,300.2099914550781,288.11968994140625,15046800.0,0.0,0.0
2021-09-09,MSFT,300.82000732421875,302.1400146484375,297.0,297.25,285.2789306640625,19927000.0,0.0,0.0
2021-09-10,MSFT,298.4200134277344,299.9200134277344,295.3800048828125,295.7099914550781,283.8009948730469,19633400.0,0.0,0.0
2021-09-13,MSFT,297.54998779296875,298.5400085449219,294.0799865722656,296.989990234375,285.0294189453125,23652900.0,0.0,0.0
2021-09-14,MSFT,299.55999755859375,301.3900146484375,298.1000061035156,299.7900085449219,287.7167053222656,21853400.0,0.0,0.0
2021-09-15,MSFT,303.260009765625,305.32000732421875,301.82000732421875,304.82000732421875,292.5440979003906,28356300.0,0.0,0.0
2021-09-16,MSFT,303.760009765625,305.30999755859375,300.760009765625,305.2200012207031,292.9279479980469,19550800.0,0.0,0.0
2021-09-17,MSFT,304.1700134277344,304.5,299.5299987792969,299.8699951171875,287.7934265136719,41372500.0,0.0,0.0
2021-09-20,MSFT,296.3299865722656,298.7200012207031,289.5199890136719,294.29998779296875,282.4477844238281,38278700.0,0.0,0.0
2021-09-21,MSFT,295.69000244140625,297.5400085449219,294.07000732421875,294.79998779296875,282.9276123046875,22364100.0,0.0,0.0
2021-09-22,MSFT,296.7300109863281,300.2200012207031,294.510009765625,298.5799865722656,286.55535888671875,26626300.0,0.0,0.0
2021-09-23,MSFT,298.8500061035156,300.8999938964844,297.5299987792969,299.55999755859375,287.49591064453125,18604600.0,0.0,0.0
2021-09-24,MSFT,298.2300109863281,299.79998779296875,296.92999267578125,299.3500061035156,287.29437255859375,14999000.0,0.0,0.0
2021-09-27,MSFT,296.1400146484375,296.4700012207031,292.94000244140625,294.1700134277344,282.3229675292969,23571700.0,0.0,0.0
2021-09-28,MSFT,289.79998779296875,290.7799987792969,282.75,283.5199890136719,272.1019287109375,43186200.0,0.0,0.0
2021-09-29,MSFT,285.1000061035156,286.7699890136719,283.010009765625,284.0,272.56256103515625,26353700.0,0.0,0.0
2021-09-30,MSFT,285.7099914550781,287.8299865722656,281.6199951171875,281.9200134277344,270.5663146972656,32343600.0,0.0,0.0
2021-10-01,MSFT,282.1199951171875,289.9800109863281,281.2900085449219,289.1000061035156,277.45721435546875,30086300.0,0.0,0.0
2021-10-04,MSFT,287.3999938964844,287.75,280.25,283.1099853515625,271.7083435058594,31350700.0,0.0,0.0
2021-10-05,MSFT,284.04998779296875,290.3999938964844,284.04998779296875,288.760009765625,277.1308898925781,24993000.0,0.0,0.0
2021-10-06,MSFT,285.7799987792969,293.6300048828125,285.510009765625,293.1099853515625,281.3056945800781,28002600.0,0.0,0.0
2021-10-07,MSFT,295.17999267578125,296.6400146484375,293.9200134277344,294.8500061035156,282.9756164550781,20430500.0,0.0,0.0
2021-10-08,MSFT,296.2200012207031,296.6400146484375,293.760009765625,294.8500061035156,282.9756164550781,17685700.0,0.0,0.0
2021-10-11,MSFT,292.9200134277344,297.9700012207031,292.75,294.2300109863281,282.3805236816406,19298600.0,0.0,0.0
2021-10-12,MSFT,295.3399963378906,295.44000244140625,292.3500061035156,292.8800048828125,281.0849304199219,17974100.0,0.0,0.0
2021-10-13,MSFT,294.9100036621094,297.2799987792969,293.489990234375,296.30999755859375,284.3768310546875,23416300.0,0.0,0.0
2021-10-14,MSFT,299.2099914550781,303.2699890136719,297.8299865722656,302.75,290.5574645996094,27262900.0,0.0,0.0
2021-10-15,MSFT,302.3399963378906,304.45001220703125,300.5199890136719,304.2099914550781,291.9585876464844,25384800.0,0.0,0.0
2021-10-18,MSFT,303.57000732421875,308.2099914550781,302.69000244140625,307.2900085449219,294.91461181640625,22729300.0,0.0,0.0
2021-10-19,MSFT,308.3500061035156,309.29998779296875,307.2200012207031,308.2300109863281,295.81671142578125,17682100.0,0.0,0.0
2021-10-20,MSFT,309.2099914550781,309.70001220703125,306.1099853515625,307.4100036621094,295.02972412109375,16537100.0,0.0,0.0
2021-10-21,MSFT,307.1700134277344,311.0199890136719,306.3599853515625,310.760009765625,298.2448425292969,16918100.0,0.0,0.0
2021-10-22,MSFT,310.3999938964844,311.0899963378906,307.79998779296875,309.1600036621094,296.709228515625,17449300.0,0.0,0.0
2021-10-25,MSFT,309.3599853515625,309.3999938964844,306.4599914550781,308.1300048828125,295.72076416015625,17554500.0,0.0,0.0
2021-10-26,MSFT,311.0,312.3999938964844,308.6000061035156,310.1099853515625,297.6209716796875,28107300.0,0.0,0.0
2021-10-27,MSFT,316.0,326.1000061035156,316.0,323.1700134277344,310.155029296875,52588700.0,0.0,0.0
2021-10-28,MSFT,324.3299865722656,324.8699951171875,321.3599853515625,324.3500061035156,311.28759765625,26297900.0,0.0,0.0
2021-10-29,MSFT,324.1300048828125,332.0,323.8999938964844,331.6199951171875,318.2647399902344,34766000.0,0.0,0.0
2021-11-01,MSFT,331.3599853515625,331.489990234375,326.3699951171875,329.3699951171875,316.10540771484375,27073200.0,0.0,0.0
2021-11-02,MSFT,330.30999755859375,333.45001220703125,330.0,333.1300048828125,319.7139892578125,26487100.0,0.0,0.0
2021-11-03,MSFT,333.8999938964844,334.8999938964844,330.6499938964844,334.0,320.5489196777344,21500100.0,0.0,0.0
2021-11-04,MSFT,332.8900146484375,336.5400085449219,329.510009765625,336.44000244140625,322.8906555175781,23992200.0,0.0,0.0
2021-11-05,MSFT,338.510009765625,338.7900085449219,334.4200134277344,336.05999755859375,322.52593994140625,22570100.0,0.0,0.0
2021-11-08,MSFT,337.29998779296875,337.6499938964844,334.44000244140625,336.989990234375,323.4185485839844,20897000.0,0.0,0.0
2021-11-09,MSFT,337.1099853515625,338.7200012207031,334.5299987792969,335.95001220703125,322.4204406738281,21307400.0,0.0,0.0
2021-11-10,MSFT,334.57000732421875,334.6300048828125,329.9200134277344,330.79998779296875,317.477783203125,25500900.0,0.0,0.0
2021-11-11,MSFT,331.25,333.7699890136719,330.510009765625,332.42999267578125,319.0421142578125,16849800.0,0.0,0.0
2021-11-12,MSFT,333.9200134277344,337.2300109863281,333.7900085449219,336.7200012207031,323.1593017578125,23831000.0,0.0,0.0
2021-11-15,MSFT,337.5400085449219,337.8800048828125,334.0299987792969,336.07000732421875,322.53558349609375,16723000.0,0.0,0.0
2021-11-16,MSFT,335.67999267578125,340.6700134277344,335.510009765625,339.510009765625,325.83697509765625,20886800.0,0.0,0.0
2021-11-17,MSFT,338.94000244140625,342.19000244140625,338.0,339.1199951171875,326.05816650390625,19053400.0,0.62,0.0
2021-11-18,MSFT,338.17999267578125,342.45001220703125,337.1199951171875,341.2699890136719,328.1253356933594,22463500.0,0.0,0.0
2021-11-19,MSFT,342.6400146484375,345.1000061035156,342.20001220703125,343.1099853515625,329.8945007324219,21963400.0,0.0,0.0
2021-11-22,MSFT,344.6199951171875,349.6700134277344,339.54998779296875,339.8299865722656,326.7407531738281,31031100.0,0.0,0.0
2021-11-23,MSFT,337.04998779296875,339.45001220703125,333.55999755859375,337.67999267578125,324.6736145019531,30427600.0,0.0,0.0
2021-11-24,MSFT,336.2799987792969,338.1600036621094,333.9100036621094,337.9100036621094,324.894775390625,21661300.0,0.0,0.0
2021-11-26,MSFT,334.3500061035156,337.92999267578125,328.1199951171875,329.67999267578125,316.9816589355469,24217200.0,0.0,0.0
2021-11-29,MSFT,334.94000244140625,339.0299987792969,334.739990234375,336.6300048828125,323.66412353515625,28563500.0,0.0,0.0
2021-11-30,MSFT,335.32000732421875,337.7799987792969,328.989990234375,330.5899963378906,317.856689453125,42885600.0,0.0,0.0
2021-12-01,MSFT,335.1300048828125,339.2799987792969,329.3900146484375,330.0799865722656,317.3663024902344,33337600.0,0.0,0.0
2021-12-02,MSFT,330.29998779296875,333.489990234375,327.79998779296875,329.489990234375,316.7991027832031,30766000.0,0.0,0.0
2021-12-03,MSFT,331.989990234375,332.70001220703125,318.0299987792969,323.010009765625,310.5686950683594,41779300.0,0.0,0.0
2021-12-06,MSFT,323.95001220703125,327.45001220703125,319.2300109863281,326.19000244140625,313.6261291503906,30032600.0,0.0,0.0
2021-12-07,MSFT,331.6400146484375,335.79998779296875,330.1000061035156,334.9200134277344,322.0199279785156,31021900.0,0.0,0.0
2021-12-08,MSFT,335.30999755859375,335.5,330.79998779296875,334.9700012207031,322.0680236816406,24761000.0,0.0,0.0
2021-12-09,MSFT,334.4100036621094,336.489990234375,332.1199951171875,333.1000061035156,320.2700500488281,22214200.0,0.0,0.0
2021-12-10,MSFT,334.9800109863281,343.0,334.7900085449219,342.5400085449219,329.346435546875,38095700.0,0.0,0.0
2021-12-13,MSFT,340.67999267578125,343.7900085449219,339.0799865722656,339.3999938964844,326.3273620605469,28899400.0,0.0,0.0
2021-12-14,MSFT,333.2200012207031,334.6400146484375,324.1099853515625,328.3399963378906,315.693359375,44438700.0,0.0,0.0
2021-12-15,MSFT,328.6099853515625,335.19000244140625,324.5,334.6499938964844,321.76031494140625,35381100.0,0.0,0.0
2021-12-16,MSFT,335.7099914550781,336.760009765625,323.0199890136719,324.8999938964844,312.3858337402344,35034800.0,0.0,0.0
2021-12-17,MSFT,320.8800048828125,324.9200134277344,317.25,323.79998779296875,311.3282165527344,47750300.0,0.0,0.0
2021-12-20,MSFT,320.04998779296875,322.79998779296875,317.57000732421875,319.9100036621094,307.5881042480469,28326500.0,0.0,0.0
2021-12-21,MSFT,323.2900085449219,327.7300109863281,319.79998779296875,327.2900085449219,314.6838684082031,24740600.0,0.0,0.0
2021-12-22,MSFT,328.29998779296875,333.6099853515625,325.75,333.20001220703125,320.3662109375,24831500.0,0.0,0.0
2021-12-23,MSFT,332.75,336.3900146484375,332.7300109863281,334.69000244140625,321.7987976074219,19617800.0,0.0,0.0
2021-12-27,MSFT,335.4599914550781,342.4800109863281,335.42999267578125,342.45001220703125,329.2598571777344,19947000.0,0.0,0.0
2021-12-28,MSFT,343.1499938964844,343.80999755859375,340.32000732421875,341.25,328.1060791015625,15661500.0,0.0,0.0
2021-12-29,MSFT,341.29998779296875,344.29998779296875,339.67999267578125,341.95001220703125,328.7791442871094,15042000.0,0.0,0.0
2021-12-30,MSFT,341.9100036621094,343.1300048828125,338.82000732421875,339.32000732421875,326.2503967285156,15994500.0,0.0,0.0
2021-12-31,MSFT,338.510009765625,339.3599853515625,335.8500061035156,336.32000732421875,323.36602783203125,18000800.0,0.0,0.0
2022-01-03,MSFT,335.3500061035156,338.0,329.7799987792969,334.75,321.85650634765625,28865100.0,0.0,0.0
2022-01-04,MSFT,334.8299865722656,335.20001220703125,326.1199951171875,329.010009765625,316.33758544921875,32674300.0,0.0,0.0
2022-01-05,MSFT,325.8599853515625,326.07000732421875,315.9800109863281,316.3800048828125,304.19403076171875,40054300.0,0.0,0.0
2022-01-06,MSFT,313.1499938964844,318.70001220703125,311.489990234375,313.8800048828125,301.79034423828125,39646100.0,0.0,0.0
2022-01-07,MSFT,314.1499938964844,316.5,310.0899963378906,314.0400085449219,301.94415283203125,32720000.0,0.0,0.0
2022-01-10,MSFT,309.489990234375,314.7200012207031,304.69000244140625,314.2699890136719,302.165283203125,44289500.0,0.0,0.0
2022-01-11,MSFT,313.3800048828125,316.6099853515625,309.8900146484375,314.9800109863281,302.84796142578125,29386800.0,0.0,0.0
2022-01-12,MSFT,319.6700134277344,323.4100036621094,317.0799865722656,318.2699890136719,306.0111999511719,34372200.0,0.0,0.0
2022-01-13,MSFT,320.4700012207031,320.8800048828125,304.0,304.79998779296875,293.05999755859375,45366000.0,0.0,0.0
2022-01-14,MSFT,304.25,310.82000732421875,303.75,310.20001220703125,298.2520446777344,39846400.0,0.0,0.0
2022-01-18,MSFT,304.07000732421875,309.79998779296875,301.739990234375,302.6499938964844,290.9927978515625,42333200.0,0.0,0.0
2022-01-19,MSFT,306.2900085449219,313.9100036621094,302.70001220703125,303.3299865722656,291.6466369628906,45933900.0,0.0,0.0
2022-01-20,MSFT,309.07000732421875,311.6499938964844,301.1400146484375,301.6000061035156,289.98333740234375,35380700.0,0.0,0.0
2022-01-21,MSFT,302.69000244140625,304.1099853515625,295.6099853515625,296.0299987792969,284.62786865234375,57984400.0,0.0,0.0
2022-01-24,MSFT,292.20001220703125,297.1099853515625,276.04998779296875,296.3699951171875,284.9548034667969,85731500.0,0.0,0.0
2022-01-25,MSFT,291.5199890136719,294.989990234375,285.1700134277344,288.489990234375,277.3782653808594,72848600.0,0.0,0.0
2022-01-26,MSFT,307.989990234375,308.5,293.0299987792969,296.7099914550781,285.2816162109375,90428900.0,0.0,0.0
2022-01-27,MSFT,302.6600036621094,307.29998779296875,297.92999267578125,299.8399963378906,288.29107666015625,53481300.0,0.0,0.0
2022-01-28,MSFT,300.2300109863281,308.4800109863281,294.45001220703125,308.260009765625,296.38677978515625,49743700.0,0.0,0.0
2022-01-31,MSFT,308.95001220703125,312.3800048828125,306.3699951171875,310.9800109863281,299.0019836425781,46444500.0,0.0,0.0
2022-02-01,MSFT,310.4100036621094,310.6300048828125,305.1300048828125,308.760009765625,296.8675537109375,40950400.0,0.0,0.0
2022-02-02,MSFT,309.6300048828125,315.1199951171875,308.8800048828125,313.4599914550781,301.38653564453125,36636000.0,0.0,0.0
2022-02-03,MSFT,309.489990234375,311.2300109863281,299.9599914550781,301.25,289.6468200683594,43730000.0,0.0,0.0
2022-02-04,MSFT,300.2099914550781,308.79998779296875,299.9700012207031,305.94000244140625,294.1561584472656,35096500.0,0.0,0.0
2022-02-07,MSFT,306.1700134277344,307.8399963378906,299.8999938964844,300.95001220703125,289.3583679199219,28533300.0,0.0,0.0
2022-02-08,MSFT,301.25,305.55999755859375,299.95001220703125,304.55999755859375,292.8292541503906,32421200.0,0.0,0.0
2022-02-09,MSFT,309.8699951171875,311.92999267578125,307.3900146484375,311.2099914550781,299.2231750488281,31284700.0,0.0,0.0
2022-02-10,MSFT,304.0400085449219,309.1199951171875,300.70001220703125,302.3800048828125,290.73321533203125,45386200.0,0.0,0.0
2022-02-11,MSFT,303.19000244140625,304.2900085449219,294.2200012207031,295.0400085449219,283.67596435546875,39175600.0,0.0,0.0
2022-02-14,MSFT,293.7699890136719,296.760009765625,291.3500061035156,295.0,283.63751220703125,36359500.0,0.0,0.0
2022-02-15,MSFT,300.010009765625,300.79998779296875,297.0199890136719,300.4700012207031,288.8968811035156,27058300.0,0.0,0.0
2022-02-16,MSFT,298.3699951171875,300.8699951171875,293.67999267578125,299.5,288.5596618652344,29982100.0,0.62,0.0
2022-02-17,MSFT,296.3599853515625,296.79998779296875,290.0,290.7300109863281,280.1099548339844,32461600.0,0.0,0.0
2022-02-18,MSFT,293.04998779296875,293.8599853515625,286.30999755859375,287.92999267578125,277.4122009277344,34264000.0,0.0,0.0
2022-02-22,MSFT,285.0,291.5400085449219,284.5,287.7200012207031,277.2099304199219,41736100.0,0.0,0.0
2022-02-23,MSFT,290.17999267578125,291.70001220703125,280.1000061035156,280.2699890136719,270.03204345703125,37811200.0,0.0,0.0
2022-02-24,MSFT,272.510009765625,295.1600036621094,271.5199890136719,294.5899963378906,283.8289489746094,56989700.0,0.0,0.0
2022-02-25,MSFT,295.1400146484375,297.6300048828125,291.6499938964844,297.30999755859375,286.4496765136719,32546700.0,0.0,0.0
2022-02-28,MSFT,294.30999755859375,299.1400146484375,293.0,298.7900085449219,287.8755187988281,34627500.0,0.0,0.0
2022-03-01,MSFT,296.3999938964844,299.9700012207031,292.1499938964844,294.95001220703125,284.1758117675781,31217800.0,0.0,0.0
2022-03-02,MSFT,295.3599853515625,301.4700012207031,293.70001220703125,300.19000244140625,289.2244567871094,31873000.0,0.0,0.0
2022-03-03,MSFT,302.8900146484375,303.1300048828125,294.04998779296875,295.9200134277344,285.1103515625,27314500.0,0.0,0.0
2022-03-04,MSFT,294.2900085449219,295.6600036621094,287.1700134277344,289.8599853515625,279.2717590332031,32356500.0,0.0,0.0
2022-03-07,MSFT,288.5299987792969,289.69000244140625,278.5299987792969,278.9100036621094,268.7217102050781,43157200.0,0.0,0.0
2022-03-08,MSFT,277.79998779296875,283.9599914550781,270.0,275.8500061035156,265.7735290527344,48159500.0,0.0,0.0
2022-03-09,MSFT,283.44000244140625,289.6000061035156,280.7799987792969,288.5,277.9614562988281,35204500.0,0.0,0.0
2022-03-10,MSFT,283.0199890136719,286.6000061035156,280.5799865722656,285.5899963378906,275.15771484375,30628000.0,0.0,0.0
2022-03-11,MSFT,287.9599914550781,289.510009765625,279.42999267578125,280.07000732421875,269.83935546875,27209300.0,0.0,0.0
2022-03-14,MSFT,280.3399963378906,285.3999938964844,275.82000732421875,276.44000244140625,266.3419494628906,30660700.0,0.0,0.0
2022-03-15,MSFT,280.3500061035156,287.82000732421875,278.7300109863281,287.1499938964844,276.6607666015625,34245100.0,0.0,0.0
2022-03-16,MSFT,289.1099853515625,294.57000732421875,283.20001220703125,294.3900146484375,283.6362609863281,37826300.0,0.0,0.0
2022-03-17,MSFT,293.2900085449219,295.6099853515625,289.3699951171875,295.2200012207031,284.4359436035156,30816600.0,0.0,0.0
2022-03-18,MSFT,295.3699951171875,301.0,292.7300109863281,300.42999267578125,289.4555969238281,43390600.0,0.0,0.0
2022-03-21,MSFT,298.8900146484375,300.1400146484375,294.8999938964844,299.1600036621094,288.2320861816406,28351200.0,0.0,0.0
2022-03-22,MSFT,299.79998779296875,305.0,298.7699890136719,304.05999755859375,292.9529724121094,27599700.0,0.0,0.0
2022-03-23,MSFT,300.510009765625,303.2300109863281,297.7200012207031,299.489990234375,288.54998779296875,25715400.0,0.0,0.0
2022-03-24,MSFT,299.1400146484375,304.20001220703125,298.32000732421875,304.1000061035156,292.9916076660156,24484500.0,0.0,0.0
2022-03-25,MSFT,305.2300109863281,305.5,299.2900085449219,303.67999267578125,292.5868835449219,22566500.0,0.0,0.0
2022-03-28,MSFT,304.3299865722656,310.79998779296875,304.3299865722656,310.70001220703125,299.3504943847656,29578200.0,0.0,0.0
2022-03-29,MSFT,313.9100036621094,315.82000732421875,309.04998779296875,315.4100036621094,303.888427734375,30393400.0,0.0,0.0
2022-03-30,MSFT,313.760009765625,315.95001220703125,311.5799865722656,313.8599853515625,302.3949890136719,28163600.0,0.0,0.0
2022-03-31,MSFT,313.8999938964844,315.1400146484375,307.8900146484375,308.30999755859375,297.0478210449219,33422100.0,0.0,0.0
2022-04-01,MSFT,309.3699951171875,310.1300048828125,305.5400085449219,309.4200134277344,298.1172790527344,27110500.0,0.0,0.0
2022-04-04,MSFT,310.0899963378906,315.1099853515625,309.7099914550781,314.9700012207031,303.4645690917969,24289600.0,0.0,0.0
2022-04-05,MSFT,313.2699890136719,314.8699951171875,309.8699951171875,310.8800048828125,299.52392578125,23156700.0,0.0,0.0
2022-04-06,MSFT,305.19000244140625,307.0,296.7099914550781,299.5,288.5596618652344,40110400.0,0.0,0.0
2022-04-07,MSFT,296.6600036621094,303.6499938964844,296.3500061035156,301.3699951171875,290.361328125,31411200.0,0.0,0.0
2022-04-08,MSFT,300.44000244140625,301.1199951171875,296.2799987792969,296.9700012207031,286.12200927734375,24361900.0,0.0,0.0
2022-04-11,MSFT,291.7900085449219,292.6099853515625,285.0,285.260009765625,274.83978271484375,34569300.0,0.0,0.0
2022-04-12,MSFT,289.239990234375,290.739990234375,280.489990234375,282.05999755859375,271.75665283203125,30966700.0,0.0,0.0
2022-04-13,MSFT,282.7300109863281,288.5799865722656,281.29998779296875,287.6199951171875,277.1135559082031,21907200.0,0.0,0.0
2022-04-14,MSFT,288.0899963378906,288.30999755859375,279.32000732421875,279.8299865722656,269.60809326171875,28221600.0,0.0,0.0
2022-04-18,MSFT,278.9100036621094,282.4599914550781,278.3399963378906,280.5199890136719,270.2729797363281,20778000.0,0.0,0.0
2022-04-19,MSFT,279.3800048828125,286.1700134277344,278.4100036621094,285.29998779296875,274.8782653808594,22297700.0,0.0,0.0
2022-04-20,MSFT,289.3999938964844,289.70001220703125,285.3699951171875,286.3599853515625,275.899658203125,22906700.0,0.0,0.0
2022-04-21,MSFT,288.5799865722656,293.29998779296875,280.05999755859375,280.80999755859375,270.5523681640625,29454600.0,0.0,0.0
2022-04-22,MSFT,281.67999267578125,283.20001220703125,273.3800048828125,274.0299987792969,264.02001953125,29405800.0,0.0,0.0
2022-04-25,MSFT,273.2900085449219,281.1099853515625,270.7699890136719,280.7200012207031,270.46563720703125,35678900.0,0.0,0.0
2022-04-26,MSFT,277.5,278.3599853515625,270.0,270.2200012207031,260.3491516113281,46518400.0,0.0,0.0
2022-04-27,MSFT,282.1000061035156,290.9700012207031,279.1600036621094,283.2200012207031,272.8743896484375,63477700.0,0.0,0.0
2022-04-28,MSFT,285.19000244140625,290.9800109863281,281.4599914550781,289.6300048828125,279.05010986328125,33646600.0,0.0,0.0
2022-04-29,MSFT,288.6099853515625,289.8800048828125,276.5,277.5199890136719,267.38250732421875,37073900.0,0.0,0.0
2022-05-02,MSFT,277.7099914550781,284.94000244140625,276.2200012207031,284.4700012207031,274.07867431640625,35151100.0,0.0,0.0
2022-05-03,MSFT,283.9599914550781,284.1300048828125,280.1499938964844,281.7799987792969,271.4868469238281,25978600.0,0.0,0.0
2022-05-04,MSFT,282.5899963378906,290.8800048828125,276.7300109863281,289.9800109863281,279.3873596191406,33599300.0,0.0,0.0
2022-05-05,MSFT,285.5400085449219,286.3500061035156,274.3399963378906,277.3500061035156,267.2187194824219,43260400.0,0.0,0.0
2022-05-06,MSFT,274.80999755859375,279.25,271.2699890136719,274.7300109863281,264.6944580078125,37780300.0,0.0,0.0
2022-05-09,MSFT,270.05999755859375,272.3599853515625,263.32000732421875,264.5799865722656,254.9151611328125,47726000.0,0.0,0.0
2022-05-10,MSFT,271.69000244140625,273.75,265.07000732421875,269.5,259.655517578125,39336400.0,0.0,0.0
2022-05-11,MSFT,265.67999267578125,271.3599853515625,259.29998779296875,260.54998779296875,251.0324249267578,48975900.0,0.0,0.0
2022-05-12,MSFT,257.69000244140625,259.8800048828125,250.02000427246094,255.35000610351562,246.02236938476562,51033800.0,0.0,0.0
2022-05-13,MSFT,257.3500061035156,263.0400085449219,255.35000610351562,261.1199951171875,251.58157348632812,34925100.0,0.0,0.0
2022-05-16,MSFT,259.9599914550781,265.82000732421875,255.77999877929688,261.5,251.94772338867188,32550900.0,0.0,0.0
2022-05-17,MSFT,266.1099853515625,268.3299865722656,262.4599914550781,266.82000732421875,257.0733642578125,28828800.0,0.0,0.0
2022-05-18,MSFT,263.0,263.6000061035156,252.77000427246094,254.0800018310547,245.36892700195312,31356000.0,0.62,0.0
2022-05-19,MSFT,253.89999389648438,257.6700134277344,251.8800048828125,253.13999938964844,244.4611358642578,32692300.0,0.0,0.0
2022-05-20,MSFT,257.239990234375,258.5400085449219,246.44000244140625,252.55999755859375,243.9010467529297,39199300.0,0.0,0.0
2022-05-23,MSFT,255.49000549316406,261.5,253.42999267578125,260.6499938964844,251.71363830566406,33175400.0,0.0,0.0
2022-05-24,MSFT,257.8900146484375,261.3299865722656,253.5,259.6199951171875,250.71896362304688,29043900.0,0.0,0.0
2022-05-25,MSFT,258.1400146484375,264.5799865722656,257.1300048828125,262.5199890136719,253.51951599121094,28547900.0,0.0,0.0
2022-05-26,MSFT,262.2699890136719,267.1099853515625,261.42999267578125,265.8999938964844,256.7837219238281,25002100.0,0.0,0.0
2022-05-27,MSFT,268.4800109863281,273.3399963378906,267.55999755859375,273.239990234375,263.8720703125,26910800.0,0.0,0.0
2022-05-31,MSFT,272.5299987792969,274.7699890136719,268.92999267578125,271.8699951171875,262.54901123046875,37827700.0,0.0,0.0
2022-06-01,MSFT,275.20001220703125,277.69000244140625,270.0400085449219,272.4200134277344,263.0802001953125,25292200.0,0.0,0.0
2022-06-02,MSFT,264.45001220703125,274.6499938964844,261.6000061035156,274.5799865722656,265.1661071777344,44008200.0,0.0,0.0
2022-06-03,MSFT,270.30999755859375,273.45001220703125,268.4100036621094,270.0199890136719,260.76239013671875,28059000.0,0.0,0.0
2022-06-06,MSFT,272.05999755859375,274.17999267578125,267.2200012207031,268.75,259.535888671875,22400300.0,0.0,0.0
2022-06-07,MSFT,266.6400146484375,273.1300048828125,265.94000244140625,272.5,263.1573791503906,22860700.0,0.0,0.0
2022-06-08,MSFT,271.7099914550781,273.0,269.6099853515625,270.4100036621094,261.1390075683594,17372300.0,0.0,0.0
2022-06-09,MSFT,267.7799987792969,272.7099914550781,264.6300048828125,264.7900085449219,255.71177673339844,26439700.0,0.0,0.0
2022-06-10,MSFT,260.5799865722656,260.5799865722656,252.52999877929688,252.99000549316406,244.31626892089844,31422800.0,0.0,0.0
2022-06-13,MSFT,245.11000061035156,249.02000427246094,241.52999877929688,242.25999450683594,233.9541778564453,46135800.0,0.0,0.0
2022-06-14,MSFT,243.86000061035156,245.74000549316406,241.50999450683594,244.49000549316406,236.10772705078125,28651500.0,0.0,0.0
2022-06-15,MSFT,248.30999755859375,255.3000030517578,246.4199981689453,251.75999450683594,243.1284637451172,33111700.0,0.0,0.0
2022-06-16,MSFT,245.97999572753906,247.4199981689453,243.02000427246094,244.97000122070312,236.57125854492188,33169200.0,0.0,0.0
2022-06-17,MSFT,244.6999969482422,250.5,244.02999877929688,247.64999389648438,239.1593475341797,43084800.0,0.0,0.0
2022-06-21,MSFT,250.25999450683594,254.75,249.50999450683594,253.74000549316406,245.04058837890625,29928300.0,0.0,0.0
2022-06-22,MSFT,251.88999938964844,257.1700134277344,250.3699951171875,253.1300048828125,244.45150756835938,25939900.0,0.0,0.0
2022-06-23,MSFT,255.57000732421875,259.3699951171875,253.6300048828125,258.8599853515625,249.9850616455078,25861400.0,0.0,0.0
2022-06-24,MSFT,261.80999755859375,267.9800109863281,261.7200012207031,267.70001220703125,258.5219421386719,33923200.0,0.0,0.0
2022-06-27,MSFT,268.2099914550781,268.29998779296875,263.2799987792969,264.8900146484375,255.8083038330078,24615100.0,0.0,0.0
2022-06-28,MSFT,263.9800109863281,266.9100036621094,256.32000732421875,256.4800109863281,247.6866455078125,27295500.0,0.0,0.0
2022-06-29,MSFT,257.5899963378906,261.9700012207031,255.75999450683594,260.260009765625,251.33705139160156,20069800.0,0.0,0.0
2022-06-30,MSFT,257.04998779296875,259.5299987792969,252.89999389648438,256.8299865722656,248.02459716796875,31730900.0,0.0,0.0
2022-07-01,MSFT,256.3900146484375,259.7699890136719,254.61000061035156,259.5799865722656,250.68031311035156,22837700.0,0.0,0.0
2022-07-05,MSFT,256.1600036621094,262.9800109863281,254.74000549316406,262.8500061035156,253.8382568359375,22941000.0,0.0,0.0
2022-07-06,MSFT,263.75,267.989990234375,262.3999938964844,266.2099914550781,257.0830078125,23824400.0,0.0,0.0
2022-07-07,MSFT,265.1199951171875,269.05999755859375,265.0199890136719,268.3999938964844,259.1979675292969,20859900.0,0.0,0.0
2022-07-08,MSFT,264.7900085449219,268.1000061035156,263.2900085449219,267.6600036621094,258.4833984375,19658800.0,0.0,0.0
2022-07-11,MSFT,265.6499938964844,266.5299987792969,262.17999267578125,264.510009765625,255.44131469726562,19455200.0,0.0,0.0
2022-07-12,MSFT,265.8800048828125,265.94000244140625,252.0399932861328,253.6699981689453,244.97299194335938,35868500.0,0.0,0.0
2022-07-13,MSFT,250.19000244140625,253.5500030517578,248.11000061035156,252.72000122070312,244.0554962158203,29497400.0,0.0,0.0
2022-07-14,MSFT,250.57000732421875,255.13999938964844,245.94000244140625,254.0800018310547,245.36892700195312,25102800.0,0.0,0.0
2022-07-15,MSFT,255.72000122070312,260.3699951171875,254.77000427246094,256.7200012207031,247.9184112548828,29774100.0,0.0,0.0
2022-07-18,MSFT,259.75,260.8399963378906,253.3000030517578,254.25,245.5330810546875,20975000.0,0.0,0.0
2022-07-19,MSFT,257.5799865722656,259.7200012207031,253.67999267578125,259.5299987792969,250.6320343017578,25012600.0,0.0,0.0
2022-07-20,MSFT,259.8999938964844,264.8699951171875,258.9100036621094,262.2699890136719,253.27809143066406,22788300.0,0.0,0.0
2022-07-21,MSFT,259.7900085449219,264.8900146484375,257.0299987792969,264.8399963378906,255.76002502441406,22404700.0,0.0,0.0
2022-07-22,MSFT,265.239990234375,265.3299865722656,259.07000732421875,260.3599853515625,251.43360900878906,21881300.0,0.0,0.0
2022-07-25,MSFT,261.0,261.5,256.80999755859375,258.8299865722656,249.9561004638672,21056000.0,0.0,0.0
2022-07-26,MSFT,259.8599853515625,259.8800048828125,249.57000732421875,251.89999389648438,243.26365661621094,39348000.0,0.0,0.0
2022-07-27,MSFT,261.1600036621094,270.04998779296875,258.8500061035156,268.739990234375,259.52630615234375,45994000.0,0.0,0.0
2022-07-28,MSFT,269.75,277.8399963378906,267.8699951171875,276.4100036621094,266.9333801269531,33459300.0,0.0,0.0
2022-07-29,MSFT,277.70001220703125,282.0,276.6300048828125,280.739990234375,271.1148376464844,32152800.0,0.0,0.0
2022-08-01,MSFT,277.82000732421875,281.2799987792969,275.8399963378906,278.010009765625,268.4785461425781,21539600.0,0.0,0.0
2022-08-02,MSFT,276.0,277.8900146484375,272.3800048828125,274.82000732421875,265.3978576660156,22754200.0,0.0,0.0
2022-08-03,MSFT,276.760009765625,283.5,276.6099853515625,282.4700012207031,272.7855529785156,23518900.0,0.0,0.0
2022-08-04,MSFT,281.79998779296875,283.79998779296875,280.1700134277344,283.6499938964844,273.92510986328125,18098700.0,0.0,0.0
2022-08-05,MSFT,279.1499938964844,283.6499938964844,278.67999267578125,282.9100036621094,273.21051025390625,16774600.0,0.0,0.0
2022-08-08,MSFT,284.04998779296875,285.9200134277344,279.32000732421875,280.32000732421875,270.7092590332031,18739200.0,0.0,0.0
2022-08-09,MSFT,279.6400146484375,283.0799865722656,277.6099853515625,282.29998779296875,272.6214294433594,23405200.0,0.0,0.0
2022-08-10,MSFT,288.1700134277344,289.80999755859375,286.94000244140625,289.1600036621094,279.2461853027344,24687800.0,0.0,0.0
2022-08-11,MSFT,290.8500061035156,291.2099914550781,286.510009765625,287.0199890136719,277.17950439453125,20065900.0,0.0,0.0
2022-08-12,MSFT,288.4800109863281,291.9100036621094,286.94000244140625,291.9100036621094,281.9019470214844,22619700.0,0.0,0.0
2022-08-15,MSFT,291.0,294.17999267578125,290.1099853515625,293.4700012207031,283.408447265625,18085700.0,0.0,0.0
2022-08-16,MSFT,291.989990234375,294.0400085449219,290.4200134277344,292.7099914550781,282.67449951171875,18102900.0,0.0,0.0
2022-08-17,MSFT,289.739990234375,293.3500061035156,289.4700012207031,291.32000732421875,281.9293212890625,18253400.0,0.62,0.0
2022-08-18,MSFT,290.19000244140625,291.9100036621094,289.0799865722656,290.1700134277344,280.81646728515625,17186200.0,0.0,0.0
2022-08-19,MSFT,288.8999938964844,289.25,285.55999755859375,286.1499938964844,276.9259033203125,20570000.0,0.0,0.0
2022-08-22,MSFT,282.0799865722656,282.4599914550781,277.2200012207031,277.75,268.7967834472656,25061100.0,0.0,0.0
2022-08-23,MSFT,276.44000244140625,278.8599853515625,275.3999938964844,276.44000244140625,267.5289611816406,17527400.0,0.0,0.0
2022-08-24,MSFT,275.4100036621094,277.2300109863281,275.1099853515625,275.7900085449219,266.89996337890625,18137000.0,0.0,0.0
2022-08-25,MSFT,277.3299865722656,279.0199890136719,274.5199890136719,278.8500061035156,269.8612976074219,16583400.0,0.0,0.0
2022-08-26,MSFT,279.0799865722656,280.3399963378906,267.9800109863281,268.0899963378906,259.4480895996094,27549300.0,0.0,0.0
2022-08-29,MSFT,265.8500061035156,267.3999938964844,263.8500061035156,265.2300109863281,256.6802673339844,20338500.0,0.0,0.0
2022-08-30,MSFT,266.6700134277344,267.04998779296875,260.6600036621094,262.9700012207031,254.4931640625,22767100.0,0.0,0.0
2022-08-31,MSFT,265.3900146484375,267.1099853515625,261.3299865722656,261.4700012207031,253.04150390625,24791800.0,0.0,0.0
2022-09-01,MSFT,258.8699951171875,260.8900146484375,255.41000366210938,260.3999938964844,252.00596618652344,23263400.0,0.0,0.0
2022-09-02,MSFT,261.70001220703125,264.739990234375,254.47000122070312,256.05999755859375,247.805908203125,22855400.0,0.0,0.0
2022-09-06,MSFT,256.20001220703125,257.8299865722656,251.94000244140625,253.25,245.0865020751953,21328200.0,0.0,0.0
2022-09-07,MSFT,254.6999969482422,258.8299865722656,253.22000122070312,258.0899963378906,249.7704620361328,24126700.0,0.0,0.0
2022-09-08,MSFT,257.510009765625,260.42999267578125,254.7899932861328,258.5199890136719,250.18661499023438,20319900.0,0.0,0.0
2022-09-09,MSFT,260.5,265.2300109863281,260.2900085449219,264.4599914550781,255.93511962890625,22084700.0,0.0,0.0
2022-09-12,MSFT,265.7799987792969,267.45001220703125,265.1600036621094,266.6499938964844,258.0545349121094,18747700.0,0.0,0.0
2022-09-13,MSFT,258.8399963378906,260.3999938964844,251.58999633789062,251.99000549316406,243.86712646484375,33353300.0,0.0,0.0
2022-09-14,MSFT,253.52999877929688,254.22999572753906,249.86000061035156,252.22000122070312,244.08973693847656,23913000.0,0.0,0.0
2022-09-15,MSFT,249.77000427246094,251.39999389648438,244.02000427246094,245.3800048828125,237.47021484375,31530900.0,0.0,0.0
2022-09-16,MSFT,244.25999450683594,245.3000030517578,242.05999755859375,244.74000549316406,236.85084533691406,39791800.0,0.0,0.0
2022-09-19,MSFT,242.47000122070312,245.13999938964844,240.85000610351562,244.52000427246094,236.6378936767578,26826900.0,0.0,0.0
2022-09-20,MSFT,242.07000732421875,243.50999450683594,239.63999938964844,242.4499969482422,234.6346435546875,26660300.0,0.0,0.0
2022-09-21,MSFT,244.27000427246094,247.66000366210938,238.89999389648438,238.9499969482422,231.2474365234375,28625600.0,0.0,0.0
2022-09-22,MSFT,237.8699951171875,243.86000061035156,237.57000732421875,240.97999572753906,233.21200561523438,31061200.0,0.0,0.0
2022-09-23,MSFT,239.5399932861328,241.1300048828125,235.1999969482422,237.9199981689453,230.2506866455078,34176000.0,0.0,0.0
2022-09-26,MSFT,237.0500030517578,241.4499969482422,236.89999389648438,237.4499969482422,229.7957763671875,27694200.0,0.0,0.0
2022-09-27,MSFT,239.97999572753906,241.8000030517578,234.5,236.41000366210938,228.78932189941406,27018700.0,0.0,0.0
2022-09-28,MSFT,236.80999755859375,242.3300018310547,234.72999572753906,241.07000732421875,233.2991180419922,29029700.0,0.0,0.0
2022-09-29,MSFT,238.88999938964844,239.9499969482422,234.41000366210938,237.5,229.8441619873047,27484200.0,0.0,0.0
2022-09-30,MSFT,238.2899932861328,240.5399932861328,232.72999572753906,232.89999389648438,225.39247131347656,35694800.0,0.0,0.0
2022-10-03,MSFT,235.41000366210938,241.61000061035156,234.66000366210938,240.74000549316406,232.9797821044922,28880400.0,0.0,0.0
2022-10-04,MSFT,245.08999633789062,250.36000061035156,244.97999572753906,248.8800048828125,240.8573455810547,34888400.0,0.0,0.0
2022-10-05,MSFT,245.99000549316406,250.5800018310547,244.10000610351562,249.1999969482422,241.16705322265625,20347100.0,0.0,0.0
2022-10-06,MSFT,247.92999267578125,250.33999633789062,246.0800018310547,246.7899932861328,238.83473205566406,20239900.0,0.0,0.0
2022-10-07,MSFT,240.89999389648438,241.32000732421875,233.1699981689453,234.24000549316406,226.68927001953125,37769600.0,0.0,0.0
2022-10-10,MSFT,233.0500030517578,234.55999755859375,226.72999572753906,229.25,221.8601531982422,29743600.0,0.0,0.0
2022-10-11,MSFT,227.6199951171875,229.05999755859375,224.11000061035156,225.41000366210938,218.14390563964844,30474000.0,0.0,0.0
2022-10-12,MSFT,225.39999389648438,227.86000061035156,223.9600067138672,225.75,218.47296142578125,21903900.0,0.0,0.0
2022-10-13,MSFT,219.85000610351562,236.10000610351562,219.1300048828125,234.24000549316406,226.68927001953125,42551800.0,0.0,0.0
2022-10-14,MSFT,235.5399932861328,237.24000549316406,228.33999633789062,228.55999755859375,221.1923828125,30198600.0,0.0,0.0
2022-10-17,MSFT,235.82000732421875,238.9600067138672,235.13999938964844,237.52999877929688,229.87322998046875,28142300.0,0.0,0.0
2022-10-18,MSFT,243.24000549316406,243.92999267578125,235.3699951171875,238.5,230.8119354248047,26329600.0,0.0,0.0
2022-10-19,MSFT,237.0399932861328,239.61000061035156,234.2899932861328,236.47999572753906,228.85704040527344,19985700.0,0.0,0.0
2022-10-20,MSFT,235.77000427246094,241.30999755859375,234.8699951171875,236.14999389648438,228.5377197265625,21811000.0,0.0,0.0
2022-10-21,MSFT,234.74000549316406,243.0,234.5,242.1199951171875,234.3152618408203,26299700.0,0.0,0.0
2022-10-24,MSFT,243.75999450683594,247.83999633789062,241.3000030517578,247.25,239.27992248535156,24911200.0,0.0,0.0
2022-10-25,MSFT,247.25999450683594,251.0399932861328,245.8300018310547,250.66000366210938,242.57998657226562,34775500.0,0.0,0.0
2022-10-26,MSFT,231.1699981689453,238.3000030517578,230.05999755859375,231.32000732421875,223.8634033203125,82543200.0,0.0,0.0
2022-10-27,MSFT,231.0399932861328,233.69000244140625,225.77999877929688,226.75,219.4407196044922,40424600.0,0.0,0.0
2022-10-28,MSFT,226.24000549316406,236.60000610351562,226.0500030517578,235.8699951171875,228.2667236328125,40647700.0,0.0,0.0
2022-10-31,MSFT,233.75999450683594,234.9199981689453,231.14999389648438,232.1300048828125,224.64732360839844,28357300.0,0.0,0.0
2022-11-01,MSFT,234.60000610351562,235.74000549316406,227.3300018310547,228.1699981689453,220.81494140625,30592300.0,0.0,0.0
2022-11-02,MSFT,229.4600067138672,231.3000030517578,220.0399932861328,220.10000610351562,213.00511169433594,38407000.0,0.0,0.0
2022-11-03,MSFT,220.08999633789062,220.41000366210938,213.97999572753906,214.25,207.3436279296875,36633900.0,0.0,0.0
2022-11-04,MSFT,217.5500030517578,221.58999633789062,213.42999267578125,221.38999938964844,214.2534942626953,36789100.0,0.0,0.0
2022-11-07,MSFT,221.99000549316406,228.41000366210938,221.27999877929688,227.8699951171875,220.5246124267578,33498000.0,0.0,0.0
2022-11-08,MSFT,228.6999969482422,231.64999389648438,225.83999633789062,228.8699951171875,221.49237060546875,28192500.0,0.0,0.0
2022-11-09,MSFT,227.3699951171875,228.6300048828125,224.3300018310547,224.50999450683594,217.27291870117188,27852900.0,0.0,0.0
2022-11-10,MSFT,235.42999267578125,243.3300018310547,235.0,242.97999572753906,235.14752197265625,46268000.0,0.0,0.0
2022-11-11,MSFT,242.99000549316406,247.99000549316406,241.92999267578125,247.11000061035156,239.14442443847656,34620200.0,0.0,0.0
2022-11-14,MSFT,241.99000549316406,243.91000366210938,239.2100067138672,241.5500030517578,233.76364135742188,31123300.0,0.0,0.0
2022-11-15,MSFT,245.66000366210938,247.0,240.02999877929688,241.97000122070312,234.17010498046875,31390100.0,0.0,0.0
2022-11-16,MSFT,242.7899932861328,243.8000030517578,240.4199981689453,241.72999572753906,234.59710693359375,24093300.0,0.68,0.0
2022-11-17,MSFT,237.77999877929688,243.25,237.6300048828125,241.67999267578125,234.54856872558594,23123500.0,0.0,0.0
2022-11-18,MSFT,243.50999450683594,243.74000549316406,239.02999877929688,241.22000122070312,234.10215759277344,27613500.0,0.0,0.0
2022-11-21,MSFT,241.42999267578125,244.6699981689453,241.19000244140625,242.0500030517578,234.90768432617188,26394700.0,0.0,0.0
2022-11-22,MSFT,243.58999633789062,245.30999755859375,240.7100067138672,245.02999877929688,237.79974365234375,19665700.0,0.0,0.0
2022-11-23,MSFT,245.11000061035156,248.27999877929688,244.27000427246094,247.5800018310547,240.2744903564453,19508500.0,0.0,0.0
2022-11-25,MSFT,247.30999755859375,248.6999969482422,246.72999572753906,247.49000549316406,240.1871795654297,9200800.0,0.0,0.0
2022-11-28,MSFT,246.0800018310547,246.64999389648438,240.8000030517578,241.75999450683594,234.62623596191406,24778200.0,0.0,0.0
2022-11-29,MSFT,241.39999389648438,242.7899932861328,238.2100067138672,240.3300018310547,233.23843383789062,17956300.0,0.0,0.0
2022-11-30,MSFT,240.57000732421875,255.3300018310547,239.86000061035156,255.13999938964844,247.6114044189453,47594200.0,0.0,0.0
2022-12-01,MSFT,253.8699951171875,256.1199951171875,250.9199981689453,254.69000244140625,247.17471313476562,26041500.0,0.0,0.0
2022-12-02,MSFT,249.82000732421875,256.05999755859375,249.69000244140625,255.02000427246094,247.4949493408203,21528500.0,0.0,0.0
2022-12-05,MSFT,252.00999450683594,253.82000732421875,248.05999755859375,250.1999969482422,242.81716918945312,23435300.0,0.0,0.0
2022-12-06,MSFT,250.82000732421875,251.86000061035156,243.77999877929688,245.1199951171875,237.8870849609375,22463700.0,0.0,0.0
2022-12-07,MSFT,244.8300018310547,246.16000366210938,242.2100067138672,244.3699951171875,237.1591796875,20481500.0,0.0,0.0
2022-12-08,MSFT,244.83999633789062,248.74000549316406,243.05999755859375,247.39999389648438,240.09982299804688,22611800.0,0.0,0.0
2022-12-09,MSFT,244.6999969482422,248.30999755859375,244.16000366210938,245.4199981689453,238.17820739746094,20609700.0,0.0,0.0
2022-12-12,MSFT,247.4499969482422,252.5399932861328,247.1699981689453,252.50999450683594,245.05899047851562,30665100.0,0.0,0.0
2022-12-13,MSFT,261.69000244140625,263.9200134277344,253.07000732421875,256.9200134277344,249.33892822265625,42196900.0,0.0,0.0
2022-12-14,MSFT,257.1300048828125,262.5899963378906,254.30999755859375,257.2200012207031,249.6300506591797,35410900.0,0.0,0.0
2022-12-15,MSFT,253.72000122070312,254.1999969482422,247.33999633789062,249.00999450683594,241.66226196289062,35560400.0,0.0,0.0
2022-12-16,MSFT,248.5500030517578,249.83999633789062,243.50999450683594,244.69000244140625,237.46978759765625,86102000.0,0.0,0.0
2022-12-19,MSFT,244.86000061035156,245.2100067138672,238.7100067138672,240.4499969482422,233.35484313964844,29696400.0,0.0,0.0
2022-12-20,MSFT,239.39999389648438,242.91000366210938,238.4199981689453,241.8000030517578,234.66502380371094,25150800.0,0.0,0.0
2022-12-21,MSFT,241.69000244140625,245.6199951171875,240.11000061035156,244.42999267578125,237.2174530029297,23690600.0,0.0,0.0
2022-12-22,MSFT,241.25999450683594,241.99000549316406,233.8699951171875,238.19000244140625,231.1615753173828,28651700.0,0.0,0.0
2022-12-23,MSFT,236.11000061035156,238.8699951171875,233.94000244140625,238.72999572753906,231.68563842773438,21207000.0,0.0,0.0
2022-12-27,MSFT,238.6999969482422,238.92999267578125,235.8300018310547,236.9600067138672,229.96786499023438,16688600.0,0.0,0.0
2022-12-28,MSFT,236.88999938964844,239.72000122070312,234.1699981689453,234.52999877929688,227.60958862304688,17457100.0,0.0,0.0
2022-12-29,MSFT,235.64999389648438,241.9199981689453,235.64999389648438,241.00999450683594,233.8983612060547,19770700.0,0.0,0.0
2022-12-30,MSFT,238.2100067138672,239.9600067138672,236.66000366210938,239.82000732421875,232.74349975585938,21938500.0,0.0,0.0
2023-01-03,MSFT,243.0800018310547,245.75,237.39999389648438,239.5800018310547,232.51055908203125,25740000.0,0.0,0.0
2023-01-04,MSFT,232.27999877929688,232.8699951171875,225.9600067138672,229.10000610351562,222.3397979736328,50623400.0,0.0,0.0
2023-01-05,MSFT,227.1999969482422,227.5500030517578,221.75999450683594,222.30999755859375,215.75015258789062,39585600.0,0.0,0.0
2023-01-06,MSFT,223.0,225.75999450683594,219.35000610351562,224.92999267578125,218.29283142089844,43613600.0,0.0,0.0
2023-01-09,MSFT,226.4499969482422,231.24000549316406,226.41000366210938,227.1199951171875,220.41819763183594,27369800.0,0.0,0.0
2023-01-10,MSFT,227.75999450683594,231.30999755859375,227.3300018310547,228.85000610351562,222.09718322753906,27033900.0,0.0,0.0
2023-01-11,MSFT,231.2899932861328,235.9499969482422,231.11000061035156,235.77000427246094,228.81297302246094,28669300.0,0.0,0.0
2023-01-12,MSFT,235.25999450683594,239.89999389648438,233.55999755859375,238.50999450683594,231.4721221923828,27269500.0,0.0,0.0
2023-01-13,MSFT,237.0,239.3699951171875,234.9199981689453,239.22999572753906,232.17088317871094,21333300.0,0.0,0.0
2023-01-17,MSFT,237.97000122070312,240.91000366210938,237.08999633789062,240.35000610351562,233.25782775878906,29831300.0,0.0,0.0
2023-01-18,MSFT,241.57000732421875,242.3800048828125,235.52000427246094,235.80999755859375,228.85182189941406,30028700.0,0.0,0.0
2023-01-19,MSFT,233.77999877929688,235.52000427246094,230.67999267578125,231.92999267578125,225.08627319335938,28623000.0,0.0,0.0
2023-01-20,MSFT,234.86000061035156,240.74000549316406,234.50999450683594,240.22000122070312,233.1316680908203,35389800.0,0.0,0.0
2023-01-23,MSFT,241.10000610351562,245.1699981689453,239.64999389648438,242.5800018310547,235.42202758789062,31934000.0,0.0,0.0
2023-01-24,MSFT,242.5,243.9499969482422,240.44000244140625,242.0399932861328,234.89796447753906,40234400.0,0.0,0.0
2023-01-25,MSFT,234.47999572753906,243.3000030517578,230.89999389648438,240.61000061035156,233.51019287109375,66526600.0,0.0,0.0
2023-01-26,MSFT,243.64999389648438,248.30999755859375,242.0,248.0,240.68209838867188,33454500.0,0.0,0.0
2023-01-27,MSFT,248.99000549316406,249.8300018310547,246.8300018310547,248.16000366210938,240.83740234375,26498900.0,0.0,0.0
2023-01-30,MSFT,244.50999450683594,245.60000610351562,242.1999969482422,242.7100067138672,235.54820251464844,25867400.0,0.0,0.0
2023-01-31,MSFT,243.4499969482422,247.9499969482422,242.9499969482422,247.80999755859375,240.49771118164062,26541100.0,0.0,0.0
2023-02-01,MSFT,248.0,255.17999267578125,245.47000122070312,252.75,245.2919464111328,31259900.0,0.0,0.0
2023-02-02,MSFT,258.82000732421875,264.69000244140625,257.25,264.6000061035156,256.7922668457031,39940400.0,0.0,0.0
2023-02-03,MSFT,259.5400085449219,264.20001220703125,257.1000061035156,258.3500061035156,250.72674560546875,29077300.0,0.0,0.0
2023-02-06,MSFT,257.44000244140625,258.29998779296875,254.77999877929688,256.7699890136719,249.19329833984375,22518000.0,0.0,0.0
2023-02-07,MSFT,260.5299987792969,268.7699890136719,260.0799865722656,267.55999755859375,259.6649169921875,50841400.0,0.0,0.0
2023-02-08,MSFT,273.20001220703125,276.760009765625,266.2099914550781,266.7300109863281,258.8594665527344,54686000.0,0.0,0.0
2023-02-09,MSFT,273.79998779296875,273.9800109863281,262.79998779296875,263.6199951171875,255.84120178222656,42375100.0,0.0,0.0
2023-02-10,MSFT,261.5299987792969,264.0899963378906,260.6600036621094,263.1000061035156,255.33651733398438,25818500.0,0.0,0.0
2023-02-13,MSFT,267.6400146484375,274.6000061035156,267.1499938964844,271.32000732421875,263.3139953613281,44630900.0,0.0,0.0
2023-02-14,MSFT,272.6700134277344,274.9700012207031,269.2799987792969,272.1700134277344,264.1389465332031,37047900.0,0.0,0.0
2023-02-15,MSFT,268.32000732421875,270.7300109863281,266.17999267578125,269.32000732421875,262.02764892578125,28922400.0,0.68,0.0
2023-02-16,MSFT,264.0199890136719,266.739990234375,261.8999938964844,262.1499938964844,255.05178833007812,29603600.0,0.0,0.0
2023-02-17,MSFT,259.3900146484375,260.0899963378906,256.0,258.05999755859375,251.0725555419922,30000100.0,0.0,0.0
2023-02-21,MSFT,254.47999572753906,255.49000549316406,251.58999633789062,252.6699981689453,245.82847595214844,28397400.0,0.0,0.0
2023-02-22,MSFT,254.08999633789062,254.33999633789062,250.33999633789062,251.50999450683594,244.69989013671875,22491100.0,0.0,0.0
2023-02-23,MSFT,255.55999755859375,256.8399963378906,250.47999572753906,254.77000427246094,247.87161254882812,29219100.0,0.0,0.0
2023-02-24,MSFT,249.9600067138672,251.0,248.10000610351562,249.22000122070312,242.471923828125,24990900.0,0.0,0.0
2023-02-27,MSFT,252.4600067138672,252.82000732421875,249.38999938964844,250.16000366210938,243.38645935058594,21190000.0,0.0,0.0
2023-02-28,MSFT,249.07000732421875,251.49000549316406,248.72999572753906,249.4199981689453,242.66650390625,22491000.0,0.0,0.0
2023-03-01,MSFT,250.75999450683594,250.92999267578125,245.7899932861328,246.27000427246094,239.60179138183594,27565300.0,0.0,0.0
2023-03-02,MSFT,246.5500030517578,251.39999389648438,245.61000061035156,251.11000061035156,244.31069946289062,24808200.0,0.0,0.0
2023-03-03,MSFT,252.19000244140625,255.6199951171875,251.38999938964844,255.2899932861328,248.37753295898438,30760100.0,0.0,0.0
2023-03-06,MSFT,256.42999267578125,260.1199951171875,255.97999572753906,256.8699951171875,249.914794921875,24109800.0,0.0,0.0
2023-03-07,MSFT,256.29998779296875,257.69000244140625,253.38999938964844,254.14999389648438,247.2684326171875,21473200.0,0.0,0.0
2023-03-08,MSFT,254.0399932861328,254.5399932861328,250.80999755859375,253.6999969482422,246.83059692382812,17340200.0,0.0,0.0
2023-03-09,MSFT,255.82000732421875,259.55999755859375,251.5800018310547,252.32000732421875,245.4879913330078,26653400.0,0.0,0.0
2023-03-10,MSFT,251.0800018310547,252.7899932861328,247.60000610351562,248.58999633789062,241.85894775390625,28333900.0,0.0,0.0
2023-03-13,MSFT,247.39999389648438,257.9100036621094,245.72999572753906,253.9199981689453,247.0446319580078,33339700.0,0.0,0.0
2023-03-14,MSFT,256.75,261.07000732421875,255.86000061035156,260.7900085449219,253.7286376953125,33620300.0,0.0,0.0
2023-03-15,MSFT,259.9800109863281,266.4800109863281,259.2099914550781,265.44000244140625,258.25274658203125,46028000.0,0.0,0.0
2023-03-16,MSFT,265.2099914550781,276.55999755859375,263.2799987792969,276.20001220703125,268.7214660644531,54768800.0,0.0,0.0
2023-03-17,MSFT,278.260009765625,283.3299865722656,276.32000732421875,279.42999267578125,271.8638916015625,69527400.0,0.0,0.0
2023-03-20,MSFT,276.9800109863281,277.4800109863281,269.8500061035156,272.2300109863281,264.85888671875,43466600.0,0.0,0.0
2023-03-21,MSFT,274.8800048828125,275.0,269.5199890136719,273.7799987792969,266.366943359375,34558700.0,0.0,0.0
2023-03-22,MSFT,273.3999938964844,281.0400085449219,272.17999267578125,272.2900085449219,264.917236328125,34873300.0,0.0,0.0
2023-03-23,MSFT,277.94000244140625,281.05999755859375,275.20001220703125,277.6600036621094,270.1418762207031,36610900.0,0.0,0.0
2023-03-24,MSFT,277.239990234375,280.6300048828125,275.2799987792969,280.57000732421875,272.97308349609375,28172000.0,0.0,0.0
2023-03-27,MSFT,280.5,281.4599914550781,275.5199890136719,276.3800048828125,268.896484375,26840200.0,0.0,0.0
2023-03-28,MSFT,275.7900085449219,276.1400146484375,272.04998779296875,275.2300109863281,267.77764892578125,21878600.0,0.0,0.0
2023-03-29,MSFT,278.9599914550781,281.1400146484375,278.4100036621094,280.510009765625,272.91473388671875,25087000.0,0.0,0.0
2023-03-30,MSFT,284.2300109863281,284.4599914550781,281.4800109863281,284.04998779296875,276.3587646484375,25053400.0,0.0,0.0
2023-03-31,MSFT,283.7300109863281,289.2699890136719,283.0,288.29998779296875,280.4937744140625,32766000.0,0.0,0.0
2023-04-03,MSFT,286.5199890136719,288.2699890136719,283.95001220703125,287.2300109863281,279.4527587890625,24883300.0,0.0,0.0
2023-04-04,MSFT,287.2300109863281,290.45001220703125,285.6700134277344,287.17999267578125,279.4040832519531,25824300.0,0.0,0.0
2023-04-05,MSFT,285.8500061035156,287.1499938964844,282.9200134277344,284.3399963378906,276.64093017578125,22064800.0,0.0,0.0
2023-04-06,MSFT,283.2099914550781,292.0799865722656,282.0299987792969,291.6000061035156,283.70440673828125,29770300.0,0.0,0.0
2023-04-10,MSFT,289.2099914550781,289.6000061035156,284.7099914550781,289.3900146484375,281.5542907714844,23103000.0,0.0,0.0
2023-04-11,MSFT,285.75,285.9800109863281,281.6400146484375,282.8299865722656,275.171875,27276600.0,0.0,0.0
2023-04-12,MSFT,284.7900085449219,287.010009765625,281.9599914550781,283.489990234375,275.81402587890625,27403400.0,0.0,0.0
2023-04-13,MSFT,283.5899963378906,289.8999938964844,283.1700134277344,289.8399963378906,281.9920654296875,24222700.0,0.0,0.0
2023-04-14,MSFT,287.0,288.4800109863281,283.69000244140625,286.1400146484375,278.3923034667969,20987900.0,0.0,0.0
2023-04-17,MSFT,289.92999267578125,291.6000061035156,286.1600036621094,288.79998779296875,280.98016357421875,23836200.0,0.0,0.0
2023-04-18,MSFT,291.57000732421875,291.760009765625,287.010009765625,288.3699951171875,280.5618591308594,20161800.0,0.0,0.0
2023-04-19,MSFT,285.989990234375,289.04998779296875,284.5400085449219,288.45001220703125,280.6397705078125,17150300.0,0.0,0.0
2023-04-20,MSFT,285.25,289.0299987792969,285.0799865722656,286.1099853515625,278.36309814453125,23244400.0,0.0,0.0
2023-04-21,MSFT,285.010009765625,286.2699890136719,283.05999755859375,285.760009765625,278.0224914550781,21676400.0,0.0,0.0
2023-04-24,MSFT,282.0899963378906,284.95001220703125,278.7200012207031,281.7699890136719,274.1405029296875,26611000.0,0.0,0.0
2023-04-25,MSFT,279.510009765625,281.6000061035156,275.3699951171875,275.4200134277344,267.9625244140625,45772200.0,0.0,0.0
2023-04-26,MSFT,296.70001220703125,299.57000732421875,292.7300109863281,295.3699951171875,287.37225341796875,64599200.0,0.0,0.0
2023-04-27,MSFT,295.9700012207031,305.20001220703125,295.25,304.8299865722656,296.5761413574219,46462600.0,0.0,0.0
2023-04-28,MSFT,304.010009765625,308.92999267578125,303.30999755859375,307.260009765625,298.9403991699219,36469600.0,0.0,0.0
2023-05-01,MSFT,306.9700012207031,308.6000061035156,305.1499938964844,305.55999755859375,297.28643798828125,21294100.0,0.0,0.0
2023-05-02,MSFT,307.760009765625,309.17999267578125,303.9100036621094,305.4100036621094,297.1404724121094,26404400.0,0.0,0.0
2023-05-03,MSFT,306.6199951171875,308.6099853515625,304.0899963378906,304.3999938964844,296.15777587890625,22360800.0,0.0,0.0
2023-05-04,MSFT,306.239990234375,307.760009765625,303.3999938964844,305.4100036621094,297.1404724121094,22519900.0,0.0,0.0
2023-05-05,MSFT,305.7200012207031,311.9700012207031,304.2699890136719,310.6499938964844,302.23858642578125,28197100.0,0.0,0.0
2023-05-08,MSFT,310.1300048828125,310.20001220703125,306.0899963378906,308.6499938964844,300.29266357421875,21318600.0,0.0,0.0
2023-05-09,MSFT,308.0,310.0400085449219,306.30999755859375,307.0,298.6873474121094,21340800.0,0.0,0.0
2023-05-10,MSFT,308.6199951171875,313.0,307.6700134277344,312.30999755859375,303.85357666015625,30078000.0,0.0,0.0
2023-05-11,MSFT,310.1000061035156,311.1199951171875,306.260009765625,310.1099853515625,301.713134765625,31680200.0,0.0,0.0
2023-05-12,MSFT,310.54998779296875,310.6499938964844,306.6000061035156,308.9700012207031,300.6041259765625,19774700.0,0.0,0.0
2023-05-15,MSFT,309.1000061035156,309.8999938964844,307.5899963378906,309.4599914550781,301.080810546875,16336500.0,0.0,0.0
2023-05-16,MSFT,309.8299865722656,313.7099914550781,309.8299865722656,311.739990234375,303.299072265625,26730300.0,0.0,0.0
2023-05-17,MSFT,312.2900085449219,314.42999267578125,310.739990234375,314.0,306.1656799316406,24315000.0,0.68,0.0
2023-05-18,MSFT,314.5299987792969,319.0400085449219,313.7200012207031,318.5199890136719,310.5729675292969,27276000.0,0.0,0.0
2023-05-19,MSFT,316.739990234375,318.75,316.3699951171875,318.3399963378906,310.39739990234375,27546700.0,0.0,0.0
2023-05-22,MSFT,318.6000061035156,322.5899963378906,318.010009765625,321.17999267578125,313.1665344238281,24115700.0,0.0,0.0
2023-05-23,MSFT,320.0299987792969,322.7200012207031,315.25,315.260009765625,307.39422607421875,30797200.0,0.0,0.0
2023-05-24,MSFT,314.7300109863281,316.5,312.6099853515625,313.8500061035156,306.01947021484375,23384900.0,0.0,0.0
2023-05-25,MSFT,323.239990234375,326.8999938964844,320.0,325.9200134277344,317.78826904296875,43301700.0,0.0,0.0
2023-05-26,MSFT,324.0199890136719,333.3999938964844,323.8800048828125,332.8900146484375,324.58441162109375,36630600.0,0.0,0.0
2023-05-30,MSFT,335.2300109863281,335.739990234375,330.5199890136719,331.2099914550781,322.9463195800781,29503100.0,0.0,0.0
2023-05-31,MSFT,332.2900085449219,335.94000244140625,327.3299865722656,328.3900146484375,320.1966247558594,45950600.0,0.0,0.0
2023-06-01,MSFT,325.92999267578125,333.5299987792969,324.7200012207031,332.5799865722656,324.2821044921875,26773900.0,0.0,0.0
2023-06-02,MSFT,334.25,337.5,332.54998779296875,335.3999938964844,327.0317687988281,25873800.0,0.0,0.0
2023-06-05,MSFT,335.2200012207031,338.55999755859375,334.6600036621094,335.94000244140625,327.5583190917969,21307100.0,0.0,0.0
2023-06-06,MSFT,335.3299865722656,335.3699951171875,332.1700134277344,333.67999267578125,325.35467529296875,20396200.0,0.0,0.0
2023-06-07,MSFT,331.6499938964844,334.489990234375,322.5,323.3800048828125,315.31170654296875,40717100.0,0.0,0.0
2023-06-08,MSFT,323.94000244140625,326.6400146484375,323.3500061035156,325.260009765625,317.1447448730469,23277700.0,0.0,0.0
2023-06-09,MSFT,324.989990234375,329.989990234375,324.4100036621094,326.7900085449219,318.6365966796875,22529000.0,0.0,0.0
2023-06-12,MSFT,328.5799865722656,332.1000061035156,325.1600036621094,331.8500061035156,323.5703125,24260300.0,0.0,0.0
2023-06-13,MSFT,334.4700012207031,336.9800109863281,330.3900146484375,334.2900085449219,325.949462890625,22951300.0,0.0,0.0
2023-06-14,MSFT,334.3399963378906,339.0400085449219,332.80999755859375,337.3399963378906,328.9233703613281,26003800.0,0.0,0.0
2023-06-15,MSFT,337.4800109863281,349.8399963378906,337.20001220703125,348.1000061035156,339.4149475097656,38899100.0,0.0,0.0
2023-06-16,MSFT,351.32000732421875,351.4700012207031,341.95001220703125,342.3299865722656,333.78887939453125,46552000.0,0.0,0.0
2023-06-20,MSFT,339.30999755859375,342.0799865722656,335.8599853515625,338.04998779296875,329.6156921386719,26375400.0,0.0,0.0
2023-06-21,MSFT,336.3699951171875,337.7300109863281,332.07000732421875,333.55999755859375,325.2376403808594,25117800.0,0.0,0.0
2023-06-22,MSFT,334.1199951171875,340.1199951171875,333.3399963378906,339.7099914550781,331.2342224121094,23556800.0,0.0,0.0
2023-06-23,MSFT,334.3599853515625,337.9599914550781,333.45001220703125,335.0199890136719,326.6612854003906,23146900.0,0.0,0.0
2023-06-26,MSFT,333.7200012207031,336.1099853515625,328.489990234375,328.6000061035156,320.4014892578125,21520600.0,0.0,0.0
2023-06-27,MSFT,331.8599853515625,336.1499938964844,329.29998779296875,334.57000732421875,326.2225036621094,24354100.0,0.0,0.0
2023-06-28,MSFT,334.6600036621094,337.9800109863281,333.80999755859375,335.8500061035156,327.4705810546875,20259500.0,0.0,0.0
2023-06-29,MSFT,334.7099914550781,336.1099853515625,332.6199951171875,335.04998779296875,326.69049072265625,16997000.0,0.0,0.0
2023-06-30,MSFT,337.75,342.7300109863281,337.20001220703125,340.5400085449219,332.0435485839844,26832800.0,0.0,0.0
2023-07-03,MSFT,339.19000244140625,340.8999938964844,336.57000732421875,337.989990234375,329.55712890625,12508700.0,0.0,0.0
2023-07-05,MSFT,335.0899963378906,341.6499938964844,334.7300109863281,338.1499938964844,329.7131652832031,18172400.0,0.0,0.0
2023-07-06,MSFT,337.29998779296875,342.989990234375,335.5,341.2699890136719,332.75531005859375,28161200.0,0.0,0.0
2023-07-07,MSFT,339.32000732421875,341.7900085449219,337.0,337.2200012207031,328.8063659667969,21214800.0,0.0,0.0
2023-07-10,MSFT,334.6000061035156,335.2300109863281,327.5899963378906,331.8299865722656,323.5508117675781,32791400.0,0.0,0.0
2023-07-11,MSFT,331.05999755859375,332.8599853515625,327.0,332.4700012207031,324.1748962402344,26698200.0,0.0,0.0
2023-07-12,MSFT,336.6000061035156,341.6499938964844,335.6700134277344,337.20001220703125,328.786865234375,29995300.0,0.0,0.0
2023-07-13,MSFT,339.55999755859375,343.739990234375,339.0199890136719,342.6600036621094,334.1106872558594,20567200.0,0.0,0.0
2023-07-14,MSFT,347.5899963378906,351.42999267578125,344.30999755859375,345.239990234375,336.6261901855469,28352700.0,0.0,0.0
2023-07-17,MSFT,345.67999267578125,346.989990234375,342.20001220703125,345.7300109863281,337.10406494140625,20363900.0,0.0,0.0
2023-07-18,MSFT,345.8299865722656,366.7799987792969,342.1700134277344,359.489990234375,350.5207214355469,64738600.0,0.0,0.0
2023-07-19,MSFT,361.75,362.4599914550781,352.44000244140625,355.0799865722656,346.2207336425781,39732900.0,0.0,0.0
2023-07-20,MSFT,353.57000732421875,357.9700012207031,345.3699951171875,346.8699951171875,338.21563720703125,33778400.0,0.0,0.0
2023-07-21,MSFT,349.1499938964844,350.29998779296875,339.8299865722656,343.7699890136719,335.1929626464844,69405400.0,0.0,0.0
2023-07-24,MSFT,345.8500061035156,346.9200134277344,342.30999755859375,345.1099853515625,336.4994812011719,26678100.0,0.0,0.0
2023-07-25,MSFT,347.1099853515625,351.8900146484375,345.07000732421875,350.9800109863281,342.2230529785156,41637700.0,0.0,0.0
2023-07-26,MSFT,341.44000244140625,344.6700134277344,333.1099853515625,337.7699890136719,329.3426818847656,58383700.0,0.0,0.0
2023-07-27,MSFT,340.4800109863281,341.3299865722656,329.04998779296875,330.7200012207031,322.4685363769531,39635300.0,0.0,0.0
2023-07-28,MSFT,333.6700134277344,340.010009765625,333.1700134277344,338.3699951171875,329.92767333984375,28484900.0,0.0,0.0
2023-07-31,MSFT,336.9200134277344,337.70001220703125,333.3599853515625,335.9200134277344,327.5387878417969,25446000.0,0.0,0.0
2023-08-01,MSFT,335.19000244140625,338.5400085449219,333.70001220703125,336.3399963378906,327.9483337402344,18311900.0,0.0,0.0
2023-08-02,MSFT,333.6300048828125,333.6300048828125,326.3599853515625,327.5,319.328857421875,27761300.0,0.0,0.0
2023-08-03,MSFT,326.0,329.8800048828125,325.95001220703125,326.6600036621094,318.5098876953125,18253700.0,0.0,0.0
2023-08-04,MSFT,331.8800048828125,335.1400146484375,327.239990234375,327.7799987792969,319.60186767578125,23741500.0,0.0,0.0
2023-08-07,MSFT,328.3699951171875,331.1099853515625,327.5199890136719,330.1099853515625,321.873779296875,17741500.0,0.0,0.0
2023-08-08,MSFT,326.9599914550781,328.75,323.0,326.04998779296875,317.9150390625,22327600.0,0.0,0.0
2023-08-09,MSFT,326.4700012207031,327.1099853515625,321.04998779296875,322.2300109863281,314.1903991699219,22373300.0,0.0,0.0
2023-08-10,MSFT,326.0199890136719,328.260009765625,321.17999267578125,322.92999267578125,314.8728332519531,20113700.0,0.0,0.0
2023-08-11,MSFT,320.260009765625,322.4100036621094,319.2099914550781,321.010009765625,313.0008544921875,24355500.0,0.0,0.0
2023-08-14,MSFT,321.3900146484375,324.05999755859375,320.0799865722656,324.0400085449219,315.9552001953125,18836100.0,0.0,0.0
2023-08-15,MSFT,323.0,325.0899963378906,320.8999938964844,321.8599853515625,313.82958984375,16966300.0,0.0,0.0
2023-08-16,MSFT,320.79998779296875,324.4200134277344,319.79998779296875,320.3999938964844,313.06744384765625,20698900.0,0.68,0.0
2023-08-17,MSFT,320.5400085449219,321.8699951171875,316.2099914550781,316.8800048828125,309.6280212402344,21257200.0,0.0,0.0
2023-08-18,MSFT,314.489990234375,318.3800048828125,311.54998779296875,316.4800109863281,309.2372131347656,24755000.0,0.0,0.0
2023-08-21,MSFT,317.92999267578125,322.7699890136719,317.0400085449219,321.8800048828125,314.5135803222656,24040000.0,0.0,0.0
2023-08-22,MSFT,325.5,326.0799865722656,321.4599914550781,322.4599914550781,315.0802917480469,16084600.0,0.0,0.0
2023-08-23,MSFT,323.82000732421875,329.20001220703125,323.4599914550781,327.0,319.51641845703125,21166400.0,0.0,0.0
2023-08-24,MSFT,332.8500061035156,332.9800109863281,319.9599914550781,319.9700012207031,312.6473388671875,23281400.0,0.0,0.0
2023-08-25,MSFT,321.4700012207031,325.3599853515625,318.79998779296875,322.9800109863281,315.5884094238281,21684100.0,0.0,0.0
2023-08-28,MSFT,325.6600036621094,326.1499938964844,321.7200012207031,323.70001220703125,316.2919006347656,14808500.0,0.0,0.0
2023-08-29,MSFT,321.8800048828125,328.9800109863281,321.8800048828125,328.4100036621094,320.8941650390625,19284600.0,0.0,0.0
2023-08-30,MSFT,328.6700134277344,329.80999755859375,326.45001220703125,328.7900085449219,321.2654113769531,15222100.0,0.0,0.0
2023-08-31,MSFT,329.20001220703125,330.9100036621094,326.7799987792969,327.760009765625,320.259033203125,26411000.0,0.0,0.0
2023-09-01,MSFT,331.30999755859375,331.989990234375,326.7799987792969,328.6600036621094,321.1383972167969,14942000.0,0.0,0.0
2023-09-05,MSFT,329.0,334.8500061035156,328.6600036621094,333.54998779296875,325.9164733886719,18553900.0,0.0,0.0
2023-09-06,MSFT,333.3800048828125,334.4599914550781,330.17999267578125,332.8800048828125,325.26190185546875,17535800.0,0.0,0.0
2023-09-07,MSFT,331.2900085449219,333.0799865722656,329.0299987792969,329.9100036621094,322.35986328125,18381000.0,0.0,0.0
2023-09-08,MSFT,330.0899963378906,336.1600036621094,329.4599914550781,334.2699890136719,326.6199645996094,19530100.0,0.0,0.0
2023-09-11,MSFT,337.239990234375,338.4200134277344,335.42999267578125,337.94000244140625,330.20599365234375,16583300.0,0.0,0.0
2023-09-12,MSFT,335.82000732421875,336.7900085449219,331.4800109863281,331.7699890136719,324.1772155761719,17565500.0,0.0,0.0
2023-09-13,MSFT,331.30999755859375,336.8500061035156,331.1700134277344,336.05999755859375,328.36907958984375,16544400.0,0.0,0.0
2023-09-14,MSFT,339.1499938964844,340.8599853515625,336.57000732421875,338.70001220703125,330.9486083984375,20267000.0,0.0,0.0
2023-09-15,MSFT,336.9200134277344,337.3999938964844,329.6499938964844,330.2200012207031,322.6627197265625,37679800.0,0.0,0.0
2023-09-18,MSFT,327.79998779296875,330.3999938964844,326.3599853515625,329.05999755859375,321.5292663574219,16834200.0,0.0,0.0
2023-09-19,MSFT,326.1700134277344,329.3900146484375,324.510009765625,328.6499938964844,321.1286926269531,16505900.0,0.0,0.0
2023-09-20,MSFT,329.510009765625,329.5899963378906,320.510009765625,320.7699890136719,313.428955078125,21436500.0,0.0,0.0
2023-09-21,MSFT,319.260009765625,325.3500061035156,315.0,319.5299987792969,312.2174072265625,35560400.0,0.0,0.0
2023-09-22,MSFT,321.32000732421875,321.45001220703125,316.1499938964844,317.010009765625,309.7550048828125,21447900.0,0.0,0.0
2023-09-25,MSFT,316.5899963378906,317.6700134277344,315.0,317.5400085449219,310.2729187011719,17836000.0,0.0,0.0
2023-09-26,MSFT,315.1300048828125,315.8800048828125,310.0199890136719,312.1400146484375,304.9964599609375,26297600.0,0.0,0.0
2023-09-27,MSFT,312.29998779296875,314.29998779296875,309.69000244140625,312.7900085449219,305.6316223144531,19410100.0,0.0,0.0
2023-09-28,MSFT,310.989990234375,315.4800109863281,309.45001220703125,313.6400146484375,306.462158203125,19683600.0,0.0,0.0
2023-09-29,MSFT,317.75,319.4700012207031,314.9800109863281,315.75,308.5238952636719,24147300.0,0.0,0.0
2023-10-02,MSFT,316.2799987792969,321.8900146484375,315.17999267578125,321.79998779296875,314.4354248046875,20570000.0,0.0,0.0
2023-10-03,MSFT,320.8299865722656,321.3900146484375,311.2099914550781,313.3900146484375,306.2178649902344,21033500.0,0.0,0.0
2023-10-04,MSFT,314.0299987792969,320.0400085449219,314.0,318.9599914550781,311.6604309082031,20720100.0,0.0,0.0
2023-10-05,MSFT,319.0899963378906,319.9800109863281,314.8999938964844,319.3599853515625,312.05126953125,16965600.0,0.0,0.0
2023-10-06,MSFT,316.54998779296875,329.19000244140625,316.29998779296875,327.260009765625,319.7704772949219,25673600.0,0.0,0.0
2023-10-09,MSFT,324.75,330.29998779296875,323.17999267578125,329.82000732421875,322.2718200683594,19891200.0,0.0,0.0
2023-10-10,MSFT,330.9599914550781,331.1000061035156,327.6700134277344,328.3900146484375,320.87457275390625,20557100.0,0.0,0.0
2023-10-11,MSFT,331.2099914550781,332.82000732421875,329.1400146484375,332.4200134277344,324.8123779296875,20063200.0,0.0,0.0
2023-10-12,MSFT,330.57000732421875,333.6300048828125,328.7200012207031,331.1600036621094,323.58123779296875,19313100.0,0.0,0.0
2023-10-13,MSFT,332.3800048828125,333.8299865722656,326.3599853515625,327.7300109863281,320.2297058105469,21072400.0,0.0,0.0
2023-10-16,MSFT,331.04998779296875,336.1400146484375,330.6000061035156,332.6400146484375,325.02734375,22158000.0,0.0,0.0
2023-10-17,MSFT,329.5899963378906,333.4599914550781,327.4100036621094,332.05999755859375,324.4605712890625,18338500.0,0.0,0.0
2023-10-18,MSFT,332.489990234375,335.5899963378906,328.29998779296875,330.1099853515625,322.5552673339844,23153600.0,0.0,0.0
2023-10-19,MSFT,332.1499938964844,336.8800048828125,330.9100036621094,331.32000732421875,323.737548828125,25052100.0,0.0,0.0
2023-10-20,MSFT,331.7200012207031,331.9200134277344,325.45001220703125,326.6700134277344,319.1939697265625,25027700.0,0.0,0.0
2023-10-23,MSFT,325.4700012207031,332.7300109863281,324.3900146484375,329.32000732421875,321.7832946777344,24374700.0,0.0,0.0
2023-10-24,MSFT,331.29998779296875,331.8399963378906,327.6000061035156,330.5299987792969,322.96563720703125,31153600.0,0.0,0.0
2023-10-25,MSFT,345.0199890136719,346.20001220703125,337.6199951171875,340.6700134277344,332.87359619140625,55053800.0,0.0,0.0
2023-10-26,MSFT,340.5400085449219,341.6300048828125,326.94000244140625,327.8900146484375,320.3860778808594,37828500.0,0.0,0.0
2023-10-27,MSFT,330.42999267578125,336.7200012207031,328.3999938964844,329.80999755859375,322.2620849609375,29856500.0,0.0,0.0
2023-10-30,MSFT,333.4100036621094,339.45001220703125,331.8299865722656,337.30999755859375,329.5904846191406,22828100.0,0.0,0.0
2023-10-31,MSFT,338.8500061035156,339.0,334.69000244140625,338.1099853515625,330.37213134765625,20265300.0,0.0,0.0
2023-11-01,MSFT,339.7900085449219,347.4200134277344,339.6499938964844,346.07000732421875,338.1499938964844,28158800.0,0.0,0.0
2023-11-02,MSFT,347.239990234375,348.8299865722656,344.7699890136719,348.32000732421875,340.3485107421875,24348100.0,0.0,0.0
2023-11-03,MSFT,349.6300048828125,354.3900146484375,347.3299865722656,352.79998779296875,344.7259826660156,23637700.0,0.0,0.0
2023-11-06,MSFT,353.45001220703125,357.5400085449219,353.3500061035156,356.5299987792969,348.37054443359375,23828300.0,0.0,0.0
2023-11-07,MSFT,359.3999938964844,362.4599914550781,357.6300048828125,360.5299987792969,352.2790832519531,25833900.0,0.0,0.0
2023-11-08,MSFT,361.67999267578125,363.8699951171875,360.54998779296875,363.20001220703125,354.887939453125,26767800.0,0.0,0.0
2023-11-09,MSFT,362.29998779296875,364.7900085449219,360.3599853515625,360.69000244140625,352.4353942871094,24847300.0,0.0,0.0
2023-11-10,MSFT,361.489990234375,370.1000061035156,361.07000732421875,369.6700134277344,361.20989990234375,28042100.0,0.0,0.0
2023-11-13,MSFT,368.2200012207031,368.4700012207031,365.8999938964844,366.67999267578125,358.288330078125,19986500.0,0.0,0.0
2023-11-14,MSFT,371.010009765625,371.95001220703125,367.3500061035156,370.2699890136719,361.796142578125,27683900.0,0.0,0.0
2023-11-15,MSFT,371.2799987792969,373.1300048828125,367.1099853515625,369.6700134277344,361.9430236816406,26860100.0,0.75,0.0
2023-11-16,MSFT,370.9599914550781,376.3500061035156,370.17999267578125,376.1700134277344,368.3071594238281,27182300.0,0.0,0.0
2023-11-17,MSFT,373.6099853515625,374.3699951171875,367.0,369.8500061035156,362.1192321777344,40157000.0,0.0,0.0
2023-11-20,MSFT,371.2200012207031,378.8699951171875,371.0,377.44000244140625,369.5505676269531,52465100.0,0.0,0.0
2023-11-21,MSFT,375.6700134277344,376.2200012207031,371.1199951171875,373.07000732421875,365.2720031738281,28423100.0,0.0,0.0
2023-11-22,MSFT,378.0,379.7900085449219,374.9700012207031,377.8500061035156,369.9520568847656,23345300.0,0.0,0.0
2023-11-24,MSFT,377.3299865722656,377.9700012207031,375.1400146484375,377.42999267578125,369.54083251953125,10176600.0,0.0,0.0
2023-11-27,MSFT,376.7799987792969,380.6400146484375,376.20001220703125,378.6099853515625,370.6961364746094,22179200.0,0.0,0.0
2023-11-28,MSFT,378.3500061035156,383.0,378.1600036621094,382.70001220703125,374.70068359375,20453100.0,0.0,0.0
2023-11-29,MSFT,383.760009765625,384.29998779296875,377.44000244140625,378.8500061035156,370.9311218261719,28963400.0,0.0,0.0
2023-11-30,MSFT,378.489990234375,380.0899963378906,375.4700012207031,378.9100036621094,370.9898681640625,30554400.0,0.0,0.0
2023-12-01,MSFT,376.760009765625,378.1600036621094,371.30999755859375,374.510009765625,366.681884765625,33040500.0,0.0,0.0
2023-12-04,MSFT,369.1000061035156,369.5199890136719,362.8999938964844,369.1400146484375,361.4241027832031,32063300.0,0.0,0.0
2023-12-05,MSFT,366.45001220703125,373.0799865722656,365.6199951171875,372.5199890136719,364.73345947265625,23065000.0,0.0,0.0
2023-12-06,MSFT,373.5400085449219,374.17999267578125,368.0299987792969,368.79998779296875,361.0912170410156,21182100.0,0.0,0.0
2023-12-07,MSFT,368.2300109863281,371.45001220703125,366.32000732421875,370.95001220703125,363.1962585449219,23118900.0,0.0,0.0
2023-12-08,MSFT,369.20001220703125,374.4599914550781,368.2300109863281,374.2300109863281,366.40771484375,20154400.0,0.0,0.0
2023-12-11,MSFT,368.4800109863281,371.6000061035156,366.1000061035156,371.29998779296875,363.5389099121094,27708800.0,0.0,0.0
2023-12-12,MSFT,370.8500061035156,374.4200134277344,370.4599914550781,374.3800048828125,366.5545349121094,24838300.0,0.0,0.0
2023-12-13,MSFT,376.0199890136719,377.6400146484375,370.7699890136719,374.3699951171875,366.5447998046875,30955500.0,0.0,0.0
2023-12-14,MSFT,373.30999755859375,373.760009765625,364.1300048828125,365.92999267578125,358.28118896484375,43277500.0,0.0,0.0
2023-12-15,MSFT,366.8500061035156,372.3999938964844,366.2799987792969,370.7300109863281,362.98089599609375,78502300.0,0.0,0.0
2023-12-18,MSFT,369.45001220703125,373.0,368.67999267578125,372.6499938964844,364.8607177734375,21802900.0,0.0,0.0
2023-12-19,MSFT,371.489990234375,373.260009765625,369.8399963378906,373.260009765625,365.4580078125,20603700.0,0.0,0.0
2023-12-20,MSFT,375.0,376.0299987792969,370.5299987792969,370.6199951171875,362.8731689453125,26316700.0,0.0,0.0
2023-12-21,MSFT,372.55999755859375,374.4100036621094,370.0400085449219,373.5400085449219,365.732177734375,17708000.0,0.0,0.0
2023-12-22,MSFT,373.67999267578125,375.17999267578125,372.7099914550781,374.5799865722656,366.7503662109375,17107500.0,0.0,0.0
2023-12-26,MSFT,375.0,376.94000244140625,373.5,374.6600036621094,366.8287353515625,12673100.0,0.0,0.0
2023-12-27,MSFT,373.69000244140625,375.05999755859375,372.80999755859375,374.07000732421875,366.2510986328125,14905400.0,0.0,0.0
2023-12-28,MSFT,375.3699951171875,376.4599914550781,374.1600036621094,375.2799987792969,367.435791015625,14327000.0,0.0,0.0
2023-12-29,MSFT,376.0,377.1600036621094,373.4800109863281,376.0400085449219,368.17987060546875,18730800.0,0.0,0.0
2024-01-02,MSFT,373.8599853515625,375.8999938964844,366.7699890136719,370.8699951171875,363.117919921875,25258600.0,0.0,0.0
2024-01-03,MSFT,369.010009765625,373.260009765625,368.510009765625,370.6000061035156,362.85357666015625,23083500.0,0.0,0.0
2024-01-04,MSFT,370.6700134277344,373.1000061035156,367.1700134277344,367.94000244140625,360.2491760253906,20901500.0,0.0,0.0
2024-01-05,MSFT,368.9700012207031,372.05999755859375,366.5,367.75,360.0631103515625,21004600.0,0.0,0.0
2024-01-08,MSFT,369.29998779296875,375.20001220703125,369.010009765625,374.69000244140625,366.85809326171875,23134000.0,0.0,0.0
2024-01-09,MSFT,372.010009765625,375.989990234375,371.19000244140625,375.7900085449219,367.93505859375,20830000.0,0.0,0.0
2024-01-10,MSFT,376.3699951171875,384.1700134277344,376.32000732421875,382.7699890136719,374.7691650390625,25514200.0,0.0,0.0
2024-01-11,MSFT,386.0,390.67999267578125,380.3800048828125,384.6300048828125,376.59033203125,27850800.0,0.0,0.0
2024-01-12,MSFT,385.489990234375,388.67999267578125,384.6499938964844,388.4700012207031,380.3501281738281,21661200.0,0.0,0.0
2024-01-16,MSFT,393.6600036621094,394.0299987792969,387.6199951171875,390.2699890136719,382.1124572753906,27202300.0,0.0,0.0
2024-01-17,MSFT,387.9800109863281,390.1099853515625,384.80999755859375,389.4700012207031,381.3291931152344,22234100.0,0.0,0.0
2024-01-18,MSFT,391.7200012207031,393.989990234375,390.1199951171875,393.8699951171875,385.6371765136719,23392100.0,0.0,0.0
2024-01-19,MSFT,395.760009765625,398.6700134277344,393.5,398.6700134277344,390.3367919921875,29331100.0,0.0,0.0
2024-01-22,MSFT,400.0199890136719,400.6199951171875,393.5899963378906,396.510009765625,388.22198486328125,27016900.0,0.0,0.0
2024-01-23,MSFT,395.75,399.3800048828125,393.92999267578125,398.8999938964844,390.56201171875,20525900.0,0.0,0.0
2024-01-24,MSFT,401.5400085449219,405.6300048828125,400.45001220703125,402.55999755859375,394.1455383300781,24867000.0,0.0,0.0
2024-01-25,MSFT,404.32000732421875,407.010009765625,402.5299987792969,404.8699951171875,396.40728759765625,21021200.0,0.0,0.0
2024-01-26,MSFT,404.3699951171875,406.1700134277344,402.42999267578125,403.92999267578125,395.48687744140625,17803300.0,0.0,0.0
2024-01-29,MSFT,406.05999755859375,409.9800109863281,404.3299865722656,409.7200012207031,401.1558837890625,24510200.0,0.0,0.0
2024-01-30,MSFT,412.260009765625,413.04998779296875,406.45001220703125,408.5899963378906,400.0494689941406,33477600.0,0.0,0.0
2024-01-31,MSFT,406.9599914550781,415.32000732421875,397.2099914550781,397.5799865722656,389.26959228515625,47871100.0,0.0,0.0
2024-02-01,MSFT,401.8299865722656,408.0,401.79998779296875,403.7799987792969,395.3399963378906,30657700.0,0.0,0.0
2024-02-02,MSFT,403.80999755859375,412.6499938964844,403.55999755859375,411.2200012207031,402.6244812011719,28256700.0,0.0,0.0
2024-02-05,MSFT,409.8999938964844,411.1600036621094,403.989990234375,405.6499938964844,397.17095947265625,25352300.0,0.0,0.0
2024-02-06,MSFT,405.8800048828125,407.9700012207031,402.9100036621094,405.489990234375,397.0143127441406,18382600.0,0.0,0.0
2024-02-07,MSFT,407.44000244140625,414.29998779296875,407.3999938964844,414.04998779296875,405.3953552246094,22340500.0,0.0,0.0
2024-02-08,MSFT,414.04998779296875,415.55999755859375,412.5299987792969,414.1099853515625,405.4541015625,21225300.0,0.0,0.0
2024-02-09,MSFT,415.25,420.82000732421875,415.0899963378906,420.54998779296875,411.75946044921875,22032800.0,0.0,0.0
2024-02-12,MSFT,420.55999755859375,420.739990234375,414.75,415.260009765625,406.5800476074219,21202900.0,0.0,0.0
2024-02-13,MSFT,404.94000244140625,410.07000732421875,403.3900146484375,406.32000732421875,397.8269348144531,27824900.0,0.0,0.0
2024-02-14,MSFT,408.07000732421875,409.8399963378906,404.57000732421875,409.489990234375,401.67205810546875,20401200.0,0.75,0.0
2024-02-15,MSFT,408.1400146484375,409.1300048828125,404.2900085449219,406.55999755859375,398.79803466796875,21825500.0,0.0,0.0
2024-02-16,MSFT,407.9599914550781,408.2900085449219,403.44000244140625,404.05999755859375,396.34576416015625,22296500.0,0.0,0.0
2024-02-20,MSFT,403.239990234375,404.489990234375,398.010009765625,402.7900085449219,395.1000061035156,24307900.0,0.0,0.0
2024-02-21,MSFT,400.1700134277344,402.2900085449219,397.2200012207031,402.17999267578125,394.5016784667969,18518900.0,0.0,0.0
2024-02-22,MSFT,410.19000244140625,412.8299865722656,408.57000732421875,411.6499938964844,403.79083251953125,27009900.0,0.0,0.0
2024-02-23,MSFT,415.6700134277344,415.8599853515625,408.9700012207031,410.3399963378906,402.5058288574219,16295900.0,0.0,0.0
2024-02-26,MSFT,411.4599914550781,412.1600036621094,407.3599853515625,407.5400085449219,399.7593078613281,16193500.0,0.0,0.0
2024-02-27,MSFT,407.989990234375,408.32000732421875,403.8500061035156,407.4800109863281,399.7004699707031,14835800.0,0.0,0.0
2024-02-28,MSFT,408.17999267578125,409.29998779296875,405.32000732421875,407.7200012207031,399.9359130859375,13183100.0,0.0,0.0
2024-02-29,MSFT,408.6400146484375,414.20001220703125,405.9200134277344,413.6400146484375,405.74285888671875,31947300.0,0.0,0.0
2024-03-01,MSFT,411.2699890136719,415.8699951171875,410.8800048828125,415.5,407.5673522949219,17823400.0,0.0,0.0
2024-03-04,MSFT,413.44000244140625,417.3500061035156,412.32000732421875,414.9200134277344,406.9984130859375,17596000.0,0.0,0.0
2024-03-05,MSFT,413.9599914550781,414.25,400.6400146484375,402.6499938964844,394.96270751953125,26919200.0,0.0,0.0
2024-03-06,MSFT,402.9700012207031,405.1600036621094,398.3900146484375,402.0899963378906,394.4133605957031,22344100.0,0.0,0.0
2024-03-07,MSFT,406.1199951171875,409.7799987792969,402.239990234375,409.1400146484375,401.32879638671875,18718500.0,0.0,0.0
2024-03-08,MSFT,407.9599914550781,410.4200134277344,404.3299865722656,406.2200012207031,398.46453857421875,18002200.0,0.0,0.0
2024-03-11,MSFT,403.760009765625,405.67999267578125,401.260009765625,404.5199890136719,396.79693603515625,16120800.0,0.0,0.0
2024-03-12,MSFT,407.6199951171875,415.57000732421875,406.7900085449219,415.2799987792969,407.3515930175781,22457000.0,0.0,0.0
2024-03-13,MSFT,418.1000061035156,418.17999267578125,411.45001220703125,415.1000061035156,407.17498779296875,17115900.0,0.0,0.0
2024-03-14,MSFT,420.239990234375,427.82000732421875,417.989990234375,425.2200012207031,417.1017761230469,34157300.0,0.0,0.0
2024-03-15,MSFT,419.2900085449219,422.6000061035156,412.7900085449219,416.4200134277344,408.4698181152344,45079900.0,0.0,0.0
2024-03-18,MSFT,414.25,420.7300109863281,413.7799987792969,417.32000732421875,409.35260009765625,20106000.0,0.0,0.0
2024-03-19,MSFT,417.8299865722656,421.6700134277344,415.54998779296875,421.4100036621094,413.3645324707031,19837900.0,0.0,0.0
2024-03-20,MSFT,422.0,425.9599914550781,420.6600036621094,425.2300109863281,417.1116027832031,17860100.0,0.0,0.0
2024-03-21,MSFT,429.8299865722656,430.82000732421875,427.1600036621094,429.3699951171875,421.1725158691406,21296200.0,0.0,0.0
2024-03-22,MSFT,429.70001220703125,429.8599853515625,426.07000732421875,428.739990234375,420.5545959472656,17648500.0,0.0,0.0
2024-03-25,MSFT,425.239990234375,427.4100036621094,421.6099853515625,422.8599853515625,414.7867736816406,18060500.0,0.0,0.0
2024-03-26,MSFT,425.6099853515625,425.989990234375,421.3500061035156,421.6499938964844,413.5999450683594,16725600.0,0.0,0.0
2024-03-27,MSFT,424.44000244140625,424.45001220703125,419.010009765625,421.42999267578125,413.3841247558594,16705000.0,0.0,0.0
2024-03-28,MSFT,420.9599914550781,421.8699951171875,419.1199951171875,420.7200012207031,412.68768310546875,21871200.0,0.0,0.0
2024-04-01,MSFT,423.95001220703125,427.8900146484375,422.2200012207031,424.57000732421875,416.46417236328125,16316000.0,0.0,0.0
2024-04-02,MSFT,420.1099853515625,422.3800048828125,417.8399963378906,421.44000244140625,413.3939514160156,17912000.0,0.0,0.0
2024-04-03,MSFT,419.7300109863281,423.260009765625,419.0899963378906,420.45001220703125,412.4228820800781,16502300.0,0.0,0.0
2024-04-04,MSFT,424.989990234375,428.6700134277344,417.57000732421875,417.8800048828125,409.9019470214844,19370900.0,0.0,0.0
2024-04-05,MSFT,420.010009765625,426.510009765625,418.32000732421875,425.5199890136719,417.39605712890625,16554800.0,0.0,0.0
2024-04-08,MSFT,425.1700134277344,427.2799987792969,423.29998779296875,424.5899963378906,416.48382568359375,14272400.0,0.0,0.0
2024-04-09,MSFT,426.44000244140625,427.739990234375,421.6199951171875,426.2799987792969,418.1415100097656,12496900.0,0.0,0.0
2024-04-10,MSFT,422.19000244140625,424.0299987792969,419.70001220703125,423.260009765625,415.1792297363281,16216600.0,0.0,0.0
2024-04-11,MSFT,425.82000732421875,429.3699951171875,422.3599853515625,427.92999267578125,419.760009765625,17966400.0,0.0,0.0
2024-04-12,MSFT,424.04998779296875,425.17999267578125,419.7699890136719,421.8999938964844,413.84515380859375,19253800.0,0.0,0.0
2024-04-15,MSFT,426.6000061035156,426.82000732421875,413.42999267578125,413.6400146484375,405.74285888671875,20273500.0,0.0,0.0
2024-04-16,MSFT,414.57000732421875,418.3999938964844,413.7300109863281,414.5799865722656,406.6648864746094,16765600.0,0.0,0.0
2024-04-17,MSFT,417.25,418.8800048828125,410.3299865722656,411.8399963378906,403.97723388671875,15855500.0,0.0,0.0
2024-04-18,MSFT,410.6300048828125,411.8900146484375,403.95001220703125,404.2699890136719,396.5517578125,21029900.0,0.0,0.0
2024-04-19,MSFT,404.0299987792969,405.4800109863281,397.7699890136719,399.1199951171875,391.5001220703125,30565800.0,0.0,0.0
2024-04-22,MSFT,400.0799865722656,402.8500061035156,395.75,400.9599914550781,393.30487060546875,20286900.0,0.0,0.0
2024-04-23,MSFT,404.239990234375,408.20001220703125,403.05999755859375,407.57000732421875,399.7887878417969,15734500.0,0.0,0.0
2024-04-24,MSFT,409.55999755859375,412.4700012207031,406.7799987792969,409.05999755859375,401.2502746582031,15065300.0,0.0,0.0
2024-04-25,MSFT,394.0299987792969,399.8900146484375,388.0299987792969,399.0400085449219,391.421630859375,40586500.0,0.0,0.0
2024-04-26,MSFT,412.1700134277344,413.0,405.760009765625,406.32000732421875,398.5625915527344,29694700.0,0.0,0.0
2024-04-29,MSFT,405.25,406.32000732421875,399.19000244140625,402.25,394.5703125,19582100.0,0.0,0.0
2024-04-30,MSFT,401.489990234375,402.1600036621094,389.1700134277344,389.3299865722656,381.89697265625,28781400.0,0.0,0.0
2024-05-01,MSFT,392.6099853515625,401.7200012207031,390.30999755859375,394.94000244140625,387.3998718261719,23562500.0,0.0,0.0
2024-05-02,MSFT,397.6600036621094,399.92999267578125,394.6499938964844,397.8399963378906,390.2445373535156,17709400.0,0.0,0.0
2024-05-03,MSFT,402.2799987792969,407.1499938964844,401.8599853515625,406.6600036621094,398.8960876464844,17446700.0,0.0,0.0
2024-05-06,MSFT,408.760009765625,413.92999267578125,406.3699951171875,413.5400085449219,405.64483642578125,16996600.0,0.0,0.0
2024-05-07,MSFT,414.6600036621094,414.6700134277344,409.0899963378906,409.3399963378906,401.5249328613281,20018200.0,0.0,0.0
2024-05-08,MSFT,408.1700134277344,412.2300109863281,406.7099914550781,410.5400085449219,402.70208740234375,11792300.0,0.0,0.0
2024-05-09,MSFT,410.57000732421875,412.7200012207031,409.1000061035156,412.32000732421875,404.4480895996094,14689700.0,0.0,0.0
2024-05-10,MSFT,412.94000244140625,415.3800048828125,411.79998779296875,414.739990234375,406.8218994140625,13402300.0,0.0,0.0
2024-05-13,MSFT,418.010009765625,418.3500061035156,410.82000732421875,413.7200012207031,405.82135009765625,15440200.0,0.0,0.0
2024-05-14,MSFT,412.0199890136719,417.489990234375,411.54998779296875,416.55999755859375,408.60711669921875,15109300.0,0.0,0.0
2024-05-15,MSFT,417.8999938964844,423.80999755859375,417.2699890136719,423.0799865722656,415.75115966796875,22239500.0,0.75,0.0
2024-05-16,MSFT,421.79998779296875,425.4200134277344,420.3500061035156,420.989990234375,413.6974182128906,17530100.0,0.0,0.0
2024-05-17,MSFT,422.5400085449219,422.9200134277344,418.0299987792969,420.2099914550781,412.9308776855469,15352200.0,0.0,0.0
2024-05-20,MSFT,420.2099914550781,426.7699890136719,419.989990234375,425.3399963378906,417.9720764160156,16272100.0,0.0,0.0
2024-05-21,MSFT,426.8299865722656,432.9700012207031,424.8500061035156,429.0400085449219,421.6080017089844,21453300.0,0.0,0.0
2024-05-22,MSFT,430.0899963378906,432.4100036621094,427.1300048828125,430.5199890136719,423.06231689453125,18073700.0,0.0,0.0
2024-05-23,MSFT,432.9700012207031,433.6000061035156,425.4200134277344,427.0,419.603271484375,17211700.0,0.0,0.0
2024-05-24,MSFT,427.19000244140625,431.05999755859375,424.4100036621094,430.1600036621094,422.70855712890625,11855300.0,0.0,0.0
2024-05-28,MSFT,429.6300048828125,430.82000732421875,426.6000061035156,430.32000732421875,422.86578369140625,15718000.0,0.0,0.0
2024-05-29,MSFT,425.69000244140625,430.94000244140625,425.69000244140625,429.1700134277344,421.7357177734375,15517100.0,0.0,0.0
2024-05-30,MSFT,424.29998779296875,424.29998779296875,414.239990234375,414.6700134277344,407.4869079589844,28394500.0,0.0,0.0
2024-05-31,MSFT,416.75,416.75,404.510009765625,415.1300048828125,407.9389343261719,47995300.0,0.0,0.0
2024-06-03,MSFT,415.5299987792969,416.42999267578125,408.9200134277344,413.5199890136719,406.3567810058594,17484700.0,0.0,0.0
2024-06-04,MSFT,412.42999267578125,416.44000244140625,409.67999267578125,416.07000732421875,408.8626708984375,14348900.0,0.0,0.0
2024-06-05,MSFT,417.80999755859375,424.0799865722656,416.29998779296875,424.010009765625,416.66510009765625,16988000.0,0.0,0.0
2024-06-06,MSFT,424.010009765625,425.30999755859375,420.5799865722656,424.5199890136719,417.1661682128906,14861300.0,0.0,0.0
2024-06-07,MSFT,426.20001220703125,426.2799987792969,423.0,423.8500061035156,416.50787353515625,13621700.0,0.0,0.0
2024-06-10,MSFT,424.70001220703125,428.0799865722656,423.8900146484375,427.8699951171875,420.4582214355469,13982900.0,0.0,0.0
2024-06-11,MSFT,425.4800109863281,432.82000732421875,425.25,432.67999267578125,425.18487548828125,14551100.0,0.0,0.0
2024-06-12,MSFT,435.32000732421875,443.3999938964844,433.25,441.05999755859375,433.41973876953125,22366200.0,0.0,0.0
2024-06-13,MSFT,440.8500061035156,443.3900146484375,439.3699951171875,441.5799865722656,433.93072509765625,15960600.0,0.0,0.0
2024-06-14,MSFT,438.2799987792969,443.1400146484375,436.7200012207031,442.57000732421875,434.903564453125,13582000.0,0.0,0.0
2024-06-17,MSFT,442.5899963378906,450.94000244140625,440.7200012207031,448.3699951171875,440.6030578613281,20790000.0,0.0,0.0
2024-06-18,MSFT,449.7099914550781,450.1400146484375,444.8900146484375,446.3399963378906,438.6082763671875,17112500.0,0.0,0.0
2024-06-20,MSFT,446.29998779296875,446.5299987792969,441.2699890136719,445.70001220703125,437.97943115234375,19877400.0,0.0,0.0
2024-06-21,MSFT,447.3800048828125,450.5799865722656,446.510009765625,449.7799987792969,441.9886779785156,34187100.0,0.0,0.0
2024-06-24,MSFT,449.79998779296875,452.75,446.4100036621094,447.6700134277344,439.9152526855469,15913700.0,0.0,0.0
2024-06-25,MSFT,448.25,451.4200134277344,446.75,450.95001220703125,443.138427734375,16413400.0,0.0,0.0
2024-06-26,MSFT,449.0,453.6000061035156,448.19000244140625,452.1600036621094,444.32745361328125,16507000.0,0.0,0.0
2024-06-27,MSFT,452.17999267578125,456.1700134277344,451.7699890136719,452.8500061035156,445.0055236816406,14806300.0,0.0,0.0
2024-06-28,MSFT,453.07000732421875,455.3800048828125,446.4100036621094,446.95001220703125,439.2077331542969,28362300.0,0.0,0.0
2024-07-01,MSFT,448.6600036621094,457.3699951171875,445.6600036621094,456.7300109863281,448.81829833984375,17662800.0,0.0,0.0
2024-07-02,MSFT,453.20001220703125,459.5899963378906,453.1099853515625,459.2799987792969,451.3240966796875,13979800.0,0.0,0.0
2024-07-03,MSFT,458.19000244140625,461.0199890136719,457.8800048828125,460.7699890136719,452.78826904296875,9932800.0,0.0,0.0
2024-07-05,MSFT,459.6099853515625,468.3500061035156,458.9700012207031,467.55999755859375,459.4607238769531,16000300.0,0.0,0.0
2024-07-08,MSFT,466.54998779296875,467.70001220703125,464.4599914550781,466.239990234375,458.16357421875,12962300.0,0.0,0.0
2024-07-09,MSFT,467.0,467.3299865722656,458.0,459.5400085449219,451.5796203613281,17207200.0,0.0,0.0
2024-07-10,MSFT,461.2200012207031,466.4599914550781,458.8599853515625,466.25,458.1733703613281,18196100.0,0.0,0.0
2024-07-11,MSFT,462.9800109863281,464.7799987792969,451.54998779296875,454.70001220703125,446.8235168457031,23111200.0,0.0,0.0
2024-07-12,MSFT,454.3299865722656,456.3599853515625,450.6499938964844,453.54998779296875,445.693359375,16324300.0,0.0,0.0
2024-07-15,MSFT,453.29998779296875,457.260009765625,451.42999267578125,453.9599914550781,446.0963134765625,14429400.0,0.0,0.0
2024-07-16,MSFT,454.2200012207031,454.29998779296875,446.6600036621094,449.5199890136719,441.7331848144531,17175700.0,0.0,0.0
2024-07-17,MSFT,442.5899963378906,444.8500061035156,439.17999267578125,443.5199890136719,435.83709716796875,21778000.0,0.0,0.0
2024-07-18,MSFT,444.3399963378906,444.6499938964844,434.3999938964844,440.3699951171875,432.7416687011719,20794800.0,0.0,0.0
2024-07-19,MSFT,433.1000061035156,441.1400146484375,432.0,437.1099853515625,429.5381774902344,20940400.0,0.0,0.0
2024-07-22,MSFT,441.7900085449219,444.6000061035156,438.9100036621094,442.94000244140625,435.26715087890625,15808800.0,0.0,0.0
2024-07-23,MSFT,443.8999938964844,448.3900146484375,443.1000061035156,444.8500061035156,437.14410400390625,13107100.0,0.0,0.0
2024-07-24,MSFT,440.45001220703125,441.4800109863281,427.5899963378906,428.8999938964844,421.4703369140625,26805800.0,0.0,0.0
2024-07-25,MSFT,428.79998779296875,429.79998779296875,417.510009765625,418.3999938964844,411.1522521972656,29943800.0,0.0,0.0
2024-07-26,MSFT,418.20001220703125,428.9200134277344,417.2699890136719,425.2699890136719,417.90325927734375,23583800.0,0.0,0.0
2024-07-29,MSFT,431.5799865722656,432.1499938964844,424.70001220703125,426.7300109863281,419.3379821777344,15125800.0,0.0,0.0
2024-07-30,MSFT,427.7200012207031,429.04998779296875,417.3599853515625,422.9200134277344,415.593994140625,32687600.0,0.0,0.0
2024-07-31,MSFT,420.5,421.7799987792969,412.2099914550781,418.3500061035156,411.1031188964844,42891400.0,0.0,0.0
2024-08-01,MSFT,420.7900085449219,427.4599914550781,413.0899963378906,417.1099853515625,409.88458251953125,30296400.0,0.0,0.0
2024-08-02,MSFT,412.489990234375,415.0,404.3399963378906,408.489990234375,401.41387939453125,29437900.0,0.0,0.0
2024-08-05,MSFT,389.1700134277344,401.0400085449219,385.5799865722656,395.1499938964844,388.30499267578125,40709200.0,0.0,0.0
2024-08-06,MSFT,400.0,405.6700134277344,398.5,399.6099853515625,392.6877136230469,24946500.0,0.0,0.0
2024-08-07,MSFT,408.6400146484375,410.0799865722656,397.4700012207031,398.42999267578125,391.5281982421875,20650900.0,0.0,0.0
2024-08-08,MSFT,402.44000244140625,405.8599853515625,399.94000244140625,402.69000244140625,395.7143859863281,20203000.0,0.0,0.0
2024-08-09,MSFT,404.0299987792969,408.04998779296875,402.260009765625,406.0199890136719,398.9867248535156,19276700.0,0.0,0.0
2024-08-12,MSFT,407.05999755859375,408.760009765625,404.239990234375,406.80999755859375,399.76300048828125,16762900.0,0.0,0.0
2024-08-13,MSFT,409.5899963378906,414.95001220703125,409.57000732421875,414.010009765625,406.8383483886719,19414300.0,0.0,0.0
2024-08-14,MSFT,414.79998779296875,417.7200012207031,412.45001220703125,416.8599853515625,409.6389465332031,18267000.0,0.0,0.0
2024-08-15,MSFT,419.79998779296875,421.1099853515625,417.6600036621094,421.0299987792969,414.48248291015625,20752100.0,0.75,0.0
2024-08-16,MSFT,420.6000061035156,421.3399963378906,417.29998779296875,418.4700012207031,411.96221923828125,22775600.0,0.0,0.0
2024-08-19,MSFT,418.9599914550781,421.75,416.4599914550781,421.5299987792969,414.9746398925781,15234000.0,0.0,0.0
2024-08-20,MSFT,421.70001220703125,425.8599853515625,421.6400146484375,424.79998779296875,418.19378662109375,16387600.0,0.0,0.0
2024-08-21,MSFT,424.0799865722656,426.3999938964844,421.7200012207031,424.1400146484375,417.5440979003906,16067300.0,0.0,0.0
2024-08-22,MSFT,424.3599853515625,426.7900085449219,414.6099853515625,415.54998779296875,409.0876159667969,19361900.0,0.0,0.0
2024-08-23,MSFT,416.9800109863281,419.260009765625,412.0899963378906,416.7900085449219,410.3083801269531,18493800.0,0.0,0.0
2024-08-26,MSFT,416.3699951171875,417.2799987792969,411.3399963378906,413.489990234375,407.0596618652344,13152800.0,0.0,0.0
2024-08-27,MSFT,412.8599853515625,414.3599853515625,410.25,413.8399963378906,407.40423583984375,13492900.0,0.0,0.0
2024-08-28,MSFT,414.8800048828125,415.0,407.30999755859375,410.6000061035156,404.214599609375,14882700.0,0.0,0.0
2024-08-29,MSFT,414.94000244140625,422.04998779296875,410.6000061035156,413.1199951171875,406.6954345703125,17045200.0,0.0,0.0
2024-08-30,MSFT,415.6000061035156,417.489990234375,412.1300048828125,417.1400146484375,410.6529235839844,24308300.0,0.0,0.0
2024-09-03,MSFT,417.9100036621094,419.8800048828125,407.0299987792969,409.44000244140625,403.0726318359375,20313600.0,0.0,0.0
2024-09-04,MSFT,405.9100036621094,411.239990234375,404.3699951171875,408.8999938964844,402.5410461425781,15135800.0,0.0,0.0
2024-09-05,MSFT,407.6199951171875,413.1000061035156,406.1300048828125,408.3900146484375,402.03900146484375,14195500.0,0.0,0.0
2024-09-06,MSFT,409.05999755859375,410.6499938964844,400.79998779296875,401.70001220703125,395.45306396484375,19609500.0,0.0,0.0
2024-09-09,MSFT,407.239990234375,408.6499938964844,402.1499938964844,405.7200012207031,399.41058349609375,15295100.0,0.0,0.0
2024-09-10,MSFT,408.20001220703125,416.3299865722656,407.70001220703125,414.20001220703125,407.7586669921875,19594300.0,0.0,0.0
2024-09-11,MSFT,415.5,423.989990234375,409.5799865722656,423.0400085449219,416.4611511230469,19266900.0,0.0,0.0
2024-09-12,MSFT,423.30999755859375,427.3699951171875,419.75,427.0,420.35955810546875,17395700.0,0.0,0.0
2024-09-13,MSFT,425.8299865722656,431.8299865722656,425.4599914550781,430.5899963378906,423.8937683105469,15874600.0,0.0,0.0
2024-09-16,MSFT,430.6000061035156,433.5299987792969,428.2200012207031,431.3399963378906,424.6321105957031,13834700.0,0.0,0.0
2024-09-17,MSFT,440.2300109863281,441.8500061035156,432.2699890136719,435.1499938964844,428.3828430175781,18874200.0,0.0,0.0
2024-09-18,MSFT,435.0,436.0299987792969,430.4100036621094,430.80999755859375,424.1103515625,18898000.0,0.0,0.0
2024-09-19,MSFT,441.2300109863281,441.5,436.8999938964844,438.69000244140625,431.8677978515625,21706600.0,0.0,0.0
2024-09-20,MSFT,437.2200012207031,439.239990234375,434.2200012207031,435.2699890136719,428.5010070800781,55167100.0,0.0,0.0
2024-09-23,MSFT,434.2799987792969,436.4599914550781,430.3900146484375,433.510009765625,426.76837158203125,15128900.0,0.0,0.0
2024-09-24,MSFT,433.0,433.3500061035156,426.1000061035156,429.1700134277344,422.4958190917969,17015800.0,0.0,0.0
2024-09-25,MSFT,429.8299865722656,433.1199951171875,428.57000732421875,432.1099853515625,425.3901062011719,13396400.0,0.0,0.0
2024-09-26,MSFT,435.0899963378906,435.29998779296875,429.1300048828125,431.30999755859375,424.6025695800781,14492000.0,0.0,0.0
2024-09-27,MSFT,431.5199890136719,431.8500061035156,427.4700012207031,428.0199890136719,421.36370849609375,14896100.0,0.0,0.0
2024-09-30,MSFT,428.2099914550781,430.4200134277344,425.3699951171875,430.29998779296875,423.6082763671875,16807300.0,0.0,0.0
2024-10-01,MSFT,428.45001220703125,428.4800109863281,418.80999755859375,420.69000244140625,414.1477355957031,19092900.0,0.0,0.0
2024-10-02,MSFT,422.5799865722656,422.82000732421875,416.7099914550781,417.1300048828125,410.6430969238281,16582300.0,0.0,0.0
2024-10-03,MSFT,417.6300048828125,419.54998779296875,414.2900085449219,416.5400085449219,410.062255859375,13686400.0,0.0,0.0
2024-10-04,MSFT,418.239990234375,419.75,414.9700012207031,416.05999755859375,409.5897216796875,19169700.0,0.0,0.0
2024-10-07,MSFT,416.0,417.1099853515625,409.0,409.5400085449219,403.1711120605469,20919800.0,0.0,0.0
2024-10-08,MSFT,410.8999938964844,415.6600036621094,408.1700134277344,414.7099914550781,408.2607116699219,19229300.0,0.0,0.0
2024-10-09,MSFT,415.8599853515625,420.3800048828125,414.29998779296875,417.4599914550781,410.9678955078125,14974300.0,0.0,0.0
2024-10-10,MSFT,415.2300109863281,417.3500061035156,413.1499938964844,415.8399963378906,409.3731384277344,13848400.0,0.0,0.0
2024-10-11,MSFT,416.1400146484375,417.1300048828125,413.25,416.32000732421875,409.845703125,14144900.0,0.0,0.0
2024-10-14,MSFT,417.7699890136719,424.0400085449219,417.5199890136719,419.1400146484375,412.6217956542969,16653100.0,0.0,0.0
2024-10-15,MSFT,422.17999267578125,422.4800109863281,415.260009765625,418.739990234375,412.22802734375,18900200.0,0.0,0.0
2024-10-16,MSFT,415.1700134277344,416.3599853515625,410.4800109863281,416.1199951171875,409.6487731933594,15508900.0,0.0,0.0
2024-10-17,MSFT,422.3599853515625,422.5,415.5899963378906,416.7200012207031,410.23944091796875,14820000.0,0.0,0.0
2024-10-18,MSFT,417.1400146484375,419.6499938964844,416.260009765625,418.1600036621094,411.6571044921875,17145300.0,0.0,0.0
2024-10-21,MSFT,416.1199951171875,418.9599914550781,413.75,418.7799987792969,412.2674255371094,14206100.0,0.0,0.0
2024-10-22,MSFT,418.489990234375,430.5799865722656,418.0400085449219,427.510009765625,420.8616943359375,25482200.0,0.0,0.0
2024-10-23,MSFT,430.8599853515625,431.0799865722656,422.5299987792969,424.6000061035156,417.99688720703125,19654400.0,0.0,0.0
2024-10-24,MSFT,425.3299865722656,425.9800109863281,422.3999938964844,424.7300109863281,418.1249084472656,13581600.0,0.0,0.0
2024-10-25,MSFT,426.760009765625,432.5199890136719,426.57000732421875,428.1499938964844,421.4917297363281,16899100.0,0.0,0.0
2024-10-28,MSFT,431.6600036621094,431.94000244140625,426.29998779296875,426.5899963378906,419.9559631347656,14882400.0,0.0,0.0
2024-10-29,MSFT,428.0,433.1700134277344,425.79998779296875,431.95001220703125,425.23260498046875,17644100.0,0.0,0.0
2024-10-30,MSFT,437.44000244140625,438.5,432.1000061035156,432.5299987792969,425.8036193847656,29749100.0,0.0,0.0
2024-10-31,MSFT,415.3599853515625,416.1600036621094,406.29998779296875,406.3500061035156,400.03070068359375,53971000.0,0.0,0.0
2024-11-01,MSFT,409.010009765625,415.5,407.5,410.3699951171875,403.9881591796875,24230400.0,0.0,0.0
2024-11-04,MSFT,409.79998779296875,410.4200134277344,405.57000732421875,408.4599914550781,402.1078796386719,19672300.0,0.0,0.0
2024-11-05,MSFT,408.3699951171875,414.8999938964844,408.0799865722656,411.4599914550781,405.0612487792969,17626000.0,0.0,0.0
2024-11-06,MSFT,412.4200134277344,420.45001220703125,410.5199890136719,420.17999267578125,413.6456298828125,26681800.0,0.0,0.0
2024-11-07,MSFT,421.2799987792969,426.8500061035156,419.8800048828125,425.42999267578125,418.8139953613281,19901800.0,0.0,0.0
2024-11-08,MSFT,425.32000732421875,426.5,421.7799987792969,422.5400085449219,415.9689636230469,16891400.0,0.0,0.0
2024-11-11,MSFT,422.5199890136719,424.80999755859375,416.0,418.010009765625,411.5093994140625,24503300.0,0.0,0.0
2024-11-12,MSFT,418.25,424.44000244140625,417.20001220703125,423.0299987792969,416.45135498046875,19401200.0,0.0,0.0
2024-11-13,MSFT,421.6400146484375,429.3299865722656,418.2099914550781,425.20001220703125,418.58758544921875,21502200.0,0.0,0.0
2024-11-14,MSFT,425.0,428.1700134277344,420.0,426.8900146484375,420.2513122558594,30246900.0,0.0,0.0
2024-11-15,MSFT,419.82000732421875,422.79998779296875,413.6400146484375,415.0,408.54620361328125,28247600.0,0.0,0.0
2024-11-18,MSFT,414.8699951171875,418.3999938964844,412.1000061035156,415.760009765625,409.2944030761719,24727000.0,0.0,0.0
2024-11-19,MSFT,413.1099853515625,417.94000244140625,411.54998779296875,417.7900085449219,411.2928771972656,18133500.0,0.0,0.0
2024-11-20,MSFT,416.8699951171875,417.2900085449219,410.5799865722656,415.489990234375,409.0285949707031,19191700.0,0.0,0.0
2024-11-21,MSFT,419.5,419.7799987792969,410.2900085449219,412.8699951171875,407.2629089355469,20780200.0,0.83,0.0
2024-11-22,MSFT,411.3699951171875,417.3999938964844,411.05999755859375,417.0,411.3367614746094,24814600.0,0.0,0.0
2024-11-25,MSFT,418.3800048828125,421.0799865722656,414.8500061035156,418.7900085449219,413.10247802734375,27691100.0,0.0,0.0
2024-11-26,MSFT,419.5899963378906,429.0400085449219,418.8500061035156,427.989990234375,422.1775207519531,23458900.0,0.0,0.0
2024-11-27,MSFT,425.1099853515625,427.2300109863281,422.0199890136719,422.989990234375,417.2454833984375,18332400.0,0.0,0.0
2024-11-29,MSFT,420.0899963378906,424.8800048828125,417.79998779296875,423.4599914550781,417.7091064453125,16271900.0,0.0,0.0
2024-12-02,MSFT,421.57000732421875,433.0,421.30999755859375,430.9800109863281,425.126953125,20207200.0,0.0,0.0
2024-12-03,MSFT,429.8399963378906,432.4700012207031,427.739990234375,431.20001220703125,425.343994140625,18302000.0,0.0,0.0
2024-12-04,MSFT,433.0299987792969,439.6700134277344,432.6300048828125,437.4200134277344,431.4794616699219,26009400.0,0.0,0.0
2024-12-05,MSFT,437.9200134277344,444.6600036621094,436.1700134277344,442.6199951171875,436.60888671875,21697800.0,0.0,0.0
2024-12-06,MSFT,442.29998779296875,446.1000061035156,441.7699890136719,443.57000732421875,437.54595947265625,18821000.0,0.0,0.0
2024-12-09,MSFT,442.6000061035156,448.3299865722656,440.5,446.0199890136719,439.9626770019531,19144400.0,0.0,0.0
2024-12-10,MSFT,444.3900146484375,449.6199951171875,441.6000061035156,443.3299865722656,437.3092041015625,18469500.0,0.0,0.0
2024-12-11,MSFT,444.04998779296875,450.3500061035156,444.04998779296875,448.989990234375,442.8923034667969,19200200.0,0.0,0.0
2024-12-12,MSFT,449.1099853515625,456.1600036621094,449.1099853515625,449.55999755859375,443.4546203613281,20834800.0,0.0,0.0
2024-12-13,MSFT,448.44000244140625,451.42999267578125,445.5799865722656,447.2699890136719,441.1957092285156,20177800.0,0.0,0.0
2024-12-16,MSFT,447.2699890136719,452.17999267578125,445.2799987792969,451.5899963378906,445.4570617675781,23598800.0,0.0,0.0
2024-12-17,MSFT,451.010009765625,455.2900085449219,449.57000732421875,454.4599914550781,448.2880554199219,22733500.0,0.0,0.0
2024-12-18,MSFT,451.32000732421875,452.6499938964844,437.0199890136719,437.3900146484375,431.4499206542969,24444500.0,0.0,0.0
2024-12-19,MSFT,441.6199951171875,443.17999267578125,436.32000732421875,437.0299987792969,431.0947570800781,22963700.0,0.0,0.0
2024-12-20,MSFT,433.1099853515625,443.739990234375,428.6300048828125,436.6000061035156,430.6706237792969,64263700.0,0.0,0.0
2024-12-23,MSFT,436.739990234375,437.6499938964844,432.8299865722656,435.25,429.3389587402344,19152500.0,0.0,0.0
2024-12-24,MSFT,434.6499938964844,439.6000061035156,434.19000244140625,439.3299865722656,433.363525390625,7164500.0,0.0,0.0
2024-12-26,MSFT,439.0799865722656,440.94000244140625,436.6300048828125,438.1099853515625,432.16009521484375,8194200.0,0.0,0.0
2024-12-27,MSFT,434.6000061035156,435.2200012207031,426.3500061035156,430.5299987792969,424.6830749511719,18117700.0,0.0,0.0
2024-12-30,MSFT,426.05999755859375,427.54998779296875,421.8999938964844,424.8299865722656,419.0604553222656,13158700.0,0.0,0.0
2024-12-31,MSFT,426.1000061035156,426.7300109863281,420.6600036621094,421.5,415.77569580078125,13246500.0,0.0,0.0
2025-01-02,MSFT,425.5299987792969,426.07000732421875,414.8500061035156,418.5799865722656,412.8953552246094,16896500.0,0.0,0.0
2025-01-03,MSFT,421.0799865722656,424.0299987792969,419.5400085449219,423.3500061035156,417.6005859375,16662900.0,0.0,0.0
2025-01-06,MSFT,428.0,434.32000732421875,425.4800109863281,427.8500061035156,422.03948974609375,20573600.0,0.0,0.0
2025-01-07,MSFT,429.0,430.6499938964844,420.79998779296875,422.3699951171875,416.6338806152344,18139100.0,0.0,0.0
2025-01-08,MSFT,423.4599914550781,426.9700012207031,421.5400085449219,424.55999755859375,418.794189453125,15054600.0,0.0,0.0
2025-01-10,MSFT,424.6300048828125,424.7099914550781,415.0199890136719,418.95001220703125,413.2603454589844,20201100.0,0.0,0.0
2025-01-13,MSFT,415.239990234375,418.5,412.2900085449219,417.19000244140625,411.52423095703125,17604800.0,0.0,0.0
2025-01-14,MSFT,417.80999755859375,419.739990234375,410.7200012207031,415.6700134277344,410.0248718261719,16935900.0,0.0,0.0
2025-01-15,MSFT,419.1300048828125,428.1499938964844,418.2699890136719,426.30999755859375,420.5203857421875,19637800.0,0.0,0.0
2025-01-16,MSFT,428.70001220703125,429.489990234375,424.3900146484375,424.5799865722656,418.8138122558594,15300000.0,0.0,0.0
2025-01-17,MSFT,434.0899963378906,434.4800109863281,428.1700134277344,429.0299987792969,423.20343017578125,26197500.0,0.0,0.0
2025-01-21,MSFT,430.20001220703125,430.8999938964844,425.6000061035156,428.5,422.68060302734375,26085700.0,0.0,0.0
2025-01-22,MSFT,437.55999755859375,447.2699890136719,436.0,446.20001220703125,440.1402587890625,27803800.0,0.0,0.0
2025-01-23,MSFT,442.0,446.75,441.5,446.7099914550781,440.6433410644531,18389300.0,0.0,0.0
2025-01-24,MSFT,445.1600036621094,446.6499938964844,441.3999938964844,444.05999755859375,438.029296875,15549500.0,0.0,0.0
2025-01-27,MSFT,424.010009765625,435.20001220703125,423.5,434.55999755859375,428.6582946777344,35647800.0,0.0,0.0
2025-01-28,MSFT,434.6000061035156,448.3800048828125,431.3800048828125,447.20001220703125,441.126708984375,23491700.0,0.0,0.0
2025-01-29,MSFT,446.69000244140625,446.8800048828125,440.3999938964844,442.3299865722656,436.3227844238281,23581400.0,0.0,0.0
2025-01-30,MSFT,418.7699890136719,422.8599853515625,413.1600036621094,414.989990234375,409.3540954589844,54586300.0,0.0,0.0
2025-01-31,MSFT,418.9800109863281,420.69000244140625,414.9100036621094,415.05999755859375,409.4231262207031,34161900.0,0.0,0.0
2025-02-03,MSFT,411.6000061035156,415.4100036621094,408.6600036621094,410.9200134277344,405.3393859863281,25679100.0,0.0,0.0
2025-02-04,MSFT,412.69000244140625,413.9200134277344,409.739990234375,412.3699951171875,406.7696228027344,20532100.0,0.0,0.0
2025-02-05,MSFT,412.3500061035156,413.8299865722656,410.3999938964844,413.2900085449219,407.67718505859375,16316700.0,0.0,0.0
2025-02-06,MSFT,414.0,418.20001220703125,414.0,415.82000732421875,410.1728515625,16309800.0,0.0,0.0
2025-02-07,MSFT,416.4800109863281,418.6499938964844,408.1000061035156,409.75,404.18524169921875,22886800.0,0.0,0.0
2025-02-10,MSFT,413.7099914550781,415.4599914550781,410.9200134277344,412.2200012207031,406.6217041015625,20817900.0,0.0,0.0
2025-02-11,MSFT,409.6400146484375,412.489990234375,409.29998779296875,411.44000244140625,405.85235595703125,18140600.0,0.0,0.0
2025-02-12,MSFT,407.2099914550781,410.75,404.3699951171875,409.0400085449219,403.48492431640625,19121700.0,0.0,0.0
2025-02-13,MSFT,407.0,411.0,406.3599853515625,410.5400085449219,404.96453857421875,23891700.0,0.0,0.0
2025-02-14,MSFT,407.7900085449219,408.9100036621094,405.8800048828125,408.42999267578125,402.8831787109375,22758500.0,0.0,0.0
2025-02-18,MSFT,408.0,410.6000061035156,406.5,409.6400146484375,404.0767517089844,21423100.0,0.0,0.0
2025-02-19,MSFT,407.8800048828125,415.489990234375,407.6499938964844,414.7699890136719,409.1370849609375,24114200.0,0.0,0.0
2025-02-20,MSFT,415.2900085449219,419.30999755859375,412.5400085449219,416.1300048828125,411.30169677734375,23508700.0,0.83,0.0
2025-02-21,MSFT,417.3399963378906,418.04998779296875,407.8900146484375,408.2099914550781,403.47357177734375,27524800.0,0.0,0.0
2025-02-24,MSFT,408.510009765625,409.3699951171875,399.32000732421875,404.0,399.31243896484375,26443700.0,0.0,0.0
2025-02-25,MSFT,401.1000061035156,401.9200134277344,396.70001220703125,397.8999938964844,393.283203125,29387400.0,0.0,0.0
2025-02-26,MSFT,398.010009765625,403.6000061035156,394.25,399.7300109863281,395.09197998046875,19619000.0,0.0,0.0
2025-02-27,MSFT,401.2699890136719,405.739990234375,392.1700134277344,392.5299987792969,387.9754943847656,21127400.0,0.0,0.0
2025-02-28,MSFT,392.6600036621094,397.6300048828125,386.57000732421875,396.989990234375,392.3837585449219,32845700.0,0.0,0.0
2025-03-03,MSFT,398.82000732421875,398.82000732421875,386.1600036621094,388.489990234375,383.9823913574219,23007700.0,0.0,0.0
2025-03-04,MSFT,383.3999938964844,392.5799865722656,381.0,388.6099853515625,384.1009826660156,29342900.0,0.0,0.0
2025-03-05,MSFT,389.3399963378906,401.6700134277344,388.80999755859375,401.0199890136719,396.36700439453125,23433100.0,0.0,0.0
2025-03-06,MSFT,394.2799987792969,402.1499938964844,392.67999267578125,396.8900146484375,392.2849426269531,23304600.0,0.0,0.0
2025-03-07,MSFT,392.32000732421875,394.79998779296875,385.5400085449219,393.30999755859375,388.7464904785156,22034100.0,0.0,0.0
2025-03-10,MSFT,385.8399963378906,386.3999938964844,377.2200012207031,380.1600036621094,375.7490539550781,32840100.0,0.0,0.0
2025-03-11,MSFT,379.0,386.0,376.9100036621094,380.45001220703125,376.0356750488281,30380200.0,0.0,0.0
2025-03-12,MSFT,382.95001220703125,385.2200012207031,378.95001220703125,383.2699890136719,378.82293701171875,24253600.0,0.0,0.0
2025-03-13,MSFT,383.1600036621094,385.32000732421875,377.45001220703125,378.7699890136719,374.3751525878906,20473000.0,0.0,0.0
2025-03-14,MSFT,379.7799987792969,390.2300109863281,379.510009765625,388.55999755859375,384.0515441894531,19952800.0,0.0,0.0
2025-03-17,MSFT,386.70001220703125,392.7099914550781,385.57000732421875,388.70001220703125,384.1899719238281,22474300.0,0.0,0.0
2025-03-18,MSFT,387.07000732421875,387.3699951171875,381.1000061035156,383.5199890136719,379.0700378417969,19486900.0,0.0,0.0
2025-03-19,MSFT,385.5299987792969,389.67999267578125,384.0,387.82000732421875,383.3201599121094,19185500.0,0.0,0.0
2025-03-20,MSFT,385.739990234375,391.7900085449219,383.2799987792969,386.8399963378906,382.3515625,18470500.0,0.0,0.0
2025-03-21,MSFT,383.2200012207031,391.739990234375,382.79998779296875,391.260009765625,386.7202453613281,39675900.0,0.0,0.0
2025-03-24,MSFT,395.3999938964844,395.3999938964844,389.80999755859375,393.0799865722656,388.5191345214844,21004500.0,0.0,0.0
2025-03-25,MSFT,393.9200134277344,396.3599853515625,392.6400146484375,395.1600036621094,390.57501220703125,15775000.0,0.0,0.0
2025-03-26,MSFT,395.0,395.30999755859375,388.57000732421875,389.9700012207031,385.4451904296875,16108400.0,0.0,0.0
2025-03-27,MSFT,390.1300048828125,392.239990234375,387.3999938964844,390.5799865722656,386.048095703125,13766800.0,0.0,0.0
2025-03-28,MSFT,388.0799865722656,389.1300048828125,376.92999267578125,378.79998779296875,374.40478515625,21632000.0,0.0,0.0
2025-03-31,MSFT,372.5400085449219,377.07000732421875,367.239990234375,375.3900146484375,371.0343933105469,35184700.0,0.0,0.0
2025-04-01,MSFT,374.6499938964844,382.8500061035156,373.2300109863281,382.19000244140625,377.7554931640625,19689500.0,0.0,0.0
2025-04-02,MSFT,377.9700012207031,385.0799865722656,376.6199951171875,382.1400146484375,377.7060852050781,16092600.0,0.0,0.0
2025-04-03,MSFT,374.7900085449219,377.4800109863281,369.3500061035156,373.1099853515625,368.7808532714844,30198000.0,0.0,0.0
2025-04-04,MSFT,364.1300048828125,374.5899963378906,359.4800109863281,359.8399963378906,355.664794921875,49209900.0,0.0,0.0
2025-04-07,MSFT,350.8800048828125,371.0,344.7900085449219,357.8599853515625,353.7077941894531,50425000.0,0.0,0.0
2025-04-08,MSFT,368.260009765625,373.6499938964844,350.25,354.55999755859375,350.4460754394531,35868900.0,0.0,0.0
2025-04-09,MSFT,353.5400085449219,393.2300109863281,353.1000061035156,390.489990234375,385.95916748046875,50199700.0,0.0,0.0
2025-04-10,MSFT,382.05999755859375,383.8999938964844,367.79998779296875,381.3500061035156,376.92523193359375,38024400.0,0.0,0.0
2025-04-11,MSFT,380.6400146484375,390.04998779296875,378.8900146484375,388.45001220703125,383.94287109375,23839200.0,0.0,0.0
2025-04-14,MSFT,393.2200012207031,394.6499938964844,384.2099914550781,387.80999755859375,383.3102722167969,19251200.0,0.0,0.0
2025-04-15,MSFT,388.510009765625,391.8900146484375,384.1600036621094,385.7300109863281,381.2544250488281,17199900.0,0.0,0.0
2025-04-16,MSFT,380.6700134277344,381.6099853515625,368.0,371.6099853515625,367.2981872558594,21967800.0,0.0,0.0
2025-04-17,MSFT,373.75,374.32000732421875,366.8900146484375,367.7799987792969,363.51263427734375,21120200.0,0.0,0.0
2025-04-21,MSFT,362.82000732421875,364.4800109863281,355.6700134277344,359.1199951171875,354.9531555175781,20807300.0,0.0,0.0
2025-04-22,MSFT,363.3800048828125,367.7699890136719,359.8599853515625,366.82000732421875,362.5638732910156,19485000.0,0.0,0.0
2025-04-23,MSFT,376.05999755859375,380.3900146484375,373.0199890136719,374.3900146484375,370.0459899902344,20545500.0,0.0,0.0
2025-04-24,MSFT,375.70001220703125,388.45001220703125,375.19000244140625,387.29998779296875,382.80615234375,22232300.0,0.0,0.0
2025-04-25,MSFT,387.0,392.1600036621094,384.6000061035156,391.8500061035156,387.30340576171875,18973200.0,0.0,0.0
2025-04-28,MSFT,391.9599914550781,392.739990234375,386.6400146484375,391.1600036621094,386.6214294433594,16579400.0,0.0,0.0
2025-04-29,MSFT,391.29998779296875,395.1000061035156,390.3800048828125,394.0400085449219,389.4679870605469,14974000.0,0.0,0.0
2025-04-30,MSFT,390.29998779296875,396.6600036621094,384.44000244140625,395.260009765625,390.673828125,36461100.0,0.0,0.0
2025-05-01,MSFT,431.1099853515625,436.989990234375,424.8999938964844,425.3999938964844,420.464111328125,58938100.0,0.0,0.0
2025-05-02,MSFT,431.739990234375,439.44000244140625,429.989990234375,435.2799987792969,430.2295227050781,30757400.0,0.0,0.0
2025-05-05,MSFT,432.8699951171875,439.5,432.1099853515625,436.1700134277344,431.1091613769531,20136100.0,0.0,0.0
2025-05-06,MSFT,432.20001220703125,437.7300109863281,431.1700134277344,433.30999755859375,428.2823181152344,15104200.0,0.0,0.0
2025-05-07,MSFT,433.8399963378906,438.1199951171875,431.1099853515625,433.3500061035156,428.3218688964844,23295300.0,0.0,0.0
2025-05-08,MSFT,437.92999267578125,443.6700134277344,435.6600036621094,438.1700134277344,433.0859680175781,23491300.0,0.0,0.0
2025-05-09,MSFT,440.0,440.739990234375,435.8800048828125,438.7300109863281,433.63946533203125,15324200.0,0.0,0.0
2025-05-12,MSFT,445.94000244140625,449.3699951171875,439.7799987792969,449.260009765625,444.0472717285156,22821900.0,0.0,0.0
2025-05-13,MSFT,447.7799987792969,450.6700134277344,445.3599853515625,449.1400146484375,443.9286804199219,23618800.0,0.0,0.0
2025-05-14,MSFT,448.1400146484375,453.8999938964844,448.1400146484375,452.94000244140625,447.6845703125,19902800.0,0.0,0.0
2025-05-15,MSFT,450.7699890136719,456.19000244140625,450.42999267578125,453.1300048828125,448.6946105957031,21992300.0,0.83,0.0
2025-05-16,MSFT,452.04998779296875,454.3599853515625,448.7300109863281,454.2699890136719,449.82342529296875,23849800.0,0.0,0.0
2025-05-19,MSFT,450.8800048828125,459.5899963378906,450.79998779296875,458.8699951171875,454.37841796875,21336500.0,0.0,0.0
2025-05-20,MSFT,455.5899963378906,458.3399963378906,454.32000732421875,458.1700134277344,453.6852722167969,15441800.0,0.0,0.0
2025-05-21,MSFT,454.57000732421875,457.7799987792969,451.80999755859375,452.57000732421875,448.1401062011719,19216900.0,0.0,0.0
2025-05-22,MSFT,454.95001220703125,460.25,453.8999938964844,454.8599853515625,450.40765380859375,18025600.0,0.0,0.0
2025-05-23,MSFT,449.9800109863281,453.69000244140625,448.9100036621094,450.17999267578125,445.7734680175781,16883500.0,0.0,0.0
2025-05-27,MSFT,456.4800109863281,460.95001220703125,456.1199951171875,460.69000244140625,456.1806335449219,20974300.0,0.0,0.0
2025-05-28,MSFT,461.2200012207031,462.5199890136719,456.92999267578125,457.3599853515625,452.8831787109375,17086300.0,0.0,0.0
2025-05-29,MSFT,461.54998779296875,461.7200012207031,455.30999755859375,458.67999267578125,454.1902770996094,13974800.0,0.0,0.0
2025-05-30,MSFT,459.7200012207031,461.67999267578125,455.5400085449219,460.3599853515625,455.85382080078125,34770500.0,0.0,0.0
2025-06-02,MSFT,457.1400146484375,462.1099853515625,456.8900146484375,461.9700012207031,457.4480895996094,16626500.0,0.0,0.0
2025-06-03,MSFT,461.4700012207031,464.1400146484375,460.8599853515625,462.9700012207031,458.4382629394531,15743800.0,0.0,0.0
2025-06-04,MSFT,464.0,465.69000244140625,463.0199890136719,463.8699951171875,459.3294677734375,14162700.0,0.0,0.0
2025-06-05,MSFT,464.9599914550781,469.6499938964844,464.0299987792969,467.67999267578125,463.1021728515625,20131700.0,0.0,0.0
2025-06-06,MSFT,470.0899963378906,473.3399963378906,468.7799987792969,470.3800048828125,465.7757568359375,15285600.0,0.0,0.0
2025-06-09,MSFT,469.70001220703125,473.42999267578125,468.6199951171875,472.75,468.12255859375,16469900.0,0.0,0.0
2025-06-10,MSFT,471.19000244140625,472.79998779296875,466.9599914550781,470.9200134277344,466.31048583984375,15375900.0,0.0,0.0
2025-06-11,MSFT,470.0199890136719,475.4700012207031,469.6600036621094,472.6199951171875,467.9938049316406,16399200.0,0.0,0.0
2025-06-12,MSFT,475.0199890136719,480.4200134277344,473.5199890136719,478.8699951171875,474.1826477050781,18950600.0,0.0,0.0
2025-06-13,MSFT,476.4100036621094,479.17999267578125,472.760009765625,474.9599914550781,470.3108825683594,16814500.0,0.0,0.0
2025-06-16,MSFT,475.2099914550781,480.69000244140625,475.0,479.1400146484375,474.45001220703125,15626100.0,0.0,0.0
2025-06-17,MSFT,475.3999938964844,478.739990234375,474.0799865722656,478.0400085449219,473.3608093261719,15414100.0,0.0,0.0
2025-06-18,MSFT,478.0,481.0,474.4599914550781,480.239990234375,475.53924560546875,17526500.0,0.0,0.0
2025-06-20,MSFT,482.2300109863281,483.4599914550781,476.8699951171875,477.3999938964844,472.7270202636719,37576200.0,0.0,0.0
2025-06-23,MSFT,478.2099914550781,487.75,472.510009765625,486.0,481.2428894042969,24864000.0,0.0,0.0
2025-06-24,MSFT,488.95001220703125,491.8500061035156,486.79998779296875,490.1099853515625,485.3126220703125,22305600.0,0.0,0.0
2025-06-25,MSFT,492.0400085449219,494.55999755859375,489.3900146484375,492.2699890136719,487.45147705078125,17495100.0,0.0,0.0
2025-06-26,MSFT,492.9800109863281,498.0400085449219,492.80999755859375,497.45001220703125,492.580810546875,21578900.0,0.0,0.0
2025-06-27,MSFT,497.54998779296875,499.29998779296875,493.0299987792969,495.94000244140625,491.0855712890625,34539200.0,0.0,0.0
2025-06-30,MSFT,497.0400085449219,500.760009765625,495.3299865722656,497.4100036621094,492.5411682128906,28369000.0,0.0,0.0
2025-07-01,MSFT,496.4700012207031,498.04998779296875,490.9800109863281,492.04998779296875,487.2336120605469,19945400.0,0.0,0.0
2025-07-02,MSFT,489.989990234375,493.5,488.70001220703125,491.0899963378906,486.2830505371094,16319600.0,0.0,0.0
2025-07-03,MSFT,493.80999755859375,500.1300048828125,493.44000244140625,498.8399963378906,493.9571838378906,13984800.0,0.0,0.0
2025-07-07,MSFT,497.3800048828125,498.75,495.2300109863281,497.7200012207031,492.8481140136719,13981600.0,0.0,0.0
2025-07-08,MSFT,497.239990234375,498.20001220703125,494.1099853515625,496.6199951171875,491.7589111328125,11846600.0,0.0,0.0
2025-07-09,MSFT,500.29998779296875,506.7799987792969,499.739990234375,503.510009765625,498.5815124511719,18659500.0,0.0,0.0
2025-07-10,MSFT,503.04998779296875,504.44000244140625,497.75,501.4800109863281,496.5713806152344,16492100.0,0.0,0.0
2025-07-11,MSFT,498.4700012207031,505.0299987792969,497.79998779296875,503.32000732421875,498.3933410644531,16459500.0,0.0,0.0
2025-07-14,MSFT,501.5199890136719,503.9700012207031,501.0299987792969,503.0199890136719,498.09625244140625,12058800.0,0.0,0.0
2025-07-15,MSFT,503.0199890136719,508.29998779296875,502.7900085449219,505.82000732421875,500.86883544921875,14927200.0,0.0,0.0
2025-07-16,MSFT,505.17999267578125,506.7200012207031,501.8900146484375,505.6199951171875,500.67083740234375,15154400.0,0.0,0.0
2025-07-17,MSFT,505.67999267578125,513.3699951171875,505.6199951171875,511.70001220703125,506.6913146972656,17503100.0,0.0,0.0
2025-07-18,MSFT,514.47998046875,514.6400146484375,507.42999267578125,510.04998779296875,505.05743408203125,21209700.0,0.0,0.0
2025-07-21,MSFT,506.7099914550781,512.0900268554688,505.54998779296875,510.05999755859375,505.0673522949219,14066800.0,0.0,0.0
2025-07-22,MSFT,510.9700012207031,511.20001220703125,505.2699890136719,505.2699890136719,500.3242492675781,13868600.0,0.0,0.0
2025-07-23,MSFT,506.75,506.7900085449219,500.70001220703125,505.8699951171875,500.9183654785156,16396600.0,0.0,0.0
2025-07-24,MSFT,508.7699890136719,513.6699829101562,507.29998779296875,510.8800048828125,505.87933349609375,16107000.0,0.0,0.0
2025-07-25,MSFT,512.469970703125,518.2899780273438,510.3599853515625,513.7100219726562,508.6816711425781,19125700.0,0.0,0.0
2025-07-28,MSFT,514.0800170898438,515.0,510.1199951171875,512.5,507.48345947265625,14308000.0,0.0,0.0
2025-07-29,MSFT,515.530029296875,517.6199951171875,511.55999755859375,512.5700073242188,507.55279541015625,16469200.0,0.0,0.0
2025-07-30,MSFT,515.1699829101562,515.9500122070312,509.44000244140625,513.239990234375,508.21624755859375,26380400.0,0.0,0.0
2025-07-31,MSFT,555.22998046875,555.4500122070312,531.9000244140625,533.5,528.2778930664062,51617300.0,0.0,0.0
2025-08-01,MSFT,535.0,535.7999877929688,520.8599853515625,524.1099853515625,518.9797973632812,28977600.0,0.0,0.0
2025-08-04,MSFT,528.27001953125,538.25,528.1300048828125,535.6400146484375,530.3969116210938,25349000.0,0.0,0.0
2025-08-05,MSFT,537.1799926757812,537.2999877929688,527.239990234375,527.75,522.5841674804688,19171600.0,0.0,0.0
2025-08-06,MSFT,530.9000244140625,531.7000122070312,524.030029296875,524.9400024414062,519.8017578125,21355700.0,0.0,0.0
2025-08-07,MSFT,526.7999877929688,528.0900268554688,517.5499877929688,520.8400268554688,515.7417602539062,16079100.0,0.0,0.0
2025-08-08,MSFT,522.5999755859375,524.6599731445312,519.4099731445312,522.0399780273438,516.9300537109375,15531000.0,0.0,0.0
2025-08-11,MSFT,522.2999877929688,527.5900268554688,519.719970703125,521.77001953125,516.6627807617188,20194400.0,0.0,0.0
2025-08-12,MSFT,523.75,530.97998046875,522.7000122070312,529.239990234375,524.0596313476562,18667000.0,0.0,0.0
2025-08-13,MSFT,532.1099853515625,532.7000122070312,519.3699951171875,520.5800170898438,515.484375,19619200.0,0.0,0.0
2025-08-14,MSFT,522.5599975585938,525.9500122070312,520.1400146484375,522.47998046875,517.36572265625,20269100.0,0.0,0.0
2025-08-15,MSFT,522.77001953125,526.0999755859375,519.0800170898438,520.1699829101562,515.078369140625,25213300.0,0.0,0.0
2025-08-18,MSFT,521.5900268554688,522.8200073242188,514.02001953125,517.0999755859375,512.0384521484375,23760600.0,0.0,0.0
2025-08-19,MSFT,515.0,515.1599731445312,508.54998779296875,509.7699890136719,504.7801818847656,21481000.0,0.0,0.0
2025-08-20,MSFT,509.8699951171875,511.0,504.44000244140625,505.7200012207031,500.76983642578125,27723000.0,0.0,0.0
2025-08-21,MSFT,503.69000244140625,507.6300048828125,502.7200012207031,504.239990234375,500.1250915527344,18443300.0,0.83,0.0
2025-08-22,MSFT,504.25,510.7300109863281,502.4100036621094,507.2300109863281,503.09075927734375,24324200.0,0.0,0.0
2025-08-25,MSFT,506.6300048828125,508.19000244140625,504.1199951171875,504.260009765625,500.1449890136719,21638600.0,0.0,0.0
2025-08-26,MSFT,504.3599853515625,504.9800109863281,498.510009765625,502.0400085449219,497.9430847167969,30835700.0,0.0,0.0
2025-08-27,MSFT,502.0,507.2900085449219,499.8999938964844,506.739990234375,502.6047058105469,17277900.0,0.0,0.0
2025-08-28,MSFT,507.0899963378906,511.0899963378906,505.5,509.6400146484375,505.4810485839844,18015600.0,0.0,0.0
2025-08-29,MSFT,508.6600036621094,509.6000061035156,504.489990234375,506.69000244140625,502.5551452636719,20961600.0,0.0,0.0
2025-09-02,MSFT,500.4700012207031,506.0,496.80999755859375,505.1199951171875,500.9979248046875,18128000.0,0.0,0.0
2025-09-03,MSFT,503.7900085449219,507.7900085449219,502.32000732421875,505.3500061035156,501.22607421875,16345100.0,0.0,0.0
2025-09-04,MSFT,504.29998779296875,508.1499938964844,503.1499938964844,507.9700012207031,503.8247375488281,15509500.0,0.0,0.0
2025-09-05,MSFT,509.07000732421875,511.9700012207031,492.3699951171875,495.0,490.9605712890625,31994800.0,0.0,0.0
2025-09-08,MSFT,498.1099853515625,501.20001220703125,495.0299987792969,498.20001220703125,494.1344299316406,16771000.0,0.0,0.0
2025-09-09,MSFT,501.42999267578125,502.25,497.70001220703125,498.4100036621094,494.3427429199219,14410500.0,0.0,0.0
2025-09-10,MSFT,502.9800109863281,503.2300109863281,496.7200012207031,500.3699951171875,496.2867431640625,21611800.0,0.0,0.0
2025-09-11,MSFT,502.25,503.1700134277344,497.8800048828125,501.010009765625,496.9215087890625,18881600.0,0.0,0.0
2025-09-12,MSFT,506.6499938964844,512.5499877929688,503.8500061035156,509.8999938964844,505.73895263671875,23624900.0,0.0,0.0
2025-09-15,MSFT,508.7900085449219,515.469970703125,507.0,515.3599853515625,511.15435791015625,17143800.0,0.0,0.0
2025-09-16,MSFT,516.8800048828125,517.22998046875,508.6000061035156,509.0400085449219,504.8859558105469,19711900.0,0.0,0.0
2025-09-17,MSFT,510.6199951171875,511.2900085449219,505.92999267578125,510.0199890136719,505.8579406738281,15816600.0,0.0,0.0
2025-09-18,MSFT,511.489990234375,513.0700073242188,507.6600036621094,508.45001220703125,504.30078125,18913700.0,0.0,0.0
2025-09-19,MSFT,510.55999755859375,519.2999877929688,510.30999755859375,517.9299926757812,513.703369140625,52474100.0,0.0,0.0
2025-09-22,MSFT,515.5900268554688,517.739990234375,512.5399780273438,514.4500122070312,510.2518005371094,20009300.0,0.0,0.0
2025-09-23,MSFT,513.7999877929688,514.5900268554688,507.30999755859375,509.2300109863281,505.0744323730469,19799600.0,0.0,0.0
2025-09-24,MSFT,510.3800048828125,512.47998046875,506.9200134277344,510.1499938964844,505.98687744140625,13533700.0,0.0,0.0
2025-09-25,MSFT,508.29998779296875,510.010009765625,505.0400085449219,507.0299987792969,502.8923645019531,15786500.0,0.0,0.0
2025-09-26,MSFT,510.05999755859375,513.9400024414062,506.6199951171875,511.4599914550781,507.2862243652344,16213100.0,0.0,0.0
2025-09-29,MSFT,511.5,516.8499755859375,508.8800048828125,514.5999755859375,510.4005432128906,17617800.0,0.0,0.0
2025-09-30,MSFT,513.239990234375,518.1599731445312,509.6600036621094,517.9500122070312,513.7232666015625,19728200.0,0.0,0.0
2025-10-01,MSFT,514.7999877929688,520.510009765625,511.69000244140625,519.7100219726562,515.4689331054688,22632300.0,0.0,0.0
2025-10-02,MSFT,517.6400146484375,521.5999755859375,510.67999267578125,515.739990234375,511.53131103515625,21222900.0,0.0,0.0
2025-10-03,MSFT,517.0999755859375,520.489990234375,515.0,517.3499755859375,513.1280517578125,15112300.0,0.0,0.0
2025-10-06,MSFT,518.6099853515625,531.030029296875,518.2000122070312,528.5700073242188,524.256591796875,21388600.0,0.0,0.0
2025-10-07,MSFT,528.2899780273438,529.7999877929688,521.4400024414062,523.97998046875,519.7040405273438,14615200.0,0.0,0.0
2025-10-08,MSFT,523.280029296875,526.9500122070312,523.0900268554688,524.8499755859375,520.56689453125,13363400.0,0.0,0.0
2025-10-09,MSFT,522.3400268554688,524.3300170898438,517.4000244140625,522.4000244140625,518.1369018554688,18343600.0,0.0,0.0
2025-10-10,MSFT,519.6400146484375,523.5800170898438,509.6300048828125,510.9599914550781,506.790283203125,24133800.0,0.0,0.0
2025-10-13,MSFT,516.4099731445312,516.4099731445312,511.67999267578125,514.0499877929688,509.8550720214844,14284200.0,0.0,0.0
2025-10-14,MSFT,510.2300109863281,515.280029296875,506.0,513.5700073242188,509.37896728515625,14684300.0,0.0,0.0
2025-10-15,MSFT,514.9600219726562,517.1900024414062,510.0,513.4299926757812,509.2401123046875,14694700.0,0.0,0.0
2025-10-16,MSFT,512.5800170898438,516.8499755859375,508.1300048828125,511.6099853515625,507.4349365234375,15559600.0,0.0,0.0
2025-10-17,MSFT,509.0400085449219,515.47998046875,507.30999755859375,513.5800170898438,509.38897705078125,19867800.0,0.0,0.0
2025-10-20,MSFT,514.6099853515625,518.7000122070312,513.4299926757812,516.7899780273438,512.5726318359375,14665600.0,0.0,0.0
2025-10-21,MSFT,517.5,518.6900024414062,513.0399780273438,517.6599731445312,513.4356079101562,15586200.0,0.0,0.0
2025-10-22,MSFT,521.1500244140625,525.22998046875,517.7100219726562,520.5399780273438,516.2921142578125,18962700.0,0.0,0.0
2025-10-23,MSFT,522.4600219726562,523.9500122070312,518.6099853515625,520.5599975585938,516.3119506835938,14023500.0,0.0,0.0
2025-10-24,MSFT,522.7899780273438,525.3499755859375,520.7100219726562,523.6099853515625,519.3370361328125,15532400.0,0.0,0.0
2025-10-27,MSFT,531.780029296875,534.5800170898438,529.010009765625,531.52001953125,527.1825561523438,18734700.0,0.0,0.0
2025-10-28,MSFT,550.0,553.719970703125,540.77001953125,542.0700073242188,537.6464233398438,29986700.0,0.0,0.0
2025-10-29,MSFT,544.9400024414062,546.27001953125,536.72998046875,541.5499877929688,537.130615234375,36023000.0,0.0,0.0
2025-10-30,MSFT,530.47998046875,534.969970703125,522.1199951171875,525.760009765625,521.469482421875,41023100.0,0.0,0.0
2025-10-31,MSFT,528.8800048828125,529.3200073242188,515.0999755859375,517.8099975585938,513.5843505859375,34006400.0,0.0,0.0
2025-11-03,MSFT,519.8099975585938,524.9600219726562,514.5900268554688,517.030029296875,512.8107299804688,22374700.0,0.0,0.0
2025-11-04,MSFT,511.760009765625,515.5499877929688,507.8399963378906,514.3300170898438,510.1328430175781,20958700.0,0.0,0.0
2025-11-05,MSFT,513.2999877929688,514.8300170898438,506.5799865722656,507.1600036621094,503.02130126953125,23024300.0,0.0,0.0
2025-11-06,MSFT,505.6600036621094,505.70001220703125,495.80999755859375,497.1000061035156,493.04339599609375,27406500.0,0.0,0.0
2025-11-07,MSFT,496.95001220703125,499.3800048828125,493.25,496.82000732421875,492.76568603515625,24019800.0,0.0,0.0
2025-11-10,MSFT,500.0400085449219,506.8500061035156,498.79998779296875,506.0,501.8707275390625,26101500.0,0.0,0.0
2025-11-11,MSFT,504.79998779296875,509.6000061035156,502.3500061035156,508.67999267578125,504.5289001464844,17980000.0,0.0,0.0
2025-11-12,MSFT,509.3599853515625,511.6700134277344,499.1199951171875,511.1400146484375,506.9688415527344,26574900.0,0.0,0.0
2025-11-13,MSFT,510.30999755859375,513.5,501.2900085449219,503.2900085449219,499.1828918457031,25273100.0,0.0,0.0
2025-11-14,MSFT,498.2300109863281,511.6000061035156,497.44000244140625,510.17999267578125,506.0166320800781,28505700.0,0.0,0.0
2025-11-17,MSFT,508.45001220703125,512.1199951171875,504.9100036621094,507.489990234375,503.34857177734375,19092800.0,0.0,0.0
2025-11-18,MSFT,495.3699951171875,502.9800109863281,486.7799987792969,493.7900085449219,489.76043701171875,33815100.0,0.0,0.0
2025-11-19,MSFT,490.1000061035156,495.19000244140625,482.8299865722656,487.1199951171875,483.1448059082031,23245300.0,0.0,0.0
2025-11-20,MSFT,492.7099914550781,493.57000732421875,475.5,478.42999267578125,475.41387939453125,26802500.0,0.91,0.0
2025-11-21,MSFT,478.5,478.9200134277344,468.2699890136719,472.1199951171875,469.1436767578125,31769200.0,0.0,0.0
2025-11-24,MSFT,475.0,476.8999938964844,468.0199890136719,474.0,471.0118103027344,34421000.0,0.0,0.0
2025-11-25,MSFT,474.07000732421875,479.1499938964844,464.8900146484375,476.989990234375,473.9829406738281,28019800.0,0.0,0.0
2025-11-26,MSFT,486.30999755859375,488.30999755859375,481.20001220703125,485.5,482.4393005371094,25709100.0,0.0,0.0
2025-11-28,MSFT,487.6000061035156,492.6300048828125,486.6499938964844,492.010009765625,488.9082946777344,14386700.0,0.0,0.0
2025-12-01,MSFT,488.44000244140625,489.8599853515625,484.6499938964844,486.739990234375,483.6715087890625,23964000.0,0.0,0.0
2025-12-02,MSFT,486.7200012207031,493.5,486.32000732421875,490.0,486.91094970703125,19562700.0,0.0,0.0
2025-12-03,MSFT,476.32000732421875,484.239990234375,475.20001220703125,477.7300109863281,474.7182922363281,34615100.0,0.0,0.0
2025-12-04,MSFT,479.760009765625,481.32000732421875,476.489990234375,480.8399963378906,477.8086853027344,22318200.0,0.0,0.0
2025-12-05,MSFT,482.5199890136719,483.3999938964844,478.8800048828125,483.1600036621094,480.1140441894531,22608700.0,0.0,0.0
2025-12-08,MSFT,484.8900146484375,492.29998779296875,484.3800048828125,491.0199890136719,487.9245300292969,21965900.0,0.0,0.0
2025-12-09,MSFT,489.1000061035156,492.1199951171875,488.5,492.0199890136719,488.918212890625,14696100.0,0.0,0.0
2025-12-10,MSFT,484.0299987792969,484.25,475.0799865722656,478.55999755859375,475.5430603027344,35756200.0,0.0,0.0
2025-12-11,MSFT,476.6300048828125,486.0299987792969,475.8599853515625,483.4700012207031,480.422119140625,24669200.0,0.0,0.0
2025-12-12,MSFT,479.82000732421875,482.45001220703125,476.3399963378906,478.5299987792969,475.5132751464844,21248100.0,0.0,0.0
2025-12-15,MSFT,480.1000061035156,480.7200012207031,472.5199890136719,474.82000732421875,471.82666015625,23727700.0,0.0,0.0
2025-12-16,MSFT,471.9100036621094,477.8900146484375,470.8800048828125,476.3900146484375,473.3867492675781,20705600.0,0.0,0.0
2025-12-17,MSFT,476.9100036621094,480.0,475.0,476.1199951171875,473.1184387207031,24527200.0,0.0,0.0
2025-12-18,MSFT,478.19000244140625,489.6000061035156,477.8900146484375,483.9800109863281,480.9289245605469,28573500.0,0.0,0.0
2025-12-19,MSFT,487.3599853515625,487.8500061035156,482.489990234375,485.9200134277344,482.856689453125,70836100.0,0.0,0.0
2025-12-22,MSFT,486.1199951171875,488.7300109863281,482.69000244140625,484.9200134277344,481.86297607421875,16963000.0,0.0,0.0
2025-12-23,MSFT,484.9800109863281,487.8299865722656,484.739990234375,486.8500061035156,483.78082275390625,14683600.0,0.0,0.0
2025-12-24,MSFT,485.67999267578125,489.1600036621094,484.8299865722656,488.0199890136719,484.94342041015625,5855900.0,0.0,0.0
2025-12-26,MSFT,486.7099914550781,488.1199951171875,485.9599914550781,487.7099914550781,484.6354064941406,8842200.0,0.0,0.0
2025-12-29,MSFT,484.8599853515625,488.3500061035156,484.17999267578125,487.1000061035156,484.02923583984375,10893400.0,0.0,0.0
2025-12-30,MSFT,485.92999267578125,489.67999267578125,485.5,487.4800109863281,484.4068603515625,13944500.0,0.0,0.0
2025-12-31,MSFT,487.8399963378906,488.1400146484375,483.29998779296875,483.6199951171875,480.5711669921875,15601600.0,0.0,0.0
2026-01-02,MSFT,484.3900146484375,484.6600036621094,470.1600036621094,472.94000244140625,469.95849609375,25571600.0,0.0,0.0
2026-01-05,MSFT,474.05999755859375,476.07000732421875,469.5,472.8500061035156,469.86907958984375,25250300.0,0.0,0.0
2026-01-06,MSFT,473.79998779296875,478.739990234375,469.75,478.510009765625,475.4933776855469,23037700.0,0.0,0.0
2026-01-07,MSFT,479.760009765625,489.70001220703125,477.95001220703125,483.4700012207031,480.422119140625,25564200.0,0.0,0.0
2026-01-08,MSFT,481.239990234375,482.6600036621094,475.8599853515625,478.1099853515625,475.0959167480469,18162600.0,0.0,0.0
2026-01-09,MSFT,474.05999755859375,479.82000732421875,472.20001220703125,479.2799987792969,476.258544921875,18491000.0,0.0,0.0
2026-01-12,MSFT,476.6700134277344,480.989990234375,475.67999267578125,477.17999267578125,474.1717529296875,23519900.0,0.0,0.0
2026-01-13,MSFT,474.67999267578125,475.7799987792969,465.95001220703125,470.6700134277344,467.70281982421875,28545800.0,0.0,0.0
2026-01-14,MSFT,466.4599914550781,468.20001220703125,457.1700134277344,459.3800048828125,456.4840087890625,28184300.0,0.0,0.0
2026-01-15,MSFT,464.1199951171875,464.25,455.8999938964844,456.6600036621094,453.7811279296875,23225800.0,0.0,0.0
2026-01-16,MSFT,457.8299865722656,463.19000244140625,456.4800109863281,459.8599853515625,456.9609680175781,34246700.0,0.0,0.0
2026-01-20,MSFT,451.2200012207031,456.79998779296875,449.2799987792969,454.5199890136719,451.65460205078125,26130000.0,0.0,0.0
2026-01-21,MSFT,452.6000061035156,452.69000244140625,438.67999267578125,444.1099853515625,441.3102111816406,37980500.0,0.0,0.0
2026-01-22,MSFT,447.6199951171875,452.8399963378906,444.70001220703125,451.1400146484375,448.2959289550781,25349400.0,0.0,0.0
2026-01-23,MSFT,451.8699951171875,471.1000061035156,450.5299987792969,465.95001220703125,463.0125732421875,38000200.0,0.0,0.0
2026-01-26,MSFT,465.30999755859375,474.25,462.0,470.2799987792969,467.3152770996094,29291200.0,0.0,0.0
2026-01-27,MSFT,473.70001220703125,482.8699951171875,473.1600036621094,480.5799865722656,477.5503234863281,29213900.0,0.0,0.0
2026-01-28,MSFT,483.2099914550781,483.739990234375,478.0,481.6300048828125,478.59368896484375,36875400.0,0.0,0.0
2026-01-29,MSFT,439.989990234375,442.5,421.0199890136719,433.5,430.76715087890625,128855300.0,0.0,0.0
2026-01-30,MSFT,439.1700134277344,439.6000061035156,426.45001220703125,430.2900085449219,427.5773620605469,58566800.0,0.0,0.0
2026-02-02,MSFT,430.239990234375,430.739990234375,422.25,423.3699951171875,420.70098876953125,42219900.0,0.0,0.0
2026-02-03,MSFT,422.010009765625,422.04998779296875,408.55999755859375,411.2099914550781,408.6176452636719,61424100.0,0.0,0.0
2026-02-04,MSFT,411.0,419.79998779296875,409.239990234375,414.19000244140625,411.5788879394531,45012400.0,0.0,0.0
2026-02-05,MSFT,407.44000244140625,408.29998779296875,392.32000732421875,393.6700134277344,391.1882629394531,66289200.0,0.0,0.0
2026-02-06,MSFT,399.1700134277344,401.7900085449219,392.9200134277344,401.1400146484375,398.61114501953125,53515300.0,0.0,0.0
2026-02-09,MSFT,404.8500061035156,414.8900146484375,400.8699951171875,413.6000061035156,410.99261474609375,45480500.0,0.0,0.0
2026-02-10,MSFT,419.6199951171875,423.67999267578125,412.70001220703125,413.2699890136719,410.6646423339844,44857900.0,0.0,0.0
2026-02-11,MSFT,416.17999267578125,416.4599914550781,401.010009765625,404.3699951171875,401.8207702636719,42491000.0,0.0,0.0
2026-02-12,MSFT,405.0,406.20001220703125,398.010009765625,401.8399963378906,399.3067321777344,40802400.0,0.0,0.0
2026-02-13,MSFT,404.45001220703125,405.5400085449219,398.04998779296875,401.32000732421875,398.7900085449219,34091600.0,0.0,0.0
2026-02-17,MSFT,399.2200012207031,400.5199890136719,394.5299987792969,396.8599853515625,394.3581237792969,32078800.0,0.0,0.0
2026-02-18,MSFT,398.1300048828125,402.55999755859375,396.32000732421875,399.6000061035156,397.0808410644531,23223400.0,0.0,0.0
2026-02-19,MSFT,400.69000244140625,404.42999267578125,396.6700134277344,398.4599914550781,396.8517761230469,28234000.0,0.91,0.0
2026-02-20,MSFT,396.1099853515625,400.1199951171875,395.1600036621094,397.2300109863281,395.6267395019531,34015200.0,0.0,0.0
2026-02-23,MSFT,395.0,395.3599853515625,383.1000061035156,384.4700012207031,382.9182434082031,43238300.0,0.0,0.0
2026-02-24,MSFT,384.1400146484375,389.3599853515625,381.7099914550781,389.0,387.429931640625,33884700.0,0.0,0.0
2026-02-25,MSFT,390.5299987792969,401.4700012207031,390.1600036621094,400.6000061035156,398.9831237792969,43625500.0,0.0,0.0
2026-02-26,MSFT,404.7099914550781,407.489990234375,398.739990234375,401.7200012207031,400.0986022949219,34405900.0,0.0,0.0
2026-02-27,MSFT,390.8800048828125,396.82000732421875,389.8800048828125,392.739990234375,391.15484619140625,51367200.0,0.0,0.0
2026-03-02,MSFT,392.8599853515625,401.19000244140625,390.6300048828125,398.54998779296875,396.9413757324219,35474900.0,0.0,0.0
2026-03-03,MSFT,393.1400146484375,406.70001220703125,392.6700134277344,403.92999267578125,402.2996826171875,38199200.0,0.0,0.0
2026-03-04,MSFT,401.2699890136719,411.0299987792969,400.30999755859375,405.20001220703125,403.5645751953125,35808000.0,0.0,0.0
2026-03-05,MSFT,404.4200134277344,411.6099853515625,404.3999938964844,410.67999267578125,409.0224304199219,39001300.0,0.0,0.0
2026-03-06,MSFT,409.20001220703125,413.04998779296875,408.510009765625,408.9599914550781,407.30938720703125,31123900.0,0.0,0.0
2026-03-09,MSFT,404.9200134277344,410.2099914550781,403.5,409.4100036621094,407.757568359375,30131900.0,0.0,0.0
2026-03-10,MSFT,410.0299987792969,410.20001220703125,402.92999267578125,405.760009765625,404.122314453125,31706400.0,0.0,0.0
2026-03-11,MSFT,405.57000732421875,409.010009765625,401.5899963378906,404.8800048828125,403.245849609375,25512100.0,0.0,0.0
2026-03-12,MSFT,404.6300048828125,406.1199951171875,401.7099914550781,401.8599853515625,400.2380065917969,27263900.0,0.0,0.0
2026-03-13,MSFT,401.0,404.79998779296875,394.25,395.54998779296875,393.9534912109375,26848000.0,0.0,0.0
2026-03-16,MSFT,398.07000732421875,400.6300048828125,394.7900085449219,399.95001220703125,398.33575439453125,27733700.0,0.0,0.0
2026-03-17,MSFT,400.2699890136719,404.3999938964844,397.75,399.4100036621094,397.7979431152344,26228300.0,0.0,0.0
2026-03-18,MSFT,397.1300048828125,398.0,391.0,391.7900085449219,390.20867919921875,25908500.0,0.0,0.0
2026-03-19,MSFT,390.1000061035156,392.489990234375,387.05999755859375,389.0199890136719,387.4498596191406,25138800.0,0.0,0.0
2026-03-20,MSFT,386.7900085449219,387.0,380.1199951171875,381.8699951171875,380.3287048339844,50853200.0,0.0,0.0
2026-03-23,MSFT,383.8999938964844,387.2099914550781,381.67999267578125,383.0,381.4541931152344,29680100.0,0.0,0.0
2026-03-24,MSFT,382.3599853515625,382.4700012207031,371.8500061035156,372.739990234375,371.2355651855469,42733600.0,0.0,0.0
2026-03-25,MSFT,376.9200134277344,377.05999755859375,369.6300048828125,371.0400085449219,369.5424499511719,31181200.0,0.0,0.0
2026-03-26,MSFT,370.82000732421875,374.7200012207031,365.19000244140625,365.9700012207031,364.4928894042969,36836600.0,0.0,0.0
2026-03-27,MSFT,361.8999938964844,362.45001220703125,356.510009765625,356.7699890136719,355.3300476074219,37883400.0,0.0,0.0
2026-03-30,MSFT,361.8999938964844,365.3599853515625,356.2799987792969,358.9599914550781,357.5111999511719,44797000.0,0.0,0.0
2026-03-31,MSFT,364.54998779296875,372.8999938964844,363.07000732421875,370.1700134277344,368.67596435546875,45244400.0,0.0,0.0
2026-04-01,MSFT,373.489990234375,373.989990234375,368.20001220703125,369.3699951171875,367.8791809082031,29417200.0,0.0,0.0
2026-04-02,MSFT,367.2099914550781,373.6400146484375,364.1499938964844,373.4599914550781,371.9526672363281,24099100.0,0.0,0.0
2026-04-06,MSFT,373.489990234375,373.7300109863281,369.5,372.8800048828125,371.3750305175781,16146600.0,0.0,0.0
2026-04-07,MSFT,370.3399963378906,372.45001220703125,366.55999755859375,372.2900085449219,370.78741455078125,21443300.0,0.0,0.0
2026-04-08,MSFT,384.9800109863281,385.0,371.4100036621094,374.3299865722656,372.8191223144531,33064800.0,0.0,0.0
2026-04-09,MSFT,372.5,373.5,367.04998779296875,373.07000732421875,371.5642395019531,30435300.0,0.0,0.0
2026-04-10,MSFT,372.9800109863281,375.6400146484375,370.0299987792969,370.8699951171875,369.37310791015625,28111100.0,0.0,0.0
2026-04-13,MSFT,373.6099853515625,384.5400085449219,371.0199890136719,384.3699951171875,382.8186340332031,35745800.0,0.0,0.0
2026-04-14,MSFT,387.9200134277344,394.69000244140625,386.5199890136719,393.1099853515625,391.5233459472656,37504500.0,0.0,0.0
2026-04-15,MSFT,398.0,414.3699951171875,396.7300109863281,411.2200012207031,409.5602722167969,45063400.0,0.0,0.0
2026-04-16,MSFT,419.8599853515625,420.82000732421875,412.1400146484375,420.260009765625,418.56378173828125,41642400.0,0.0,0.0
2026-04-17,MSFT,424.82000732421875,431.5799865722656,420.69000244140625,422.7900085449219,421.0835876464844,48568200.0,0.0,0.0
2026-04-20,MSFT,421.1499938964844,423.3299865722656,416.29998779296875,418.07000732421875,416.38262939453125,27582200.0,0.0,0.0
2026-04-21,MSFT,420.239990234375,427.17999267578125,417.20001220703125,424.1600036621094,422.4480285644531,32048500.0,0.0,0.0
2026-04-22,MSFT,426.19000244140625,433.70001220703125,423.6700134277344,432.9200134277344,431.1726989746094,29378200.0,0.0,0.0
2026-04-23,MSFT,419.8900146484375,423.6600036621094,411.4100036621094,415.75,414.0719909667969,38308000.0,0.0,0.0
2026-04-24,MSFT,416.9700012207031,424.95001220703125,415.79998779296875,424.6199951171875,422.90618896484375,27457400.0,0.0,0.0
2026-04-27,MSFT,422.3800048828125,427.1099853515625,417.07000732421875,424.82000732421875,423.1053771972656,30867300.0,0.0,0.0
2026-04-28,MSFT,424.57000732421875,429.9200134277344,421.8999938964844,429.25,427.5174865722656,30438100.0,0.0,0.0
2026-04-29,MSFT,424.5799865722656,426.82000732421875,420.2900085449219,424.4599914550781,422.746826171875,38288300.0,0.0,0.0
2026-04-30,MSFT,410.80999755859375,414.4200134277344,398.010009765625,407.7799987792969,406.1341552734375,70909400.0,0.0,0.0
2026-05-01,MSFT,412.79998779296875,417.1099853515625,410.44000244140625,414.44000244140625,412.76727294921875,31372400.0,0.0,0.0
2026-05-04,MSFT,411.5400085449219,420.7799987792969,410.79998779296875,413.6199951171875,411.9505615234375,28066500.0,0.0,0.0
2026-05-05,MSFT,415.32000732421875,416.7799987792969,408.79998779296875,411.3800048828125,409.7196044921875,25700900.0,0.0,0.0
2026-05-06,MSFT,408.0,418.4200134277344,405.1099853515625,413.9599914550781,412.2891845703125,30285900.0,0.0,0.0
2026-05-07,MSFT,420.1099853515625,427.9800109863281,418.760009765625,420.7699890136719,419.07171630859375,34942400.0,0.0,0.0
2026-05-08,MSFT,417.3900146484375,418.6300048828125,414.0,415.1199951171875,413.44451904296875,33383800.0,0.0,0.0
2026-05-11,MSFT,407.8699951171875,412.69000244140625,405.5,412.6600036621094,410.99444580078125,35657900.0,0.0,0.0
2026-05-12,MSFT,414.4800109863281,415.5,406.6400146484375,407.7699890136719,406.1241760253906,38594200.0,0.0,0.0
2026-05-13,MSFT,403.20001220703125,406.30999755859375,401.0299987792969,405.2099914550781,403.57452392578125,29667100.0,0.0,0.0
2026-05-14,MSFT,404.4800109863281,411.8399963378906,400.8800048828125,409.42999267578125,407.7774658203125,27077500.0,0.0,0.0
2026-05-15,MSFT,414.2699890136719,428.1700134277344,412.9100036621094,421.9200134277344,420.2170715332031,50771200.0,0.0,0.0
2026-05-18,MSFT,416.6199951171875,425.1199951171875,415.6099853515625,423.5400085449219,421.83056640625,32564100.0,0.0,0.0
2026-05-19,MSFT,429.8999938964844,432.70001220703125,416.489990234375,417.4200134277344,415.7352600097656,33018700.0,0.0,0.0
2026-05-20,MSFT,414.1700134277344,422.1000061035156,411.29998779296875,421.05999755859375,419.36053466796875,27864000.0,0.0,0.0
2026-05-21,MSFT,424.75,426.3399963378906,415.7099914550781,419.0899963378906,418.3025207519531,31393500.0,0.91,0.0
2026-05-22,MSFT,419.5400085449219,424.3999938964844,416.3299865722656,418.57000732421875,417.7835388183594,22390300.0,0.0,0.0
2026-05-26,MSFT,416.42999267578125,419.7699890136719,413.0199890136719,416.0299987792969,415.248291015625,30398000.0,0.0,0.0
2026-05-27,MSFT,411.010009765625,415.94000244140625,409.5799865722656,412.6700134277344,411.8946228027344,28901500.0,0.0,0.0
2026-05-28,MSFT,412.9800109863281,429.489990234375,412.6700134277344,426.989990234375,426.18768310546875,47250500.0,0.0,0.0
2026-05-29,MSFT,432.54998779296875,450.3299865722656,432.3599853515625,450.239990234375,449.3940124511719,79654400.0,0.0,0.0
2026-06-01,MSFT,464.8399963378906,466.32000732421875,458.2699890136719,460.5199890136719,459.6546936035156,53628900.0,0.0,0.0
2026-06-02,MSFT,446.8800048828125,453.5,440.42999267578125,441.30999755859375,440.48077392578125,37036800.0,0.0,0.0
2026-06-03,MSFT,438.45001220703125,440.3900146484375,424.25,427.3399963378906,426.53704833984375,39037000.0,0.0,0.0
2026-06-04,MSFT,435.80999755859375,436.1499938964844,426.4100036621094,428.04998779296875,427.2456970214844,26899500.0,0.0,0.0
2026-06-05,MSFT,428.3399963378906,429.4700012207031,414.3999938964844,416.6700134277344,415.8870849609375,34782200.0,0.0,0.0
2026-06-08,MSFT,414.1400146484375,417.1600036621094,408.55999755859375,411.739990234375,410.9663391113281,32086700.0,0.0,0.0
2026-06-09,MSFT,409.0299987792969,411.9800109863281,398.4800109863281,403.4100036621094,402.6520080566406,35317300.0,0.0,0.0
2026-06-10,MSFT,398.54998779296875,405.0400085449219,397.1600036621094,397.3599853515625,396.61334228515625,32576000.0,0.0,0.0
2026-06-11,MSFT,395.2099914550781,396.8500061035156,384.0,390.3399963378906,389.6065673828125,47224100.0,0.0,0.0
2026-06-12,MSFT,391.42999267578125,391.739990234375,382.2699890136719,390.739990234375,390.00579833984375,34865800.0,0.0,0.0
2026-06-15,MSFT,396.79998779296875,401.75,392.8500061035156,399.760009765625,399.0088806152344,32266400.0,0.0,0.0
2026-06-16,MSFT,395.7900085449219,396.8399963378906,390.69000244140625,393.8299865722656,393.0899963378906,31506800.0,0.0,0.0
2026-06-17,MSFT,390.25,390.3699951171875,377.32000732421875,378.9100036621094,378.1980285644531,41987800.0,0.0,0.0
2026-06-18,MSFT,377.82000732421875,381.3699951171875,373.2799987792969,379.3999938964844,378.6871032714844,59714200.0,0.0,0.0
2026-06-22,MSFT,375.739990234375,381.6300048828125,367.07000732421875,367.3399963378906,366.6497802734375,45171100.0,0.0,0.0
2026-06-23,MSFT,372.3800048828125,377.2200012207031,370.6700134277344,373.94000244140625,373.23736572265625,40647600.0,0.0,0.0
2026-06-24,MSFT,371.57000732421875,378.8800048828125,364.7799987792969,365.4599914550781,364.7733154296875,44509900.0,0.0,0.0
2026-06-25,MSFT,362.7699890136719,364.2300109863281,349.20001220703125,352.8299865722656,352.1670227050781,66179000.0,0.0,0.0
2026-06-26,MSFT,357.1499938964844,376.6099853515625,355.42999267578125,372.9700012207031,372.2691955566406,186201600.0,0.0,0.0
2026-06-29,MSFT,377.5,380.5,359.8999938964844,368.57000732421875,367.8774719238281,51229900.0,0.0,0.0
2026-06-30,MSFT,371.0299987792969,374.1499938964844,367.45001220703125,373.0199890136719,372.319091796875,44945700.0,0.0,0.0
2026-07-01,MSFT,380.8299865722656,388.8299865722656,374.8900146484375,384.2799987792969,383.5579528808594,48065800.0,0.0,0.0
2026-07-02,MSFT,384.4800109863281,392.20001220703125,383.70001220703125,390.489990234375,389.7562561035156,42128900.0,0.0,0.0
2026-07-06,MSFT,387.0400085449219,389.1499938964844,381.2200012207031,386.739990234375,386.0133056640625,34224500.0,0.0,0.0
2026-07-07,MSFT,392.489990234375,395.57000732421875,388.2200012207031,388.8399963378906,388.109375,29297500.0,0.0,0.0
2026-07-08,MSFT,384.0299987792969,385.30999755859375,381.3299865722656,383.3399963378906,382.6197204589844,25908300.0,0.0,0.0
2026-07-09,MSFT,374.45001220703125,384.6499938964844,373.3500061035156,384.3599853515625,383.6377868652344,31083200.0,0.0,0.0
2026-07-10,MSFT,387.79998779296875,391.9100036621094,381.5,385.1000061035156,384.37640380859375,24644600.0,0.0,0.0
2026-07-13,MSFT,387.75,393.6499938964844,384.1499938964844,390.989990234375,390.2553405761719,28914900.0,0.0,0.0
2026-07-14,MSFT,382.82000732421875,388.19000244140625,378.6499938964844,384.92999267578125,384.20672607421875,27863900.0,0.0,0.0
2026-07-15,MSFT,387.79998779296875,398.9599914550781,386.3999938964844,395.6300048828125,394.8866271972656,36253700.0,0.0,0.0
2026-07-16,MSFT,398.30999755859375,405.989990234375,392.04998779296875,401.1000061035156,400.3463439941406,37047400.0,0.0,0.0
2026-07-17,MSFT,394.8599853515625,398.3900146484375,389.3900146484375,393.82000732421875,393.08001708984375,33049800.0,0.0,0.0
2026-07-20,MSFT,391.4100036621094,403.17999267578125,389.6499938964844,402.2900085449219,401.53411865234375,27915800.0,0.0,0.0
2026-07-21,MSFT,398.80999755859375,401.4700012207031,396.32000732421875,397.75,397.00262451171875,24126600.0,0.0,0.0
2026-07-22,MSFT,399.5799865722656,401.0,386.9599914550781,390.3399963378906,389.6065673828125,28142500.0,0.0,0.0
2026-07-23,MSFT,389.9700012207031,391.7799987792969,377.3900146484375,381.5799865722656,380.8630065917969,30351800.0,0.0,0.0
2026-07-24,MSFT,387.04998779296875,389.0299987792969,380.6499938964844,381.70001220703125,380.9828186035156,27659400.0,0.0,0.0
2026-07-27,MSFT,390.0799865722656,394.20001220703125,387.989990234375,389.1000061035156,388.368896484375,27856200.0,0.0,0.0
2026-07-28,MSFT,393.1600036621094,400.32000732421875,391.29998779296875,393.3500061035156,392.61090087890625,32367500.0,0.0,0.0
2026-07-29,MSFT,393.3999938964844,401.25,388.739990234375,390.5400085449219,389.8061828613281,47209000.0,0.0,0.0
2026-07-30,MSFT,437.8999938964844,458.69000244140625,432.44000244140625,451.1000061035156,450.2524108886719,110160700.0,0.0,0.0
2026-07-31,MSFT,450.0,466.8399963378906,449.3299865722656,464.7200012207031,463.8468017578125,60846000.0,0.0,0.0
2026-08-03,MSFT,476.1300048828125,491.6499938964844,475.0,487.6499938964844,486.73370361328125,66762100.0,0.0,0.0
2026-08-04,MSFT,480.8999938964844,499.44000244140625,479.1700134277344,492.80999755859375,491.884033203125,50455500.0,0.0,0.0
2026-08-05,MSFT,496.3599853515625,498.239990234375,485.67999267578125,487.4599914550781,486.5440673828125,33388900.0,0.0,0.0
2026-08-06,MSFT,488.54998779296875,501.55999755859375,488.5199890136719,499.8599853515625,498.9207458496094,36441500.0,0.0,0.0
2026-08-07,MSFT,499.2099914550781,505.17999267578125,498.7300109863281,499.989990234375,499.0505065917969,28846200.0,0.0,0.0
2026-08-10,MSFT,503.44000244140625,513.72998046875,502.2699890136719,506.05999755859375,505.109130859375,31206100.0,0.0,0.0
2026-08-11,MSFT,504.3299865722656,505.3299865722656,499.54998779296875,503.80999755859375,502.86334228515625,23049800.0,0.0,0.0
2026-08-12,MSFT,499.989990234375,501.5,491.5199890136719,492.42999267578125,491.5047302246094,29001500.0,0.0,0.0
2026-08-13,MSFT,493.2699890136719,501.3399963378906,493.010009765625,496.8800048828125,495.9463806152344,23039000.0,0.0,0.0
2026-08-14,MSFT,496.3599853515625,500.010009765625,493.9200134277344,495.3999938964844,494.4691467285156,16217600.0,0.0,0.0
2026-08-17,MSFT,490.1400146484375,492.6600036621094,478.4100036621094,480.3500061035156,479.44744873046875,29635800.0,0.0,0.0
2026-08-18,MSFT,481.5400085449219,484.2699890136719,477.1499938964844,481.6300048828125,480.72503662109375,24087600.0,0.0,0.0
2026-08-19,MSFT,480.07000732421875,489.29998779296875,479.3599853515625,484.30999755859375,483.3999938964844,19961900.0,0.0,0.0
2026-08-20,MSFT,483.29998779296875,484.1600036621094,479.5,481.1499938964844,481.1499938964844,20020800.0,0.91,0.0
2026-08-21,MSFT,479.8800048828125,486.3599853515625,478.5299987792969,483.239990234375,483.239990234375,22510800.0,0.0,0.0
2026-08-24,MSFT,483.2099914550781,490.6099853515625,481.8599853515625,487.30999755859375,487.30999755859375,17230800.0,0.0,0.0
2026-08-25,MSFT,485.44000244140625,492.44000244140625,484.29998779296875,491.7099914550781,491.7099914550781,19519000.0,0.0,0.0
2026-08-26,MSFT,487.8500061035156,497.3999938964844,487.30999755859375,496.3699951171875,496.3699951171875,20758900.0,0.0,0.0
2026-08-27,MSFT,494.8800048828125,506.4800109863281,490.0799865722656,505.05999755859375,505.05999755859375,28688800.0,0.0,0.0
2026-08-28,MSFT,505.3299865722656,517.780029296875,504.8699951171875,513.530029296875,513.530029296875,29207300.0,0.0,0.0
2026-08-31,MSFT,510.3800048828125,512.1900024414062,506.3900146484375,507.2900085449219,507.2900085449219,27208900.0,0.0,0.0
2026-09-01,MSFT,497.5199890136719,505.9700012207031,496.7799987792969,501.0199890136719,501.0199890136719,21046900.0,0.0,0.0
2026-09-02,MSFT,499.8500061035156,500.2699890136719,493.80999755859375,496.82000732421875,496.82000732421875,15336100.0,0.0,0.0
2026-09-03,MSFT,501.6600036621094,515.6500244140625,500.79998779296875,510.1199951171875,510.1199951171875,24125900.0,0.0,0.0
2026-09-04,MSFT,510.0,511.0,499.3599853515625,499.70001220703125,499.70001220703125,18101800.0,0.0,0.0
2026-09-08,MSFT,493.010009765625,495.19000244140625,490.1499938964844,493.95001220703125,493.95001220703125,18882300.0,0.0,0.0
2026-09-09,MSFT,493.07000732421875,494.3900146484375,489.79998779296875,491.6499938964844,491.6499938964844,12889600.0,0.0,0.0
2026-09-10,MSFT,488.32000732421875,494.5199890136719,486.0,492.44000244140625,492.44000244140625,16038800.0,0.0,0.0
2026-09-11,MSFT,495.6499938964844,498.9700012207031,492.5799865722656,495.6300048828125,495.6300048828125,14510500.0,0.0,0.0
2026-09-14,MSFT,497.05999755859375,509.95001220703125,495.3399963378906,505.4100036621094,505.4100036621094,23091900.0,0.0,0.0
2026-09-15,MSFT,500.05999755859375,505.8999938964844,495.5400085449219,497.1199951171875,497.1199951171875,17794600.0,0.0,0.0
2026-09-16,MSFT,493.0299987792969,495.9700012207031,487.2300109863281,490.29998779296875,490.29998779296875,16670300.0,0.0,0.0
2026-09-17,MSFT,497.79998779296875,501.4700012207031,493.1700134277344,497.75,497.75,17841600.0,0.0,0.0
2026-09-18,MSFT,497.9700012207031,498.6499938964844,491.1000061035156,493.7799987792969,493.7799987792969,39622300.0,0.0,0.0
2026-09-21,MSFT,494.95001220703125,501.8699951171875,491.3299865722656,501.6099853515625,501.6099853515625,27959900.0,0.0,0.0
2026-09-22,MSFT,507.32000732421875,508.5,493.6499938964844,498.0,498.0,21652800.0,0.0,0.0
2026-09-23,MSFT,500.760009765625,509.44000244140625,495.8800048828125,500.5899963378906,500.5899963378906,19445600.0,0.0,0.0
2026-09-24,MSFT,495.07000732421875,498.8999938964844,491.2200012207031,497.92999267578125,497.92999267578125,16657600.0,0.0,0.0
2026-09-25,MSFT,499.0400085449219,519.4000244140625,497.25,516.1699829101562,516.1699829101562,38193100.0,0.0,0.0
2026-09-28,MSFT,505.4700012207031,513.3300170898438,502.2200012207031,509.2200012207031,509.2200012207031,19626900.0,0.0,0.0
2026-09-29,MSFT,508.30999755859375,513.6400146484375,502.3999938964844,508.9599914550781,508.9599914550781,21341800.0,0.0,0.0
2026-09-30,MSFT,511.6099853515625,519.8300170898438,510.30999755859375,512.9000244140625,512.9000244140625,27223300.0,0.0,0.0
2026-10-01,MSFT,519.8800048828125,522.8499755859375,512.1699829101562,512.7999877929688,512.7999877929688,19731900.0,0.0,0.0
2026-10-02,MSFT,519.094970703125,522.5,513.6599731445312,,,17179496.0,0.0,0.0
